Waf: Entering directory `/home/ohsj3781/workspace/NetworkProject/ns-allinone-3.29/ns-3.29/build'
Waf: Leaving directory `/home/ohsj3781/workspace/NetworkProject/ns-allinone-3.29/ns-3.29/build'
Build commands will be stored in build/compile_commands.json
'build' finished successfully (4.098s)
Packet Send:	0	1
Packet Send:	1	1.0001
Packet Send:	2	1.0002
Packet Send:	3	1.0003
Packet Send:	4	1.0004
Packet Send:	5	1.0005
Packet Send:	6	1.0006
Packet Send:	7	1.0007
Packet Send:	8	1.0008
Packet Send:	9	1.0009
Packet Loss:	0	1.02846
Packet Retrans:	0	1.0285
Packet Loss:	2	1.04031
Packet Loss:	3	1.04031
Packet Loss:	4	1.04031
Packet Loss:	5	1.04031
Packet Loss:	6	1.04031
Packet Loss:	7	1.04031
Packet Retrans:	2	1.0404
Packet Retrans:	3	1.0405
Packet Retrans:	4	1.0406
Packet Retrans:	5	1.0407
Packet Retrans:	6	1.0408
Packet Retrans:	7	1.0409
Receive Retrans Packet:	7	1.07563
Timeout:	9	1.0809
Packet Loss:	9	1.0809
Packet Retrans:	9	1.081
Timeout:	0	1.1085
Packet Loss:	0	1.1085
Packet Send:	10	1.1087
Packet Send:	11	1.1088
Timeout:	2	1.1204
Packet Loss:	2	1.1204
Timeout:	3	1.1205
Packet Loss:	3	1.1205
Timeout:	4	1.1206
Packet Loss:	4	1.1206
Timeout:	5	1.1207
Packet Loss:	5	1.1207
Timeout:	6	1.1208
Packet Loss:	6	1.1208
Packet Send:	12	1.121
Packet Send:	13	1.1211
Packet Send:	14	1.1212
Packet Send:	15	1.1213
Packet Send:	16	1.1214
Packet Send:	17	1.1215
Packet Send:	18	1.1216
Packet Loss:	10	1.14946
Packet Loss:	11	1.14946
Packet Loss:	12	1.14946
Packet Retrans:	10	1.1495
Packet Retrans:	11	1.1496
Packet Retrans:	12	1.1497
Packet Loss:	14	1.15454
Packet Loss:	15	1.15454
Packet Retrans:	14	1.1546
Packet Retrans:	15	1.1547
Timeout:	9	1.161
Packet Loss:	9	1.161
Packet Send:	19	1.1612
Receive Retrans Packet:	10	1.17627
Packet Send:	20	1.1763
Receive Retrans Packet:	12	1.17966
Timeout:	11	1.2296
Packet Loss:	11	1.2296
Packet Send:	21	1.2298
Packet Send:	22	1.2299
Packet Send:	23	1.23
Timeout:	14	1.2346
Packet Loss:	14	1.2346
Timeout:	15	1.2347
Packet Loss:	15	1.2347
Packet Send:	24	1.2349
Packet Send:	25	1.235
Packet Send:	26	1.2351
Packet Send:	27	1.2352
Packet Send:	28	1.2353
Packet Send:	29	1.2354
Timeout:	20	1.2563
Packet Loss:	20	1.2563
Packet Retrans:	20	1.2564
Packet Loss:	21	1.25995
Packet Loss:	22	1.25995
Packet Retrans:	21	1.26
Packet Retrans:	22	1.2601
Packet Loss:	25	1.26675
Packet Loss:	26	1.26675
Packet Retrans:	25	1.2668
Packet Retrans:	26	1.2669
Timeout:	28	1.3153
Packet Loss:	28	1.3153
Packet Retrans:	28	1.3154
Timeout:	29	1.3154
Packet Loss:	29	1.3154
Packet Retrans:	29	1.3155
Timeout:	20	1.3364
Packet Loss:	20	1.3364
Packet Send:	30	1.3366
Timeout:	21	1.34
Packet Loss:	21	1.34
Timeout:	22	1.3401
Packet Loss:	22	1.3401
Packet Send:	31	1.3403
Packet Send:	32	1.3404
Packet Send:	33	1.3405
Packet Send:	34	1.3406
Timeout:	25	1.3468
Packet Loss:	25	1.3468
Timeout:	26	1.3469
Packet Loss:	26	1.3469
Packet Send:	35	1.3471
Packet Send:	36	1.3472
Packet Send:	37	1.3473
Packet Loss:	30	1.37387
Packet Loss:	31	1.37387
Packet Loss:	32	1.37387
Packet Loss:	33	1.37387
Packet Loss:	34	1.37387
Packet Retrans:	30	1.3739
Packet Retrans:	31	1.374
Packet Retrans:	32	1.3741
Packet Retrans:	33	1.3742
Packet Retrans:	34	1.3743
Timeout:	28	1.3954
Packet Loss:	28	1.3954
Timeout:	29	1.3955
Packet Loss:	29	1.3955
Packet Send:	38	1.3957
Packet Send:	39	1.3958
Receive Retrans Packet:	31	1.40236
Receive Retrans Packet:	32	1.40405
Receive Retrans Packet:	33	1.40575
Packet Loss:	36	1.42247
Packet Loss:	37	1.42247
Packet Retrans:	36	1.4225
Packet Retrans:	37	1.4226
Timeout:	30	1.4539
Packet Loss:	30	1.4539
Packet Send:	40	1.4541
Packet Send:	41	1.4542
Packet Send:	42	1.4543
Timeout:	34	1.4543
Packet Loss:	34	1.4543
Packet Send:	43	1.4545
Packet Send:	44	1.4546
Packet Send:	45	1.4547
Timeout:	39	1.4758
Packet Loss:	39	1.4758
Packet Retrans:	39	1.4759
Packet Loss:	42	1.48764
Packet Loss:	43	1.48764
Packet Retrans:	42	1.4877
Packet Retrans:	43	1.4878
Timeout:	36	1.5025
Packet Loss:	36	1.5025
Timeout:	37	1.5026
Packet Loss:	37	1.5026
Packet Send:	46	1.50279
Packet Send:	47	1.50289
Packet Send:	48	1.50299
Receive Retrans Packet:	43	1.51616
Timeout:	39	1.5559
Packet Loss:	39	1.5559
Packet Send:	49	1.55609
Packet Send:	50	1.55619
Packet Send:	51	1.55629
Timeout:	42	1.5677
Packet Loss:	42	1.5677
Packet Send:	52	1.56789
Packet Send:	53	1.56799
Packet Send:	54	1.56809
Packet Send:	55	1.56819
Packet Send:	56	1.56829
Timeout:	47	1.58289
Packet Loss:	47	1.58289
Packet Retrans:	47	1.58299
Timeout:	48	1.58299
Packet Loss:	48	1.58299
Packet Retrans:	48	1.58309
Packet Loss:	49	1.58456
Packet Retrans:	49	1.58459
Packet Loss:	54	1.59974
Packet Retrans:	54	1.59979
Receive Retrans Packet:	48	1.61146
Receive Retrans Packet:	54	1.62657
Timeout:	56	1.64829
Packet Loss:	56	1.64829
Packet Retrans:	56	1.64839
Timeout:	47	1.66299
Packet Loss:	47	1.66299
Packet Send:	57	1.66319
Packet Send:	58	1.66329
Timeout:	49	1.66459
Packet Loss:	49	1.66459
Packet Send:	59	1.66479
Packet Send:	60	1.66489
Packet Send:	61	1.66499
Packet Send:	62	1.66509
Packet Send:	63	1.66519
Packet Send:	64	1.66529
Packet Send:	65	1.66539
Timeout:	56	1.72839
Packet Loss:	56	1.72839
Packet Send:	66	1.72859
Timeout:	57	1.74319
Packet Loss:	57	1.74319
Packet Retrans:	57	1.74329
Timeout:	58	1.74329
Packet Loss:	58	1.74329
Packet Retrans:	58	1.74339
Timeout:	59	1.74479
Packet Loss:	59	1.74479
Packet Retrans:	59	1.74489
Timeout:	60	1.74489
Packet Loss:	60	1.74489
Packet Retrans:	60	1.74499
Timeout:	61	1.74499
Packet Loss:	61	1.74499
Packet Retrans:	61	1.74509
Timeout:	62	1.74509
Packet Loss:	62	1.74509
Packet Retrans:	62	1.74519
Timeout:	63	1.74519
Packet Loss:	63	1.74519
Packet Retrans:	63	1.74529
Timeout:	64	1.74529
Packet Loss:	64	1.74529
Packet Retrans:	64	1.74539
Timeout:	65	1.74539
Packet Loss:	65	1.74539
Packet Retrans:	65	1.74549
Timeout:	66	1.80859
Packet Loss:	66	1.80859
Packet Retrans:	66	1.80869
Timeout:	57	1.82329
Packet Loss:	57	1.82329
Packet Send:	67	1.82349
Packet Send:	68	1.82359
Timeout:	59	1.82489
Packet Loss:	59	1.82489
Timeout:	60	1.82499
Packet Loss:	60	1.82499
Packet Send:	69	1.82519
Timeout:	62	1.82519
Packet Loss:	62	1.82519
Timeout:	63	1.82529
Packet Loss:	63	1.82529
Timeout:	64	1.82539
Packet Loss:	64	1.82539
Packet Send:	70	1.82559
Packet Send:	71	1.82569
Packet Send:	72	1.82579
Packet Send:	73	1.82589
Packet Send:	74	1.82599
Packet Send:	75	1.82609
Packet Send:	76	1.83549
Packet Send:	77	1.85029
Packet Loss:	68	1.85703
Packet Loss:	69	1.85703
Packet Loss:	70	1.85703
Packet Retrans:	68	1.85709
Packet Retrans:	69	1.85719
Packet Retrans:	70	1.85729
Packet Loss:	72	1.87706
Packet Loss:	73	1.87706
Packet Loss:	74	1.87706
Packet Loss:	75	1.87706
Packet Loss:	76	1.87706
Packet Retrans:	72	1.87709
Packet Retrans:	73	1.87719
Packet Retrans:	74	1.87729
Packet Retrans:	75	1.87739
Packet Retrans:	76	1.87749
Receive Retrans Packet:	75	1.90894
Receive Retrans Packet:	76	1.91063
Timeout:	68	1.93709
Packet Loss:	68	1.93709
Timeout:	69	1.93719
Packet Loss:	69	1.93719
Timeout:	70	1.93729
Packet Loss:	70	1.93729
Packet Send:	78	1.93749
Packet Send:	79	1.93759
Packet Send:	80	1.93769
Packet Send:	81	1.93779
Timeout:	72	1.95709
Packet Loss:	72	1.95709
Timeout:	73	1.95719
Packet Loss:	73	1.95719
Timeout:	74	1.95729
Packet Loss:	74	1.95729
Packet Send:	82	1.95749
Packet Send:	83	1.95759
Packet Send:	84	1.95769
Packet Send:	85	1.95779
Packet Send:	86	1.95789
Packet Send:	87	1.95799
Packet Loss:	78	1.98934
Packet Loss:	79	1.98934
Packet Loss:	80	1.98934
Packet Loss:	81	1.98934
Packet Loss:	82	1.98934
Packet Loss:	83	1.98934
Packet Loss:	84	1.98934
Packet Retrans:	78	1.98939
Packet Retrans:	79	1.98949
Packet Retrans:	80	1.98959
Packet Retrans:	81	1.98969
Packet Retrans:	82	1.98979
Packet Retrans:	83	1.98989
Packet Retrans:	84	1.98999
Receive Retrans Packet:	82	2.02293
Receive Retrans Packet:	84	2.02632
Timeout:	86	2.03789
Packet Loss:	86	2.03789
Packet Retrans:	86	2.03799
Timeout:	87	2.03799
Packet Loss:	87	2.03799
Packet Retrans:	87	2.03809
Timeout:	78	2.06939
Packet Loss:	78	2.06939
Timeout:	79	2.06949
Packet Loss:	79	2.06949
Timeout:	80	2.06959
Packet Loss:	80	2.06959
Timeout:	81	2.06969
Packet Loss:	81	2.06969
Packet Send:	88	2.06989
Timeout:	83	2.06989
Packet Loss:	83	2.06989
Packet Send:	89	2.07009
Packet Send:	90	2.07019
Packet Send:	91	2.07029
Packet Send:	92	2.07039
Packet Send:	93	2.07049
Packet Send:	94	2.07059
Packet Send:	95	2.07069
Packet Loss:	88	2.09835
Packet Retrans:	88	2.09839
Packet Loss:	90	2.10174
Packet Retrans:	90	2.10179
Timeout:	86	2.11799
Packet Loss:	86	2.11799
Timeout:	87	2.11809
Packet Loss:	87	2.11809
Packet Send:	96	2.11829
Packet Send:	97	2.11839
Receive Retrans Packet:	90	2.12856
Timeout:	93	2.15049
Packet Loss:	93	2.15049
Packet Retrans:	93	2.15059
Timeout:	94	2.15059
Packet Loss:	94	2.15059
Packet Retrans:	94	2.15069
Timeout:	95	2.15069
Packet Loss:	95	2.15069
Packet Retrans:	95	2.15079
Timeout:	88	2.17839
Packet Loss:	88	2.17839
Packet Send:	98	2.17859
Packet Send:	99	2.17869
Packet Send:	100	2.17879
Packet Send:	101	2.17889
Packet Send:	102	2.17899
Timeout:	96	2.19829
Packet Loss:	96	2.19829
Packet Retrans:	96	2.19839
Timeout:	97	2.19839
Packet Loss:	97	2.19839
Packet Retrans:	97	2.19849
Receive Retrans Packet:	96	2.22516
Receive Retrans Packet:	97	2.22685
Timeout:	93	2.23059
Packet Loss:	93	2.23059
Packet Send:	103	2.23079
Packet Send:	104	2.23089
Packet Send:	105	2.23099
Packet Send:	106	2.23109
Packet Send:	107	2.23119
Packet Send:	108	2.23129
Timeout:	99	2.25869
Packet Loss:	99	2.25869
Packet Retrans:	99	2.25879
Timeout:	100	2.25879
Packet Loss:	100	2.25879
Packet Retrans:	100	2.25889
Timeout:	101	2.25889
Packet Loss:	101	2.25889
Packet Retrans:	101	2.25899
Timeout:	102	2.25899
Packet Loss:	102	2.25899
Packet Retrans:	102	2.25909
Packet Loss:	103	2.25925
Packet Retrans:	103	2.25929
Receive Retrans Packet:	99	2.28556
Packet Send:	109	2.28559
Receive Retrans Packet:	100	2.28725
Packet Send:	110	2.28729
Receive Retrans Packet:	101	2.28894
Packet Send:	111	2.28899
Receive Retrans Packet:	102	2.29064
Packet Send:	112	2.29069
Timeout:	105	2.31099
Packet Loss:	105	2.31099
Packet Retrans:	105	2.31109
Timeout:	106	2.31109
Packet Loss:	106	2.31109
Packet Retrans:	106	2.31119
Timeout:	107	2.31119
Packet Loss:	107	2.31119
Packet Retrans:	107	2.31129
Timeout:	108	2.31129
Packet Loss:	108	2.31129
Packet Retrans:	108	2.31139
Packet Loss:	109	2.31406
Packet Retrans:	109	2.31409
Receive Retrans Packet:	105	2.33786
Timeout:	103	2.33929
Packet Loss:	103	2.33929
Packet Send:	113	2.33949
Receive Retrans Packet:	106	2.33955
Packet Send:	114	2.33959
Packet Send:	115	2.33969
Packet Send:	116	2.33979
Packet Loss:	111	2.36795
Packet Loss:	112	2.36795
Packet Loss:	113	2.36795
Packet Retrans:	111	2.36799
Packet Retrans:	112	2.36809
Packet Retrans:	113	2.36819
Timeout:	107	2.39129
Packet Loss:	107	2.39129
Timeout:	108	2.39139
Packet Loss:	108	2.39139
Packet Send:	117	2.39159
Packet Send:	118	2.39169
Timeout:	109	2.39409
Packet Loss:	109	2.39409
Packet Send:	119	2.39429
Packet Send:	120	2.39439
Receive Retrans Packet:	111	2.39476
Packet Send:	121	2.39479
Receive Retrans Packet:	113	2.39814
Timeout:	115	2.41969
Packet Loss:	115	2.41969
Packet Retrans:	115	2.41979
Timeout:	116	2.41979
Packet Loss:	116	2.41979
Packet Retrans:	116	2.41989
Packet Loss:	117	2.42174
Packet Loss:	118	2.42174
Packet Retrans:	117	2.42179
Packet Retrans:	118	2.42189
Timeout:	112	2.44809
Packet Loss:	112	2.44809
Packet Send:	122	2.44829
Packet Send:	123	2.44839
Packet Send:	124	2.44849
Receive Retrans Packet:	118	2.45164
Timeout:	121	2.47479
Packet Loss:	121	2.47479
Packet Retrans:	121	2.47489
Timeout:	115	2.49979
Packet Loss:	115	2.49979
Timeout:	116	2.49989
Packet Loss:	116	2.49989
Packet Send:	125	2.50008
Packet Send:	126	2.50018
Timeout:	117	2.50179
Packet Loss:	117	2.50179
Packet Send:	127	2.50198
Packet Send:	128	2.50208
Packet Send:	129	2.50218
Packet Send:	130	2.50228
Packet Loss:	122	2.52686
Packet Loss:	123	2.52686
Packet Loss:	124	2.52686
Packet Retrans:	122	2.52688
Packet Retrans:	123	2.52698
Packet Retrans:	124	2.52708
Timeout:	121	2.55489
Packet Loss:	121	2.55489
Packet Send:	131	2.55508
Receive Retrans Packet:	124	2.55704
Timeout:	126	2.58018
Packet Loss:	126	2.58018
Packet Retrans:	126	2.58028
Timeout:	127	2.58198
Packet Loss:	127	2.58198
Packet Retrans:	127	2.58208
Timeout:	128	2.58208
Packet Loss:	128	2.58208
Packet Retrans:	128	2.58218
Timeout:	129	2.58218
Packet Loss:	129	2.58218
Packet Retrans:	129	2.58228
Timeout:	130	2.58228
Packet Loss:	130	2.58228
Packet Retrans:	130	2.58238
Timeout:	122	2.60688
Packet Loss:	122	2.60688
Timeout:	123	2.60698
Packet Loss:	123	2.60698
Packet Send:	132	2.60718
Packet Send:	133	2.60728
Packet Send:	134	2.60738
Packet Send:	135	2.60748
Packet Send:	136	2.60758
Timeout:	131	2.63508
Packet Loss:	131	2.63508
Packet Retrans:	131	2.63518
Packet Loss:	132	2.63565
Packet Retrans:	132	2.63568
Receive Retrans Packet:	131	2.66195
Timeout:	127	2.66208
Packet Loss:	127	2.66208
Timeout:	128	2.66218
Packet Loss:	128	2.66218
Timeout:	129	2.66228
Packet Loss:	129	2.66228
Timeout:	130	2.66238
Packet Loss:	130	2.66238
Packet Send:	137	2.66258
Packet Send:	138	2.66268
Packet Send:	139	2.66278
Packet Send:	140	2.66288
Packet Send:	141	2.66298
Timeout:	136	2.68758
Packet Loss:	136	2.68758
Packet Retrans:	136	2.68768
Packet Loss:	137	2.69105
Packet Retrans:	137	2.69108
Timeout:	132	2.71568
Packet Loss:	132	2.71568
Packet Send:	142	2.71588
Packet Send:	143	2.71598
Packet Send:	144	2.71608
Packet Send:	145	2.71618
Timeout:	139	2.74278
Packet Loss:	139	2.74278
Packet Retrans:	139	2.74288
Timeout:	140	2.74288
Packet Loss:	140	2.74288
Packet Retrans:	140	2.74298
Timeout:	141	2.74298
Packet Loss:	141	2.74298
Packet Retrans:	141	2.74308
Packet Loss:	142	2.74773
Packet Loss:	143	2.74773
Packet Loss:	144	2.74773
Packet Retrans:	142	2.74778
Packet Retrans:	143	2.74788
Packet Retrans:	144	2.74798
Timeout:	136	2.76768
Packet Loss:	136	2.76768
Packet Send:	146	2.76788
Receive Retrans Packet:	139	2.76965
Timeout:	137	2.77108
Packet Loss:	137	2.77108
Packet Send:	147	2.77128
Packet Send:	148	2.77138
Packet Send:	149	2.77148
Receive Retrans Packet:	142	2.77473
Receive Retrans Packet:	143	2.77642
Receive Retrans Packet:	144	2.77812
Packet Loss:	146	2.79805
Packet Retrans:	146	2.79808
Timeout:	140	2.82298
Packet Loss:	140	2.82298
Timeout:	141	2.82308
Packet Loss:	141	2.82308
Packet Send:	150	2.82328
Packet Send:	151	2.82338
Packet Send:	152	2.82348
Packet Send:	153	2.82358
Packet Send:	154	2.82368
Packet Send:	155	2.82378
Packet Loss:	150	2.85175
Packet Retrans:	150	2.85178
Timeout:	146	2.87808
Packet Loss:	146	2.87808
Packet Send:	156	2.87828
Packet Send:	157	2.87838
Packet Send:	158	2.87848
Packet Send:	159	2.87858
Timeout:	152	2.90348
Packet Loss:	152	2.90348
Packet Retrans:	152	2.90358
Timeout:	153	2.90358
Packet Loss:	153	2.90358
Packet Retrans:	153	2.90368
Timeout:	154	2.90368
Packet Loss:	154	2.90368
Packet Retrans:	154	2.90378
Timeout:	155	2.90378
Packet Loss:	155	2.90378
Packet Retrans:	155	2.90388
Packet Loss:	156	2.90675
Packet Retrans:	156	2.90678
Packet Loss:	158	2.91013
Packet Retrans:	158	2.91018
Timeout:	150	2.93178
Packet Loss:	150	2.93178
Packet Send:	160	2.93198
Packet Send:	161	2.93208
Receive Retrans Packet:	155	2.93543
Receive Retrans Packet:	156	2.93712
Timeout:	152	2.98358
Packet Loss:	152	2.98358
Timeout:	153	2.98368
Packet Loss:	153	2.98368
Timeout:	154	2.98378
Packet Loss:	154	2.98378
Packet Send:	162	2.98398
Packet Send:	163	2.98408
Packet Send:	164	2.98418
Packet Send:	165	2.98428
Packet Send:	166	2.98438
Packet Send:	167	2.98448
Timeout:	158	2.99018
Packet Loss:	158	2.99018
Packet Send:	168	2.99038
Packet Send:	169	2.99048
Timeout:	160	3.01198
Packet Loss:	160	3.01198
Packet Retrans:	160	3.01208
Timeout:	161	3.01208
Packet Loss:	161	3.01208
Packet Retrans:	161	3.01218
Packet Loss:	162	3.01414
Packet Loss:	163	3.01414
Packet Retrans:	162	3.01418
Packet Retrans:	163	3.01428
Packet Loss:	165	3.0226
Packet Loss:	166	3.0226
Packet Loss:	167	3.0226
Packet Loss:	168	3.0226
Packet Retrans:	165	3.02268
Packet Retrans:	166	3.02278
Packet Retrans:	167	3.02288
Packet Retrans:	168	3.02298
Receive Retrans Packet:	168	3.05453
Timeout:	160	3.09208
Packet Loss:	160	3.09208
Timeout:	161	3.09218
Packet Loss:	161	3.09218
Packet Send:	170	3.09238
Packet Send:	171	3.09248
Timeout:	162	3.09418
Packet Loss:	162	3.09418
Timeout:	163	3.09428
Packet Loss:	163	3.09428
Packet Send:	172	3.09448
Packet Send:	173	3.09458
Packet Send:	174	3.09468
Timeout:	165	3.10268
Packet Loss:	165	3.10268
Timeout:	166	3.10278
Packet Loss:	166	3.10278
Timeout:	167	3.10288
Packet Loss:	167	3.10288
Packet Send:	175	3.10308
Packet Send:	176	3.10318
Packet Send:	177	3.10328
Packet Send:	178	3.10338
Packet Send:	179	3.10348
Packet Loss:	170	3.12084
Packet Retrans:	170	3.12088
Packet Loss:	173	3.12592
Packet Retrans:	173	3.12598
Packet Loss:	176	3.13324
Packet Retrans:	176	3.13328
Timeout:	178	3.18338
Packet Loss:	178	3.18338
Packet Retrans:	178	3.18348
Timeout:	179	3.18348
Packet Loss:	179	3.18348
Packet Retrans:	179	3.18358
Timeout:	170	3.20088
Packet Loss:	170	3.20088
Packet Send:	180	3.20108
Packet Send:	181	3.20118
Packet Send:	182	3.20128
Timeout:	173	3.20598
Packet Loss:	173	3.20598
Packet Send:	183	3.20618
Packet Send:	184	3.20628
Packet Send:	185	3.20638
Timeout:	176	3.21328
Packet Loss:	176	3.21328
Packet Send:	186	3.21348
Packet Send:	187	3.21358
Timeout:	178	3.26348
Packet Loss:	178	3.26348
Timeout:	179	3.26358
Packet Loss:	179	3.26358
Packet Send:	188	3.26378
Packet Send:	189	3.26388
Timeout:	180	3.28108
Packet Loss:	180	3.28108
Packet Retrans:	180	3.28118
Timeout:	181	3.28118
Packet Loss:	181	3.28118
Packet Retrans:	181	3.28128
Timeout:	182	3.28128
Packet Loss:	182	3.28128
Packet Retrans:	182	3.28138
Timeout:	183	3.28618
Packet Loss:	183	3.28618
Packet Retrans:	183	3.28628
Timeout:	184	3.28628
Packet Loss:	184	3.28628
Packet Retrans:	184	3.28638
Timeout:	185	3.28638
Packet Loss:	185	3.28638
Packet Retrans:	185	3.28648
Timeout:	186	3.29348
Packet Loss:	186	3.29348
Packet Retrans:	186	3.29358
Timeout:	187	3.29358
Packet Loss:	187	3.29358
Packet Retrans:	187	3.29368
Timeout:	188	3.34378
Packet Loss:	188	3.34378
Packet Retrans:	188	3.34388
Timeout:	189	3.34388
Packet Loss:	189	3.34388
Packet Retrans:	189	3.34398
Timeout:	180	3.36118
Packet Loss:	180	3.36118
Timeout:	181	3.36128
Packet Loss:	181	3.36128
Timeout:	182	3.36138
Packet Loss:	182	3.36138
Packet Send:	190	3.36158
Packet Send:	191	3.36168
Packet Send:	192	3.36178
Timeout:	183	3.36628
Packet Loss:	183	3.36628
Timeout:	184	3.36638
Packet Loss:	184	3.36638
Timeout:	185	3.36648
Packet Loss:	185	3.36648
Packet Send:	193	3.36668
Packet Send:	194	3.36678
Packet Send:	195	3.36688
Packet Send:	196	3.36698
Timeout:	187	3.37368
Packet Loss:	187	3.37368
Packet Send:	197	3.37388
Packet Send:	198	3.37398
Packet Send:	199	3.37408
Packet Loss:	190	3.39004
Packet Retrans:	190	3.39008
Packet Loss:	192	3.39345
Packet Retrans:	192	3.39348
Packet Loss:	196	3.40065
Packet Retrans:	196	3.40068
Packet Loss:	198	3.40403
Packet Retrans:	198	3.40408
Receive Retrans Packet:	192	3.42025
Timeout:	190	3.47008
Packet Loss:	190	3.47008
Packet Send:	200	3.47028
Packet Send:	201	3.47038
Packet Send:	202	3.47048
Packet Send:	203	3.47058
Packet Send:	204	3.47068
Packet Send:	205	3.47078
Timeout:	196	3.48068
Packet Loss:	196	3.48068
Packet Send:	206	3.48088
Packet Send:	207	3.48098
Timeout:	198	3.48408
Packet Loss:	198	3.48408
Packet Send:	208	3.48428
Packet Send:	209	3.48438
Packet Loss:	200	3.49874
Packet Retrans:	200	3.49878
Packet Loss:	202	3.51105
Packet Loss:	203	3.51105
Packet Loss:	204	3.51105
Packet Loss:	205	3.51105
Packet Loss:	206	3.51105
Packet Loss:	207	3.51105
Packet Retrans:	202	3.51107
Packet Retrans:	203	3.51117
Packet Retrans:	204	3.51127
Packet Retrans:	205	3.51137
Packet Retrans:	206	3.51147
Packet Retrans:	207	3.51157
Receive Retrans Packet:	203	3.53954
Receive Retrans Packet:	205	3.54292
Timeout:	200	3.57878
Packet Loss:	200	3.57878
Packet Send:	210	3.57897
Packet Send:	211	3.57907
Timeout:	202	3.59107
Packet Loss:	202	3.59107
Packet Send:	212	3.59127
Timeout:	204	3.59127
Packet Loss:	204	3.59127
Packet Send:	213	3.59147
Timeout:	206	3.59147
Packet Loss:	206	3.59147
Timeout:	207	3.59157
Packet Loss:	207	3.59157
Packet Send:	214	3.59177
Packet Send:	215	3.59187
Packet Send:	216	3.59197
Packet Send:	217	3.59207
Packet Send:	218	3.59217
Packet Send:	219	3.59227
Packet Loss:	210	3.61805
Packet Loss:	211	3.61805
Packet Retrans:	210	3.61807
Packet Retrans:	211	3.61817
Packet Loss:	213	3.62482
Packet Loss:	214	3.62482
Packet Loss:	215	3.62482
Packet Retrans:	213	3.62487
Packet Retrans:	214	3.62497
Packet Retrans:	215	3.62507
Receive Retrans Packet:	210	3.64485
Packet Send:	220	3.64487
Receive Retrans Packet:	215	3.65503
Timeout:	217	3.67207
Packet Loss:	217	3.67207
Packet Retrans:	217	3.67217
Timeout:	218	3.67217
Packet Loss:	218	3.67217
Packet Retrans:	218	3.67227
Timeout:	219	3.67227
Packet Loss:	219	3.67227
Packet Retrans:	219	3.67237
Timeout:	211	3.69817
Packet Loss:	211	3.69817
Packet Send:	221	3.69837
Packet Send:	222	3.69847
Timeout:	213	3.70487
Packet Loss:	213	3.70487
Timeout:	214	3.70497
Packet Loss:	214	3.70497
Packet Send:	223	3.70517
Packet Send:	224	3.70527
Packet Send:	225	3.70537
Packet Send:	226	3.70547
Packet Send:	227	3.70557
Timeout:	220	3.72487
Packet Loss:	220	3.72487
Packet Retrans:	220	3.72497
Packet Loss:	222	3.73194
Packet Retrans:	222	3.73197
Packet Loss:	225	3.73872
Packet Loss:	226	3.73872
Packet Retrans:	225	3.73877
Packet Retrans:	226	3.73887
Timeout:	218	3.75227
Packet Loss:	218	3.75227
Timeout:	219	3.75237
Packet Loss:	219	3.75237
Packet Send:	228	3.75257
Packet Send:	229	3.75267
Packet Loss:	228	3.78104
Packet Retrans:	228	3.78107
Timeout:	220	3.80497
Packet Loss:	220	3.80497
Packet Send:	230	3.80517
Packet Send:	231	3.80527
Timeout:	222	3.81197
Packet Loss:	222	3.81197
Packet Send:	232	3.81217
Packet Send:	233	3.81227
Packet Send:	234	3.81237
Timeout:	225	3.81877
Packet Loss:	225	3.81877
Timeout:	226	3.81887
Packet Loss:	226	3.81887
Packet Send:	235	3.81907
Packet Send:	236	3.81917
Packet Send:	237	3.81927
Packet Loss:	230	3.83364
Packet Retrans:	230	3.83367
Packet Loss:	232	3.84064
Packet Retrans:	232	3.84067
Receive Retrans Packet:	230	3.86044
Timeout:	228	3.86107
Packet Loss:	228	3.86107
Packet Send:	238	3.86127
Packet Send:	239	3.86137
Packet Send:	240	3.86147
Packet Send:	241	3.86157
Packet Loss:	235	3.88804
Packet Loss:	236	3.88804
Packet Loss:	237	3.88804
Packet Retrans:	235	3.88807
Packet Retrans:	236	3.88817
Packet Retrans:	237	3.88827
Receive Retrans Packet:	235	3.91484
Receive Retrans Packet:	236	3.91654
Timeout:	232	3.92067
Packet Loss:	232	3.92067
Packet Send:	242	3.92087
Packet Send:	243	3.92097
Packet Send:	244	3.92107
Packet Send:	245	3.92117
Packet Send:	246	3.92127
Timeout:	240	3.94147
Packet Loss:	240	3.94147
Packet Retrans:	240	3.94157
Timeout:	241	3.94157
Packet Loss:	241	3.94157
Packet Retrans:	241	3.94167
Timeout:	237	3.96827
Packet Loss:	237	3.96827
Packet Send:	247	3.96847
Packet Send:	248	3.96857
Packet Send:	249	3.96867
Timeout:	242	4.00087
Packet Loss:	242	4.00087
Packet Retrans:	242	4.00097
Timeout:	243	4.00097
Packet Loss:	243	4.00097
Packet Retrans:	243	4.00107
Timeout:	244	4.00107
Packet Loss:	244	4.00107
Packet Retrans:	244	4.00117
Timeout:	245	4.00117
Packet Loss:	245	4.00117
Packet Retrans:	245	4.00127
Timeout:	246	4.00127
Packet Loss:	246	4.00127
Packet Retrans:	246	4.00137
Timeout:	240	4.02157
Packet Loss:	240	4.02157
Packet Send:	250	4.02177
Packet Send:	251	4.02187
Timeout:	247	4.04847
Packet Loss:	247	4.04847
Packet Retrans:	247	4.04857
Timeout:	248	4.04857
Packet Loss:	248	4.04857
Packet Retrans:	248	4.04867
Timeout:	249	4.04867
Packet Loss:	249	4.04867
Packet Retrans:	249	4.04877
Timeout:	242	4.08097
Packet Loss:	242	4.08097
Timeout:	243	4.08107
Packet Loss:	243	4.08107
Timeout:	244	4.08117
Packet Loss:	244	4.08117
Timeout:	245	4.08127
Packet Loss:	245	4.08127
Timeout:	246	4.08137
Packet Loss:	246	4.08137
Packet Send:	252	4.08157
Packet Send:	253	4.08167
Packet Send:	254	4.08177
Packet Send:	255	4.08187
Packet Send:	256	4.08197
Packet Loss:	250	4.0833
Packet Retrans:	250	4.08337
Timeout:	247	4.12857
Packet Loss:	247	4.12857
Timeout:	248	4.12867
Packet Loss:	248	4.12867
Timeout:	249	4.12877
Packet Loss:	249	4.12877
Packet Send:	257	4.12897
Packet Send:	258	4.12907
Packet Send:	259	4.12917
Timeout:	252	4.16157
Packet Loss:	252	4.16157
Packet Retrans:	252	4.16167
Timeout:	253	4.16167
Packet Loss:	253	4.16167
Packet Retrans:	253	4.16177
Timeout:	254	4.16177
Packet Loss:	254	4.16177
Packet Retrans:	254	4.16187
Timeout:	255	4.16187
Packet Loss:	255	4.16187
Packet Retrans:	255	4.16197
Timeout:	256	4.16197
Packet Loss:	256	4.16197
Packet Retrans:	256	4.16207
Timeout:	250	4.16337
Packet Loss:	250	4.16337
Packet Send:	260	4.16357
Packet Send:	261	4.16367
Timeout:	257	4.20897
Packet Loss:	257	4.20897
Packet Retrans:	257	4.20907
Timeout:	258	4.20907
Packet Loss:	258	4.20907
Packet Retrans:	258	4.20917
Timeout:	259	4.20917
Packet Loss:	259	4.20917
Packet Retrans:	259	4.20927
Timeout:	252	4.24167
Packet Loss:	252	4.24167
Timeout:	253	4.24177
Packet Loss:	253	4.24177
Timeout:	254	4.24187
Packet Loss:	254	4.24187
Packet Send:	262	4.24207
Packet Send:	263	4.24217
Packet Send:	264	4.24227
Packet Send:	265	4.24237
Packet Send:	266	4.24247
Timeout:	260	4.24357
Packet Loss:	260	4.24357
Packet Retrans:	260	4.24367
Timeout:	261	4.24367
Packet Loss:	261	4.24367
Packet Retrans:	261	4.24377
Timeout:	257	4.28907
Packet Loss:	257	4.28907
Timeout:	258	4.28917
Packet Loss:	258	4.28917
Timeout:	259	4.28927
Packet Loss:	259	4.28927
Packet Send:	267	4.28947
Packet Send:	268	4.28957
Packet Send:	269	4.28967
Timeout:	262	4.32207
Packet Loss:	262	4.32207
Packet Retrans:	262	4.32217
Timeout:	263	4.32217
Packet Loss:	263	4.32217
Packet Retrans:	263	4.32227
Timeout:	264	4.32227
Packet Loss:	264	4.32227
Packet Retrans:	264	4.32237
Timeout:	265	4.32237
Packet Loss:	265	4.32237
Packet Retrans:	265	4.32247
Timeout:	266	4.32247
Packet Loss:	266	4.32247
Packet Retrans:	266	4.32257
Timeout:	260	4.32367
Packet Loss:	260	4.32367
Timeout:	261	4.32377
Packet Loss:	261	4.32377
Packet Send:	270	4.32397
Packet Send:	271	4.32407
Timeout:	267	4.36947
Packet Loss:	267	4.36947
Packet Retrans:	267	4.36957
Timeout:	268	4.36957
Packet Loss:	268	4.36957
Packet Retrans:	268	4.36967
Timeout:	269	4.36967
Packet Loss:	269	4.36967
Packet Retrans:	269	4.36977
Timeout:	262	4.40217
Packet Loss:	262	4.40217
Timeout:	263	4.40227
Packet Loss:	263	4.40227
Timeout:	264	4.40237
Packet Loss:	264	4.40237
Timeout:	265	4.40247
Packet Loss:	265	4.40247
Timeout:	266	4.40257
Packet Loss:	266	4.40257
Receive Retrans Packet:	253	4.40271
Packet Send:	272	4.40277
Packet Send:	273	4.40287
Packet Send:	274	4.40297
Packet Send:	275	4.40307
Packet Send:	276	4.40317
Timeout:	270	4.40397
Packet Loss:	270	4.40397
Packet Retrans:	270	4.40407
Timeout:	271	4.40407
Packet Loss:	271	4.40407
Packet Retrans:	271	4.40417
Timeout:	267	4.44957
Packet Loss:	267	4.44957
Timeout:	268	4.44967
Packet Loss:	268	4.44967
Timeout:	269	4.44977
Packet Loss:	269	4.44977
Packet Send:	277	4.44997
Packet Send:	278	4.45007
Packet Send:	279	4.45017
Timeout:	272	4.48277
Packet Loss:	272	4.48277
Packet Retrans:	272	4.48287
Timeout:	273	4.48287
Packet Loss:	273	4.48287
Packet Retrans:	273	4.48297
Timeout:	274	4.48297
Packet Loss:	274	4.48297
Packet Retrans:	274	4.48307
Timeout:	275	4.48307
Packet Loss:	275	4.48307
Packet Retrans:	275	4.48317
Timeout:	276	4.48317
Packet Loss:	276	4.48317
Packet Retrans:	276	4.48327
Timeout:	270	4.48407
Packet Loss:	270	4.48407
Timeout:	271	4.48417
Packet Loss:	271	4.48417
Packet Send:	280	4.48437
Packet Send:	281	4.48447
Timeout:	277	4.52997
Packet Loss:	277	4.52997
Packet Retrans:	277	4.53006
Timeout:	278	4.53007
Packet Loss:	278	4.53007
Packet Retrans:	278	4.53016
Timeout:	279	4.53017
Packet Loss:	279	4.53017
Packet Retrans:	279	4.53026
Timeout:	272	4.56287
Packet Loss:	272	4.56287
Timeout:	273	4.56297
Packet Loss:	273	4.56297
Timeout:	274	4.56307
Packet Loss:	274	4.56307
Timeout:	275	4.56317
Packet Loss:	275	4.56317
Timeout:	276	4.56327
Packet Loss:	276	4.56327
Packet Send:	282	4.56346
Packet Send:	283	4.56356
Packet Send:	284	4.56366
Packet Send:	285	4.56376
Packet Send:	286	4.56386
Timeout:	280	4.56437
Packet Loss:	280	4.56437
Packet Retrans:	280	4.56446
Timeout:	281	4.56447
Packet Loss:	281	4.56447
Packet Retrans:	281	4.56456
Timeout:	277	4.61006
Packet Loss:	277	4.61006
Timeout:	278	4.61016
Packet Loss:	278	4.61016
Timeout:	279	4.61026
Packet Loss:	279	4.61026
Packet Send:	287	4.61046
Packet Send:	288	4.61056
Packet Send:	289	4.61066
Timeout:	282	4.64346
Packet Loss:	282	4.64346
Packet Retrans:	282	4.64356
Timeout:	283	4.64356
Packet Loss:	283	4.64356
Packet Retrans:	283	4.64366
Timeout:	284	4.64366
Packet Loss:	284	4.64366
Packet Retrans:	284	4.64376
Timeout:	285	4.64376
Packet Loss:	285	4.64376
Packet Retrans:	285	4.64386
Timeout:	286	4.64386
Packet Loss:	286	4.64386
Packet Retrans:	286	4.64396
Timeout:	280	4.64446
Packet Loss:	280	4.64446
Timeout:	281	4.64456
Packet Loss:	281	4.64456
Packet Send:	290	4.64476
Packet Send:	291	4.64486
Timeout:	287	4.69046
Packet Loss:	287	4.69046
Packet Retrans:	287	4.69056
Timeout:	288	4.69056
Packet Loss:	288	4.69056
Packet Retrans:	288	4.69066
Timeout:	289	4.69066
Packet Loss:	289	4.69066
Packet Retrans:	289	4.69076
Timeout:	282	4.72356
Packet Loss:	282	4.72356
Timeout:	283	4.72366
Packet Loss:	283	4.72366
Timeout:	284	4.72376
Packet Loss:	284	4.72376
Timeout:	285	4.72386
Packet Loss:	285	4.72386
Timeout:	286	4.72396
Packet Loss:	286	4.72396
Packet Send:	292	4.72416
Packet Send:	293	4.72426
Packet Send:	294	4.72436
Packet Send:	295	4.72446
Packet Send:	296	4.72456
Timeout:	290	4.72476
Packet Loss:	290	4.72476
Packet Retrans:	290	4.72486
Timeout:	291	4.72486
Packet Loss:	291	4.72486
Packet Retrans:	291	4.72496
Receive Retrans Packet:	266	4.73476
Receive Retrans Packet:	270	4.75338
Receive Retrans Packet:	273	4.76354
Receive Retrans Packet:	276	4.76862
Timeout:	287	4.77056
Packet Loss:	287	4.77056
Timeout:	288	4.77066
Packet Loss:	288	4.77066
Timeout:	289	4.77076
Packet Loss:	289	4.77076
Packet Send:	297	4.77096
Packet Send:	298	4.77106
Packet Send:	299	4.77116
Receive Retrans Packet:	277	4.7737
Receive Retrans Packet:	279	4.77708
Receive Retrans Packet:	286	4.80247
Timeout:	292	4.80416
Packet Loss:	292	4.80416
Packet Retrans:	292	4.80426
Timeout:	293	4.80426
Packet Loss:	293	4.80426
Packet Retrans:	293	4.80436
Timeout:	294	4.80436
Packet Loss:	294	4.80436
Packet Retrans:	294	4.80446
Timeout:	295	4.80446
Packet Loss:	295	4.80446
Packet Retrans:	295	4.80456
Timeout:	296	4.80456
Packet Loss:	296	4.80456
Packet Retrans:	296	4.80466
Packet Send:	300	4.80476
Timeout:	291	4.80496
Packet Loss:	291	4.80496
Packet Send:	301	4.80516
Receive Retrans Packet:	288	4.80924
Receive Retrans Packet:	289	4.81094
Packet Send:	302	4.81266
Packet Send:	303	4.81436
Packet Loss:	298	4.84119
Packet Loss:	299	4.84119
Packet Loss:	300	4.84119
Packet Retrans:	298	4.84126
Packet Retrans:	299	4.84136
Packet Retrans:	300	4.84146
Timeout:	294	4.88446
Packet Loss:	294	4.88446
Timeout:	295	4.88456
Packet Loss:	295	4.88456
Timeout:	296	4.88466
Packet Loss:	296	4.88466
Packet Send:	304	4.88486
Packet Send:	305	4.88496
Packet Send:	306	4.88506
Packet Send:	307	4.88516
Timeout:	302	4.89266
Packet Loss:	302	4.89266
Packet Retrans:	302	4.89276
Timeout:	303	4.89436
Packet Loss:	303	4.89436
Packet Retrans:	303	4.89446
Packet Loss:	304	4.91333
Packet Retrans:	304	4.91336
Timeout:	298	4.92126
Packet Loss:	298	4.92126
Timeout:	299	4.92136
Packet Loss:	299	4.92136
Timeout:	300	4.92146
Packet Loss:	300	4.92146
Packet Send:	308	4.92166
Packet Send:	309	4.92176
Packet Send:	310	4.92186
Packet Send:	311	4.92196
Receive Retrans Packet:	304	4.94013
Packet Loss:	307	4.94843
Packet Retrans:	307	4.94846
Packet Loss:	310	4.95351
Packet Retrans:	310	4.95356
Timeout:	302	4.97276
Packet Loss:	302	4.97276
Packet Send:	312	4.97296
Timeout:	303	4.97446
Packet Loss:	303	4.97446
Packet Send:	313	4.97466
Packet Send:	314	4.97476
Packet Send:	315	4.97486
Packet Send:	316	4.97496
Receive Retrans Packet:	310	4.98033
Timeout:	307	5.02846
Packet Loss:	307	5.02846
Packet Send:	317	5.02866
Packet Send:	318	5.02876
Packet Send:	319	5.02886
Packet Send:	320	5.02896
Packet Send:	321	5.02906
Timeout:	312	5.05296
Packet Loss:	312	5.05296
Packet Retrans:	312	5.05306
Timeout:	313	5.05466
Packet Loss:	313	5.05466
Packet Retrans:	313	5.05476
Timeout:	314	5.05476
Packet Loss:	314	5.05476
Packet Retrans:	314	5.05486
Timeout:	315	5.05486
Packet Loss:	315	5.05486
Packet Retrans:	315	5.05496
Timeout:	316	5.05496
Packet Loss:	316	5.05496
Packet Retrans:	316	5.05506
Packet Loss:	317	5.06051
Packet Loss:	318	5.06051
Packet Loss:	319	5.06051
Packet Retrans:	317	5.06056
Packet Retrans:	318	5.06066
Packet Retrans:	319	5.06076
Timeout:	321	5.10906
Packet Loss:	321	5.10906
Packet Retrans:	321	5.10916
Timeout:	312	5.13306
Packet Loss:	312	5.13306
Packet Send:	322	5.13326
Timeout:	313	5.13476
Packet Loss:	313	5.13476
Timeout:	314	5.13486
Packet Loss:	314	5.13486
Timeout:	315	5.13496
Packet Loss:	315	5.13496
Timeout:	316	5.13506
Packet Loss:	316	5.13506
Packet Send:	323	5.13526
Packet Send:	324	5.13536
Packet Send:	325	5.13546
Packet Send:	326	5.13556
Timeout:	317	5.14056
Packet Loss:	317	5.14056
Timeout:	318	5.14066
Packet Loss:	318	5.14066
Timeout:	319	5.14076
Packet Loss:	319	5.14076
Packet Send:	327	5.14096
Packet Send:	328	5.14106
Packet Send:	329	5.14116
Packet Send:	330	5.14126
Packet Loss:	326	5.17219
Packet Loss:	327	5.17219
Packet Loss:	328	5.17219
Packet Retrans:	326	5.17226
Packet Retrans:	327	5.17236
Packet Retrans:	328	5.17246
Timeout:	321	5.18916
Packet Loss:	321	5.18916
Packet Send:	331	5.18936
Packet Send:	332	5.18946
Packet Send:	333	5.18956
Packet Send:	334	5.18966
Packet Send:	335	5.18976
Packet Loss:	330	5.21782
Packet Loss:	331	5.21782
Packet Retrans:	330	5.21786
Packet Retrans:	331	5.21796
Receive Retrans Packet:	331	5.24632
Timeout:	326	5.25226
Packet Loss:	326	5.25226
Timeout:	327	5.25236
Packet Loss:	327	5.25236
Timeout:	328	5.25246
Packet Loss:	328	5.25246
Packet Send:	336	5.25266
Packet Send:	337	5.25276
Packet Send:	338	5.25286
Packet Send:	339	5.25296
Timeout:	334	5.26966
Packet Loss:	334	5.26966
Packet Retrans:	334	5.26976
Timeout:	335	5.26976
Packet Loss:	335	5.26976
Packet Retrans:	335	5.26986
Packet Loss:	336	5.28451
Packet Loss:	337	5.28451
Packet Loss:	338	5.28451
Packet Retrans:	336	5.28456
Packet Retrans:	337	5.28466
Packet Retrans:	338	5.28476
Timeout:	330	5.29786
Packet Loss:	330	5.29786
Packet Send:	340	5.29806
Packet Send:	341	5.29816
Packet Send:	342	5.29826
Packet Send:	343	5.29836
Receive Retrans Packet:	338	5.31471
Packet Loss:	341	5.32991
Packet Loss:	342	5.32991
Packet Retrans:	341	5.32996
Packet Retrans:	342	5.33006
Timeout:	334	5.34976
Packet Loss:	334	5.34976
Timeout:	335	5.34986
Packet Loss:	335	5.34986
Packet Send:	344	5.35006
Packet Send:	345	5.35016
Receive Retrans Packet:	342	5.35842
Timeout:	336	5.36456
Packet Loss:	336	5.36456
Timeout:	337	5.36466
Packet Loss:	337	5.36466
Packet Send:	346	5.36486
Packet Send:	347	5.36496
Packet Send:	348	5.36506
Packet Send:	349	5.36516
Packet Send:	350	5.36526
Packet Loss:	344	5.37852
Packet Retrans:	344	5.37856
Timeout:	341	5.40996
Packet Loss:	341	5.40996
Packet Send:	351	5.41016
Packet Send:	352	5.41026
Packet Send:	353	5.41036
Packet Loss:	348	5.44031
Packet Loss:	349	5.44031
Packet Loss:	350	5.44031
Packet Loss:	351	5.44031
Packet Loss:	352	5.44031
Packet Retrans:	348	5.44036
Packet Retrans:	349	5.44046
Packet Retrans:	350	5.44056
Packet Retrans:	351	5.44066
Packet Retrans:	352	5.44076
Timeout:	344	5.45856
Packet Loss:	344	5.45856
Packet Send:	354	5.45876
Packet Send:	355	5.45886
Packet Send:	356	5.45896
Packet Send:	357	5.45906
Receive Retrans Packet:	349	5.46882
Packet Loss:	354	5.48722
Packet Retrans:	354	5.48726
Packet Loss:	356	5.49061
Packet Retrans:	356	5.49066
Timeout:	348	5.52036
Packet Loss:	348	5.52036
Packet Send:	358	5.52055
Timeout:	350	5.52056
Packet Loss:	350	5.52056
Timeout:	351	5.52066
Packet Loss:	351	5.52066
Timeout:	352	5.52076
Packet Loss:	352	5.52076
Packet Send:	359	5.52095
Packet Send:	360	5.52105
Packet Send:	361	5.52115
Packet Send:	362	5.52125
Packet Send:	363	5.52135
Packet Loss:	358	5.54902
Packet Retrans:	358	5.54905
Packet Loss:	361	5.5541
Packet Retrans:	361	5.55415
Timeout:	354	5.56726
Packet Loss:	354	5.56726
Packet Send:	364	5.56745
Packet Send:	365	5.56755
Timeout:	356	5.57066
Packet Loss:	356	5.57066
Packet Send:	366	5.57085
Packet Send:	367	5.57095
Receive Retrans Packet:	358	5.57583
Packet Send:	368	5.57585
Packet Send:	369	5.57595
Packet Send:	370	5.57605
Packet Loss:	363	5.59763
Packet Loss:	364	5.59763
Packet Loss:	365	5.59763
Packet Retrans:	363	5.59765
Packet Retrans:	364	5.59775
Packet Retrans:	365	5.59785
Packet Loss:	367	5.60263
Packet Retrans:	367	5.60265
Receive Retrans Packet:	364	5.62612
Timeout:	361	5.63415
Packet Loss:	361	5.63415
Packet Send:	371	5.63435
Packet Send:	372	5.63445
Timeout:	370	5.65605
Packet Loss:	370	5.65605
Packet Retrans:	370	5.65615
Packet Loss:	371	5.66282
Packet Retrans:	371	5.66285
Timeout:	363	5.67765
Packet Loss:	363	5.67765
Packet Send:	373	5.67785
Timeout:	365	5.67785
Packet Loss:	365	5.67785
Packet Send:	374	5.67805
Packet Send:	375	5.67815
Packet Send:	376	5.67825
Timeout:	367	5.68265
Packet Loss:	367	5.68265
Packet Send:	377	5.68285
Receive Retrans Packet:	370	5.68292
Packet Send:	378	5.68295
Packet Send:	379	5.68305
Packet Send:	380	5.68315
Packet Loss:	374	5.7114
Packet Loss:	375	5.7114
Packet Loss:	376	5.7114
Packet Retrans:	374	5.71145
Packet Retrans:	375	5.71155
Packet Retrans:	376	5.71165
Packet Loss:	378	5.71478
Packet Retrans:	378	5.71485
Receive Retrans Packet:	375	5.73992
Timeout:	371	5.74285
Packet Loss:	371	5.74285
Packet Send:	381	5.74305
Packet Send:	382	5.74315
Packet Send:	383	5.74325
Timeout:	380	5.76315
Packet Loss:	380	5.76315
Packet Retrans:	380	5.76325
Receive Retrans Packet:	380	5.79002
Timeout:	374	5.79145
Packet Loss:	374	5.79145
Packet Send:	384	5.79165
Timeout:	376	5.79165
Packet Loss:	376	5.79165
Packet Send:	385	5.79185
Packet Send:	386	5.79195
Packet Send:	387	5.79205
Timeout:	378	5.79485
Packet Loss:	378	5.79485
Packet Send:	388	5.79505
Packet Send:	389	5.79515
Packet Send:	390	5.79525
Packet Send:	391	5.79535
Packet Send:	392	5.79545
Packet Send:	393	5.79555
Packet Loss:	384	5.82012
Packet Retrans:	384	5.82015
Packet Loss:	386	5.8235
Packet Retrans:	386	5.82355
Packet Loss:	388	5.82858
Packet Loss:	389	5.82858
Packet Retrans:	388	5.82865
Packet Retrans:	389	5.82875
Packet Loss:	392	5.83366
Packet Retrans:	392	5.83375
Receive Retrans Packet:	386	5.85032
Receive Retrans Packet:	388	5.85542
Timeout:	384	5.90015
Packet Loss:	384	5.90015
Packet Send:	394	5.90035
Packet Send:	395	5.90045
Packet Send:	396	5.90055
Packet Send:	397	5.90065
Packet Send:	398	5.90075
Timeout:	389	5.90875
Packet Loss:	389	5.90875
Packet Send:	399	5.90895
Packet Send:	400	5.90905
Packet Send:	401	5.90915
Timeout:	392	5.91375
Packet Loss:	392	5.91375
Packet Send:	402	5.91395
Packet Send:	403	5.91405
Timeout:	394	5.98035
Packet Loss:	394	5.98035
Packet Retrans:	394	5.98045
Timeout:	395	5.98045
Packet Loss:	395	5.98045
Packet Retrans:	395	5.98055
Timeout:	396	5.98055
Packet Loss:	396	5.98055
Packet Retrans:	396	5.98065
Timeout:	397	5.98065
Packet Loss:	397	5.98065
Packet Retrans:	397	5.98075
Timeout:	398	5.98075
Packet Loss:	398	5.98075
Packet Retrans:	398	5.98085
Timeout:	399	5.98895
Packet Loss:	399	5.98895
Packet Retrans:	399	5.98905
Timeout:	400	5.98905
Packet Loss:	400	5.98905
Packet Retrans:	400	5.98915
Timeout:	401	5.98915
Packet Loss:	401	5.98915
Packet Retrans:	401	5.98925
Timeout:	402	5.99395
Packet Loss:	402	5.99395
Packet Retrans:	402	5.99405
Timeout:	403	5.99405
Packet Loss:	403	5.99405
Packet Retrans:	403	5.99415
Packet Send:	404	6.00725
Timeout:	395	6.06055
Packet Loss:	395	6.06055
Packet Send:	405	6.06075
Timeout:	397	6.06075
Packet Loss:	397	6.06075
Timeout:	398	6.06085
Packet Loss:	398	6.06085
Packet Send:	406	6.06105
Packet Send:	407	6.06115
Packet Send:	408	6.06125
Timeout:	399	6.06905
Packet Loss:	399	6.06905
Packet Send:	409	6.06925
Packet Send:	410	6.06935
Packet Send:	411	6.06945
Packet Send:	412	6.06955
Timeout:	403	6.07415
Packet Loss:	403	6.07415
Packet Send:	413	6.07435
Packet Send:	414	6.07445
Packet Send:	415	6.08755
Packet Loss:	406	6.0926
Packet Loss:	407	6.0926
Packet Retrans:	406	6.09265
Packet Retrans:	407	6.09275
Receive Retrans Packet:	407	6.12111
Timeout:	409	6.14925
Packet Loss:	409	6.14925
Packet Retrans:	409	6.14935
Timeout:	410	6.14935
Packet Loss:	410	6.14935
Packet Retrans:	410	6.14945
Timeout:	411	6.14945
Packet Loss:	411	6.14945
Packet Retrans:	411	6.14955
Timeout:	412	6.14955
Packet Loss:	412	6.14955
Packet Retrans:	412	6.14965
Timeout:	413	6.15435
Packet Loss:	413	6.15435
Packet Retrans:	413	6.15445
Timeout:	414	6.15445
Packet Loss:	414	6.15445
Packet Retrans:	414	6.15455
Timeout:	415	6.16755
Packet Loss:	415	6.16755
Packet Retrans:	415	6.16765
Timeout:	406	6.17265
Packet Loss:	406	6.17265
Packet Send:	416	6.17285
Packet Send:	417	6.17295
Packet Send:	418	6.17305
Packet Send:	419	6.17615
Packet Send:	420	6.17785
Packet Loss:	417	6.20639
Packet Loss:	418	6.20639
Packet Loss:	419	6.20639
Packet Retrans:	417	6.20645
Packet Retrans:	418	6.20655
Packet Retrans:	419	6.20665
Timeout:	411	6.22955
Packet Loss:	411	6.22955
Timeout:	412	6.22965
Packet Loss:	412	6.22965
Packet Send:	421	6.22985
Packet Send:	422	6.22995
Timeout:	413	6.23445
Packet Loss:	413	6.23445
Packet Send:	423	6.23465
Packet Send:	424	6.23475
Timeout:	415	6.24765
Packet Loss:	415	6.24765
Packet Send:	425	6.24785
Packet Send:	426	6.24795
Packet Loss:	421	6.25831
Packet Retrans:	421	6.25835
Packet Loss:	423	6.26311
Packet Retrans:	423	6.26315
Packet Loss:	425	6.27631
Packet Retrans:	425	6.27635
Receive Retrans Packet:	421	6.28512
Timeout:	417	6.28645
Packet Loss:	417	6.28645
Timeout:	418	6.28655
Packet Loss:	418	6.28655
Timeout:	419	6.28665
Packet Loss:	419	6.28665
Packet Send:	427	6.28685
Packet Send:	428	6.28695
Packet Send:	429	6.28705
Packet Send:	430	6.28715
Packet Send:	431	6.28725
Packet Send:	432	6.28735
Receive Retrans Packet:	425	6.30312
Packet Loss:	428	6.317
Packet Retrans:	428	6.31705
Timeout:	423	6.34315
Packet Loss:	423	6.34315
Packet Send:	433	6.34335
Packet Send:	434	6.34345
Packet Send:	435	6.34355
Packet Send:	436	6.34365
Packet Send:	437	6.34375
Receive Retrans Packet:	428	6.34382
Packet Send:	438	6.34385
Packet Send:	439	6.34395
Packet Send:	440	6.34405
Packet Send:	441	6.34415
Packet Send:	442	6.34425
Packet Loss:	433	6.3752
Packet Loss:	434	6.3752
Packet Loss:	435	6.3752
Packet Retrans:	433	6.37525
Packet Retrans:	434	6.37535
Packet Retrans:	435	6.37545
Packet Loss:	437	6.38027
Packet Loss:	438	6.38027
Packet Retrans:	437	6.38035
Packet Retrans:	438	6.38045
Receive Retrans Packet:	433	6.40202
Packet Send:	443	6.40205
Receive Retrans Packet:	437	6.40712
Receive Retrans Packet:	438	6.40881
Timeout:	440	6.42405
Packet Loss:	440	6.42405
Packet Retrans:	440	6.42415
Timeout:	441	6.42415
Packet Loss:	441	6.42415
Packet Retrans:	441	6.42425
Timeout:	442	6.42425
Packet Loss:	442	6.42425
Packet Retrans:	442	6.42435
Timeout:	434	6.45535
Packet Loss:	434	6.45535
Timeout:	435	6.45545
Packet Loss:	435	6.45545
Packet Send:	444	6.45565
Packet Send:	445	6.45575
Packet Send:	446	6.45585
Packet Send:	447	6.45595
Packet Send:	448	6.45605
Packet Send:	449	6.45615
Timeout:	443	6.48205
Packet Loss:	443	6.48205
Packet Retrans:	443	6.48215
Packet Loss:	444	6.4875
Packet Loss:	445	6.4875
Packet Loss:	446	6.4875
Packet Retrans:	444	6.48755
Packet Retrans:	445	6.48765
Packet Retrans:	446	6.48775
Packet Loss:	448	6.49088
Packet Retrans:	448	6.49095
Timeout:	440	6.50415
Packet Loss:	440	6.50415
Packet Send:	450	6.50434
Packet Send:	451	6.50444
Packet Send:	452	6.50454
Receive Retrans Packet:	443	6.50892
Packet Send:	453	6.50894
Receive Retrans Packet:	444	6.51432
Packet Send:	454	6.51434
Receive Retrans Packet:	445	6.51601
Packet Send:	455	6.51604
Receive Retrans Packet:	446	6.5177
Packet Send:	456	6.51774
Packet Send:	457	6.51784
Packet Loss:	450	6.53619
Packet Loss:	451	6.53619
Packet Loss:	452	6.53619
Packet Retrans:	450	6.53624
Packet Retrans:	451	6.53634
Packet Retrans:	452	6.53644
Receive Retrans Packet:	450	6.56302
Receive Retrans Packet:	451	6.56471
Timeout:	448	6.57095
Packet Loss:	448	6.57095
Packet Send:	458	6.57114
Packet Send:	459	6.57124
Packet Send:	460	6.57134
Packet Send:	461	6.57144
Timeout:	456	6.59774
Packet Loss:	456	6.59774
Packet Retrans:	456	6.59784
Timeout:	457	6.59784
Packet Loss:	457	6.59784
Packet Retrans:	457	6.59794
Packet Loss:	458	6.59961
Packet Retrans:	458	6.59964
Timeout:	452	6.61644
Packet Loss:	452	6.61644
Packet Send:	462	6.61664
Packet Send:	463	6.61674
Packet Send:	464	6.61684
Packet Send:	465	6.61694
Receive Retrans Packet:	457	6.62631
Receive Retrans Packet:	458	6.628
Packet Loss:	460	6.64342
Packet Loss:	461	6.64342
Packet Retrans:	460	6.64344
Packet Retrans:	461	6.64354
Packet Loss:	463	6.6468
Packet Retrans:	463	6.64684
Receive Retrans Packet:	461	6.67191
Timeout:	456	6.67784
Packet Loss:	456	6.67784
Packet Send:	466	6.67804
Packet Send:	467	6.67814
Packet Send:	468	6.67824
Packet Send:	469	6.67834
Timeout:	460	6.72344
Packet Loss:	460	6.72344
Packet Send:	470	6.72364
Packet Send:	471	6.72374
Packet Send:	472	6.72384
Timeout:	463	6.72684
Packet Loss:	463	6.72684
Packet Send:	473	6.72704
Packet Send:	474	6.72714
Packet Send:	475	6.72724
Packet Send:	476	6.72734
Packet Send:	477	6.72744
Packet Send:	478	6.72754
Packet Send:	479	6.72764
Packet Send:	480	6.75044
Packet Loss:	471	6.76565
Packet Loss:	472	6.76565
Packet Loss:	473	6.76565
Packet Loss:	474	6.76565
Packet Loss:	475	6.76565
Packet Loss:	476	6.76565
Packet Loss:	477	6.76565
Packet Loss:	478	6.76565
Packet Retrans:	471	6.76574
Packet Retrans:	472	6.76584
Packet Retrans:	473	6.76594
Packet Retrans:	474	6.76604
Packet Retrans:	475	6.76614
Packet Retrans:	476	6.76624
Packet Retrans:	477	6.76634
Packet Retrans:	478	6.76644
Receive Retrans Packet:	471	6.79251
Packet Send:	481	6.79254
Receive Retrans Packet:	474	6.79759
Receive Retrans Packet:	475	6.79928
Receive Retrans Packet:	476	6.80098
Timeout:	480	6.83044
Packet Loss:	480	6.83044
Packet Retrans:	480	6.83054
Timeout:	472	6.84584
Packet Loss:	472	6.84584
Timeout:	473	6.84594
Packet Loss:	473	6.84594
Packet Send:	482	6.84614
Packet Send:	483	6.84624
Packet Send:	484	6.84634
Timeout:	477	6.84634
Packet Loss:	477	6.84634
Timeout:	478	6.84644
Packet Loss:	478	6.84644
Packet Send:	485	6.84664
Packet Send:	486	6.84674
Packet Send:	487	6.84684
Packet Send:	488	6.84694
Packet Send:	489	6.84704
Packet Send:	490	6.85734
Timeout:	481	6.87254
Packet Loss:	481	6.87254
Packet Retrans:	481	6.87264
Packet Loss:	482	6.87461
Packet Retrans:	482	6.87464
Packet Loss:	484	6.87799
Packet Retrans:	484	6.87804
Packet Loss:	486	6.88138
Packet Retrans:	486	6.88144
Packet Loss:	488	6.88646
Packet Loss:	489	6.88646
Packet Retrans:	488	6.88654
Packet Retrans:	489	6.88664
Receive Retrans Packet:	482	6.90141
Timeout:	481	6.95264
Packet Loss:	481	6.95264
Packet Send:	491	6.95284
Packet Send:	492	6.95294
Packet Send:	493	6.95304
Timeout:	484	6.95804
Packet Loss:	484	6.95804
Packet Send:	494	6.95824
Packet Send:	495	6.95834
Timeout:	486	6.96144
Packet Loss:	486	6.96144
Packet Send:	496	6.96164
Packet Send:	497	6.96174
Timeout:	488	6.96654
Packet Loss:	488	6.96654
Timeout:	489	6.96664
Packet Loss:	489	6.96664
Packet Send:	498	6.96684
Packet Send:	499	6.96694
Packet Send:	500	6.96704
Packet Loss:	491	6.9813
Packet Retrans:	491	6.98134
Packet Loss:	493	6.9867
Packet Loss:	494	6.9867
Packet Retrans:	493	6.98674
Packet Retrans:	494	6.98684
Packet Loss:	496	6.99361
Packet Loss:	497	6.99361
Packet Retrans:	496	6.99364
Packet Retrans:	497	6.99374
Timeout:	499	7.04694
Packet Loss:	499	7.04694
Packet Retrans:	499	7.04704
Timeout:	500	7.04704
Packet Loss:	500	7.04704
Packet Retrans:	500	7.04714
Timeout:	491	7.06134
Packet Loss:	491	7.06134
Packet Send:	501	7.06154
Packet Send:	502	7.06164
Timeout:	493	7.06674
Packet Loss:	493	7.06674
Timeout:	494	7.06684
Packet Loss:	494	7.06684
Packet Send:	503	7.06704
Packet Send:	504	7.06714
Packet Send:	505	7.06724
Timeout:	496	7.07364
Packet Loss:	496	7.07364
Timeout:	497	7.07374
Packet Loss:	497	7.07374
Packet Send:	506	7.07394
Packet Send:	507	7.07404
Packet Send:	508	7.07414
Packet Loss:	501	7.0972
Packet Loss:	502	7.0972
Packet Loss:	503	7.0972
Packet Loss:	504	7.0972
Packet Retrans:	501	7.09724
Packet Retrans:	502	7.09734
Packet Retrans:	503	7.09744
Packet Retrans:	504	7.09754
Packet Loss:	506	7.1041
Packet Loss:	507	7.1041
Packet Retrans:	506	7.10414
Packet Retrans:	507	7.10424
Timeout:	499	7.12704
Packet Loss:	499	7.12704
Timeout:	500	7.12714
Packet Loss:	500	7.12714
Packet Send:	509	7.12734
Packet Send:	510	7.12744
Receive Retrans Packet:	504	7.12909
Timeout:	501	7.17724
Packet Loss:	501	7.17724
Timeout:	502	7.17734
Packet Loss:	502	7.17734
Timeout:	503	7.17744
Packet Loss:	503	7.17744
Packet Send:	511	7.17764
Packet Send:	512	7.17774
Packet Send:	513	7.17784
Packet Send:	514	7.17794
Packet Send:	515	7.17804
Timeout:	506	7.18414
Packet Loss:	506	7.18414
Timeout:	507	7.18424
Packet Loss:	507	7.18424
Packet Send:	516	7.18444
Packet Send:	517	7.18454
Packet Send:	518	7.18464
Timeout:	509	7.20734
Packet Loss:	509	7.20734
Packet Retrans:	509	7.20744
Timeout:	510	7.20744
Packet Loss:	510	7.20744
Packet Retrans:	510	7.20754
Packet Loss:	511	7.2078
Packet Loss:	512	7.2078
Packet Retrans:	511	7.20784
Packet Retrans:	512	7.20794
Receive Retrans Packet:	512	7.23929
Timeout:	515	7.25804
Packet Loss:	515	7.25804
Packet Retrans:	515	7.25814
Timeout:	516	7.26444
Packet Loss:	516	7.26444
Packet Retrans:	516	7.26454
Timeout:	517	7.26454
Packet Loss:	517	7.26454
Packet Retrans:	517	7.26464
Timeout:	518	7.26464
Packet Loss:	518	7.26464
Packet Retrans:	518	7.26474
Timeout:	509	7.28744
Packet Loss:	509	7.28744
Timeout:	510	7.28754
Packet Loss:	510	7.28754
Packet Send:	519	7.28774
Packet Send:	520	7.28784
Timeout:	511	7.28784
Packet Loss:	511	7.28784
Packet Send:	521	7.28804
Packet Send:	522	7.28814
Packet Send:	523	7.28824
Packet Send:	524	7.28834
Timeout:	515	7.33814
Packet Loss:	515	7.33814
Packet Send:	525	7.33834
Packet Send:	526	7.33844
Timeout:	517	7.34464
Packet Loss:	517	7.34464
Packet Send:	527	7.34484
Packet Send:	528	7.34494
Packet Send:	529	7.34504
Packet Send:	530	7.34514
Packet Send:	531	7.34524
Timeout:	522	7.36814
Packet Loss:	522	7.36814
Packet Retrans:	522	7.36824
Timeout:	523	7.36824
Packet Loss:	523	7.36824
Packet Retrans:	523	7.36834
Timeout:	524	7.36834
Packet Loss:	524	7.36834
Packet Retrans:	524	7.36844
Timeout:	525	7.41834
Packet Loss:	525	7.41834
Packet Retrans:	525	7.41844
Timeout:	526	7.41844
Packet Loss:	526	7.41844
Packet Retrans:	526	7.41854
Timeout:	527	7.42484
Packet Loss:	527	7.42484
Packet Retrans:	527	7.42494
Timeout:	528	7.42494
Packet Loss:	528	7.42494
Packet Retrans:	528	7.42504
Timeout:	529	7.42504
Packet Loss:	529	7.42504
Packet Retrans:	529	7.42514
Timeout:	530	7.42514
Packet Loss:	530	7.42514
Packet Retrans:	530	7.42524
Timeout:	531	7.42524
Packet Loss:	531	7.42524
Packet Retrans:	531	7.42534
Timeout:	522	7.44824
Packet Loss:	522	7.44824
Timeout:	523	7.44834
Packet Loss:	523	7.44834
Timeout:	524	7.44844
Packet Loss:	524	7.44844
Packet Send:	532	7.44864
Packet Send:	533	7.44874
Packet Send:	534	7.44884
Receive Retrans Packet:	522	7.48368
Receive Retrans Packet:	524	7.48706
Timeout:	525	7.49844
Packet Loss:	525	7.49844
Timeout:	526	7.49854
Packet Loss:	526	7.49854
Packet Send:	535	7.49874
Packet Send:	536	7.49884
Packet Send:	537	7.49894
Timeout:	527	7.50494
Packet Loss:	527	7.50494
Timeout:	528	7.50504
Packet Loss:	528	7.50504
Timeout:	529	7.50514
Packet Loss:	529	7.50514
Packet Send:	538	7.50533
Packet Send:	539	7.50543
Packet Send:	540	7.50553
Packet Send:	541	7.50563
Timeout:	532	7.52864
Packet Loss:	532	7.52864
Packet Retrans:	532	7.52873
Timeout:	533	7.52874
Packet Loss:	533	7.52874
Packet Retrans:	533	7.52883
Timeout:	534	7.52884
Packet Loss:	534	7.52884
Packet Retrans:	534	7.52893
Timeout:	535	7.57874
Packet Loss:	535	7.57874
Packet Retrans:	535	7.57883
Timeout:	536	7.57884
Packet Loss:	536	7.57884
Packet Retrans:	536	7.57893
Timeout:	537	7.57894
Packet Loss:	537	7.57894
Packet Retrans:	537	7.57903
Timeout:	538	7.58533
Packet Loss:	538	7.58533
Packet Retrans:	538	7.58543
Timeout:	539	7.58543
Packet Loss:	539	7.58543
Packet Retrans:	539	7.58553
Timeout:	540	7.58553
Packet Loss:	540	7.58553
Packet Retrans:	540	7.58563
Timeout:	541	7.58563
Packet Loss:	541	7.58563
Packet Retrans:	541	7.58573
Receive Retrans Packet:	525	7.59456
Receive Retrans Packet:	526	7.59625
Timeout:	532	7.60873
Packet Loss:	532	7.60873
Timeout:	533	7.60883
Packet Loss:	533	7.60883
Timeout:	534	7.60893
Packet Loss:	534	7.60893
Packet Send:	542	7.60913
Packet Send:	543	7.60923
Packet Send:	544	7.60933
Receive Retrans Packet:	528	7.61351
Receive Retrans Packet:	529	7.6152
Receive Retrans Packet:	530	7.61776
Receive Retrans Packet:	531	7.61946
Timeout:	535	7.65883
Packet Loss:	535	7.65883
Timeout:	536	7.65893
Packet Loss:	536	7.65893
Timeout:	537	7.65903
Packet Loss:	537	7.65903
Packet Send:	545	7.65923
Packet Send:	546	7.65933
Packet Send:	547	7.65943
Timeout:	538	7.66543
Packet Loss:	538	7.66543
Timeout:	539	7.66553
Packet Loss:	539	7.66553
Timeout:	540	7.66563
Packet Loss:	540	7.66563
Timeout:	541	7.66573
Packet Loss:	541	7.66573
Packet Send:	548	7.66593
Packet Send:	549	7.66603
Packet Send:	550	7.66613
Packet Send:	551	7.66623
Timeout:	542	7.68913
Packet Loss:	542	7.68913
Packet Retrans:	542	7.68923
Timeout:	543	7.68923
Packet Loss:	543	7.68923
Packet Retrans:	543	7.68933
Timeout:	544	7.68933
Packet Loss:	544	7.68933
Packet Retrans:	544	7.68943
Timeout:	545	7.73923
Packet Loss:	545	7.73923
Packet Retrans:	545	7.73933
Timeout:	546	7.73933
Packet Loss:	546	7.73933
Packet Retrans:	546	7.73943
Timeout:	547	7.73943
Packet Loss:	547	7.73943
Packet Retrans:	547	7.73953
Timeout:	548	7.74593
Packet Loss:	548	7.74593
Packet Retrans:	548	7.74603
Timeout:	549	7.74603
Packet Loss:	549	7.74603
Packet Retrans:	549	7.74613
Timeout:	550	7.74613
Packet Loss:	550	7.74613
Packet Retrans:	550	7.74623
Timeout:	551	7.74623
Packet Loss:	551	7.74623
Packet Retrans:	551	7.74633
Timeout:	542	7.76923
Packet Loss:	542	7.76923
Timeout:	543	7.76933
Packet Loss:	543	7.76933
Timeout:	544	7.76943
Packet Loss:	544	7.76943
Packet Send:	552	7.76963
Packet Send:	553	7.76973
Packet Send:	554	7.76983
Timeout:	545	7.81933
Packet Loss:	545	7.81933
Timeout:	546	7.81943
Packet Loss:	546	7.81943
Timeout:	547	7.81953
Packet Loss:	547	7.81953
Packet Send:	555	7.81973
Packet Send:	556	7.81983
Packet Send:	557	7.81993
Timeout:	548	7.82603
Packet Loss:	548	7.82603
Timeout:	549	7.82613
Packet Loss:	549	7.82613
Timeout:	550	7.82623
Packet Loss:	550	7.82623
Timeout:	551	7.82633
Packet Loss:	551	7.82633
Packet Send:	558	7.82653
Packet Send:	559	7.82663
Packet Send:	560	7.82673
Packet Send:	561	7.82683
Timeout:	552	7.84963
Packet Loss:	552	7.84963
Packet Retrans:	552	7.84973
Timeout:	553	7.84973
Packet Loss:	553	7.84973
Packet Retrans:	553	7.84983
Timeout:	554	7.84983
Packet Loss:	554	7.84983
Packet Retrans:	554	7.84993
Receive Retrans Packet:	532	7.85661
Timeout:	555	7.89973
Packet Loss:	555	7.89973
Packet Retrans:	555	7.89983
Timeout:	556	7.89983
Packet Loss:	556	7.89983
Packet Retrans:	556	7.89993
Timeout:	557	7.89993
Packet Loss:	557	7.89993
Packet Retrans:	557	7.90003
Timeout:	558	7.90653
Packet Loss:	558	7.90653
Packet Retrans:	558	7.90663
Timeout:	559	7.90663
Packet Loss:	559	7.90663
Packet Retrans:	559	7.90673
Timeout:	560	7.90673
Packet Loss:	560	7.90673
Packet Retrans:	560	7.90683
Timeout:	561	7.90683
Packet Loss:	561	7.90683
Packet Retrans:	561	7.90693
Timeout:	552	7.92973
Packet Loss:	552	7.92973
Timeout:	553	7.92983
Packet Loss:	553	7.92983
Timeout:	554	7.92993
Packet Loss:	554	7.92993
Packet Send:	562	7.93013
Packet Send:	563	7.93023
Packet Send:	564	7.93033
Timeout:	555	7.97983
Packet Loss:	555	7.97983
Timeout:	556	7.97993
Packet Loss:	556	7.97993
Timeout:	557	7.98003
Packet Loss:	557	7.98003
Packet Send:	565	7.98023
Packet Send:	566	7.98033
Packet Send:	567	7.98043
Timeout:	558	7.98663
Packet Loss:	558	7.98663
Timeout:	559	7.98673
Packet Loss:	559	7.98673
Timeout:	560	7.98683
Packet Loss:	560	7.98683
Timeout:	561	7.98693
Packet Loss:	561	7.98693
Packet Send:	568	7.98713
Packet Send:	569	7.98723
Packet Send:	570	7.98733
Packet Send:	571	7.98743
Timeout:	562	8.01013
Packet Loss:	562	8.01013
Packet Retrans:	562	8.01023
Timeout:	563	8.01023
Packet Loss:	563	8.01023
Packet Retrans:	563	8.01033
Timeout:	564	8.01033
Packet Loss:	564	8.01033
Packet Retrans:	564	8.01043
Receive Retrans Packet:	548	8.05152
Timeout:	565	8.06023
Packet Loss:	565	8.06023
Packet Retrans:	565	8.06033
Timeout:	566	8.06033
Packet Loss:	566	8.06033
Packet Retrans:	566	8.06043
Timeout:	567	8.06043
Packet Loss:	567	8.06043
Packet Retrans:	567	8.06053
Timeout:	568	8.06713
Packet Loss:	568	8.06713
Packet Retrans:	568	8.06723
Timeout:	569	8.06723
Packet Loss:	569	8.06723
Packet Retrans:	569	8.06733
Timeout:	570	8.06733
Packet Loss:	570	8.06733
Packet Retrans:	570	8.06743
Timeout:	571	8.06743
Packet Loss:	571	8.06743
Packet Retrans:	571	8.06753
Receive Retrans Packet:	556	8.08199
Receive Retrans Packet:	559	8.08706
Timeout:	562	8.09023
Packet Loss:	562	8.09023
Timeout:	563	8.09033
Packet Loss:	563	8.09033
Timeout:	564	8.09043
Packet Loss:	564	8.09043
Packet Send:	572	8.09063
Packet Send:	573	8.09073
Packet Send:	574	8.09083
Timeout:	565	8.14033
Packet Loss:	565	8.14033
Timeout:	566	8.14043
Packet Loss:	566	8.14043
Packet Send:	575	8.14063
Packet Send:	576	8.14073
Packet Send:	577	8.14083
Timeout:	568	8.14723
Packet Loss:	568	8.14723
Timeout:	569	8.14733
Packet Loss:	569	8.14733
Timeout:	570	8.14743
Packet Loss:	570	8.14743
Packet Send:	578	8.14763
Packet Send:	579	8.14773
Packet Send:	580	8.14783
Packet Send:	581	8.14793
Packet Loss:	572	8.1674
Packet Loss:	573	8.1674
Packet Loss:	574	8.1674
Packet Retrans:	572	8.16743
Packet Retrans:	573	8.16753
Packet Retrans:	574	8.16763
Packet Loss:	577	8.1744
Packet Retrans:	577	8.17443
Packet Loss:	579	8.17779
Packet Retrans:	579	8.17783
Receive Retrans Packet:	573	8.19589
Receive Retrans Packet:	577	8.2012
Timeout:	581	8.22793
Packet Loss:	581	8.22793
Packet Retrans:	581	8.22803
Timeout:	572	8.24743
Packet Loss:	572	8.24743
Packet Send:	582	8.24763
Timeout:	574	8.24763
Packet Loss:	574	8.24763
Packet Send:	583	8.24783
Packet Send:	584	8.24793
Packet Send:	585	8.24803
Packet Send:	586	8.24813
Packet Send:	587	8.24823
Packet Send:	588	8.24833
Timeout:	579	8.25783
Packet Loss:	579	8.25783
Packet Send:	589	8.25803
Packet Send:	590	8.25813
Packet Loss:	582	8.28286
Packet Loss:	583	8.28286
Packet Loss:	584	8.28286
Packet Loss:	585	8.28286
Packet Loss:	586	8.28286
Packet Retrans:	582	8.28293
Packet Retrans:	583	8.28303
Packet Retrans:	584	8.28313
Packet Retrans:	585	8.28323
Packet Retrans:	586	8.28333
Packet Loss:	588	8.28625
Packet Retrans:	588	8.28633
Timeout:	581	8.30803
Packet Loss:	581	8.30803
Packet Send:	591	8.30823
Receive Retrans Packet:	583	8.31139
Receive Retrans Packet:	585	8.31478
Receive Retrans Packet:	588	8.31816
Timeout:	590	8.33813
Packet Loss:	590	8.33813
Packet Retrans:	590	8.33823
Timeout:	582	8.36293
Packet Loss:	582	8.36293
Packet Send:	592	8.36313
Timeout:	584	8.36313
Packet Loss:	584	8.36313
Packet Send:	593	8.36333
Timeout:	586	8.36333
Packet Loss:	586	8.36333
Packet Send:	594	8.36353
Packet Send:	595	8.36363
Packet Send:	596	8.36373
Packet Send:	597	8.36383
Packet Send:	598	8.36393
Packet Send:	599	8.36403
Packet Send:	600	8.36503
Timeout:	591	8.38823
Packet Loss:	591	8.38823
Packet Retrans:	591	8.38833
Packet Loss:	593	8.39836
Packet Loss:	594	8.39836
Packet Loss:	595	8.39836
Packet Loss:	596	8.39836
Packet Retrans:	593	8.39843
Packet Retrans:	594	8.39853
Packet Retrans:	595	8.39863
Packet Retrans:	596	8.39873
Packet Loss:	598	8.40175
Packet Retrans:	598	8.40183
Receive Retrans Packet:	593	8.4252
Timeout:	600	8.44503
Packet Loss:	600	8.44503
Packet Retrans:	600	8.44513
Timeout:	591	8.46833
Packet Loss:	591	8.46833
Packet Send:	601	8.46853
Packet Send:	602	8.46863
Packet Send:	603	8.46873
Timeout:	594	8.47853
Packet Loss:	594	8.47853
Timeout:	595	8.47863
Packet Loss:	595	8.47863
Timeout:	596	8.47873
Packet Loss:	596	8.47873
Packet Send:	604	8.47893
Packet Send:	605	8.47903
Packet Send:	606	8.47913
Packet Send:	607	8.47923
Timeout:	598	8.48183
Packet Loss:	598	8.48183
Packet Send:	608	8.48203
Packet Send:	609	8.48213
Packet Loss:	601	8.51416
Packet Loss:	602	8.51416
Packet Loss:	603	8.51416
Packet Loss:	604	8.51416
Packet Loss:	605	8.51416
Packet Loss:	606	8.51416
Packet Loss:	607	8.51416
Packet Loss:	608	8.51416
Packet Retrans:	601	8.51422
Packet Retrans:	602	8.51432
Packet Retrans:	603	8.51442
Packet Retrans:	604	8.51452
Packet Retrans:	605	8.51462
Packet Retrans:	606	8.51472
Packet Retrans:	607	8.51482
Packet Retrans:	608	8.51492
Timeout:	600	8.52513
Packet Loss:	600	8.52513
Packet Send:	610	8.52532
Receive Retrans Packet:	601	8.541
Packet Send:	611	8.54102
Receive Retrans Packet:	602	8.54269
Packet Send:	612	8.54272
Receive Retrans Packet:	603	8.54438
Packet Send:	613	8.54442
Receive Retrans Packet:	606	8.54946
Timeout:	604	8.59452
Packet Loss:	604	8.59452
Timeout:	605	8.59462
Packet Loss:	605	8.59462
Packet Send:	614	8.59482
Timeout:	607	8.59482
Packet Loss:	607	8.59482
Timeout:	608	8.59492
Packet Loss:	608	8.59492
Packet Send:	615	8.59512
Packet Send:	616	8.59522
Packet Send:	617	8.59532
Packet Send:	618	8.59542
Packet Send:	619	8.59552
Packet Send:	620	8.59562
Packet Send:	621	8.59572
Packet Send:	622	8.59582
Timeout:	613	8.62442
Packet Loss:	613	8.62442
Packet Retrans:	613	8.62452
Packet Loss:	614	8.62667
Packet Loss:	615	8.62667
Packet Loss:	616	8.62667
Packet Retrans:	614	8.62672
Packet Retrans:	615	8.62682
Packet Retrans:	616	8.62692
Packet Loss:	618	8.63175
Packet Loss:	619	8.63175
Packet Retrans:	618	8.63182
Packet Retrans:	619	8.63192
Receive Retrans Packet:	616	8.65688
Receive Retrans Packet:	618	8.65859
Timeout:	622	8.67582
Packet Loss:	622	8.67582
Packet Retrans:	622	8.67592
Timeout:	613	8.70452
Packet Loss:	613	8.70452
Packet Send:	623	8.70472
Timeout:	614	8.70672
Packet Loss:	614	8.70672
Timeout:	615	8.70682
Packet Loss:	615	8.70682
Packet Send:	624	8.70702
Packet Send:	625	8.70712
Packet Send:	626	8.70722
Packet Send:	627	8.70732
Packet Send:	628	8.70742
Timeout:	619	8.71192
Packet Loss:	619	8.71192
Packet Send:	629	8.71212
Packet Send:	630	8.71222
Packet Send:	631	8.71232
Packet Loss:	623	8.73549
Packet Loss:	624	8.73549
Packet Retrans:	623	8.73552
Packet Retrans:	624	8.73562
Packet Loss:	629	8.74564
Packet Loss:	630	8.74564
Packet Retrans:	629	8.74572
Packet Retrans:	630	8.74582
Timeout:	622	8.75592
Packet Loss:	622	8.75592
Packet Send:	632	8.75612
Receive Retrans Packet:	623	8.76229
Packet Send:	633	8.76232
Receive Retrans Packet:	630	8.77419
Timeout:	624	8.81562
Packet Loss:	624	8.81562
Packet Send:	634	8.81582
Packet Send:	635	8.81592
Packet Send:	636	8.81602
Packet Send:	637	8.81612
Packet Send:	638	8.81622
Timeout:	629	8.82572
Packet Loss:	629	8.82572
Packet Send:	639	8.82592
Packet Send:	640	8.82602
Packet Send:	641	8.82612
Packet Send:	642	8.82622
Timeout:	633	8.84232
Packet Loss:	633	8.84232
Packet Retrans:	633	8.84242
Packet Loss:	634	8.84598
Packet Loss:	635	8.84598
Packet Retrans:	634	8.84602
Packet Retrans:	635	8.84612
Packet Loss:	637	8.85439
Packet Loss:	638	8.85439
Packet Loss:	639	8.85439
Packet Retrans:	637	8.85442
Packet Retrans:	638	8.85452
Packet Retrans:	639	8.85462
Receive Retrans Packet:	634	8.87279
Receive Retrans Packet:	635	8.87449
Receive Retrans Packet:	637	8.88119
Timeout:	641	8.90612
Packet Loss:	641	8.90612
Packet Retrans:	641	8.90622
Timeout:	642	8.90622
Packet Loss:	642	8.90622
Packet Retrans:	642	8.90632
Timeout:	633	8.92242
Packet Loss:	633	8.92242
Packet Send:	643	8.92262
Packet Send:	644	8.92272
Packet Send:	645	8.92282
Packet Send:	646	8.92292
Packet Send:	647	8.92302
Timeout:	638	8.93452
Packet Loss:	638	8.93452
Timeout:	639	8.93462
Packet Loss:	639	8.93462
Packet Send:	648	8.93482
Packet Send:	649	8.93492
Packet Send:	650	8.93502
Packet Send:	651	8.93512
Packet Loss:	643	8.95278
Packet Loss:	644	8.95278
Packet Retrans:	643	8.95282
Packet Retrans:	644	8.95292
Timeout:	642	8.98632
Packet Loss:	642	8.98632
Packet Send:	652	8.98652
Timeout:	646	9.00292
Packet Loss:	646	9.00292
Packet Retrans:	646	9.00302
Timeout:	647	9.00302
Packet Loss:	647	9.00302
Packet Retrans:	647	9.00312
Timeout:	648	9.01482
Packet Loss:	648	9.01482
Packet Retrans:	648	9.01492
Timeout:	649	9.01492
Packet Loss:	649	9.01492
Packet Retrans:	649	9.01502
Timeout:	650	9.01502
Packet Loss:	650	9.01502
Packet Retrans:	650	9.01512
Timeout:	651	9.01512
Packet Loss:	651	9.01512
Packet Retrans:	651	9.01522
Timeout:	643	9.03282
Packet Loss:	643	9.03282
Timeout:	644	9.03292
Packet Loss:	644	9.03292
Packet Send:	653	9.03312
Packet Send:	654	9.03322
Packet Send:	655	9.03332
Packet Send:	656	9.03342
Packet Loss:	652	9.06158
Packet Loss:	653	9.06158
Packet Retrans:	652	9.06162
Packet Retrans:	653	9.06172
Timeout:	647	9.08312
Packet Loss:	647	9.08312
Packet Send:	657	9.08332
Receive Retrans Packet:	652	9.08839
Timeout:	648	9.09492
Packet Loss:	648	9.09492
Timeout:	649	9.09502
Packet Loss:	649	9.09502
Timeout:	650	9.09512
Packet Loss:	650	9.09512
Packet Send:	658	9.09532
Packet Send:	659	9.09542
Packet Send:	660	9.09552
Packet Send:	661	9.09562
Packet Send:	662	9.09572
Packet Loss:	656	9.11009
Packet Retrans:	656	9.11012
Packet Loss:	658	9.12548
Packet Loss:	659	9.12548
Packet Retrans:	658	9.12552
Packet Retrans:	659	9.12562
Packet Loss:	661	9.12886
Packet Retrans:	661	9.12892
Receive Retrans Packet:	656	9.13689
Timeout:	653	9.14172
Packet Loss:	653	9.14172
Packet Send:	663	9.14192
Packet Send:	664	9.14202
Packet Send:	665	9.14212
Packet Send:	666	9.14222
Packet Send:	667	9.14232
Receive Retrans Packet:	658	9.15229
Packet Send:	668	9.15232
Receive Retrans Packet:	659	9.15398
Packet Send:	669	9.15402
Packet Send:	670	9.15412
Packet Loss:	663	9.17038
Packet Retrans:	663	9.17042
Receive Retrans Packet:	663	9.19719
Timeout:	661	9.20892
Packet Loss:	661	9.20892
Packet Send:	671	9.20912
Packet Send:	672	9.20922
Packet Send:	673	9.20932
Packet Send:	674	9.20942
Packet Send:	675	9.20952
Packet Send:	676	9.20962
Timeout:	667	9.22232
Packet Loss:	667	9.22232
Packet Retrans:	667	9.22242
Timeout:	668	9.23232
Packet Loss:	668	9.23232
Packet Retrans:	668	9.23242
Timeout:	669	9.23402
Packet Loss:	669	9.23402
Packet Retrans:	669	9.23412
Timeout:	670	9.23412
Packet Loss:	670	9.23412
Packet Retrans:	670	9.23422
Timeout:	672	9.28922
Packet Loss:	672	9.28922
Packet Retrans:	672	9.28932
Timeout:	673	9.28932
Packet Loss:	673	9.28932
Packet Retrans:	673	9.28942
Timeout:	674	9.28942
Packet Loss:	674	9.28942
Packet Retrans:	674	9.28952
Timeout:	675	9.28952
Packet Loss:	675	9.28952
Packet Retrans:	675	9.28962
Timeout:	676	9.28962
Packet Loss:	676	9.28962
Packet Retrans:	676	9.28972
Timeout:	667	9.30242
Packet Loss:	667	9.30242
Packet Send:	677	9.30262
Timeout:	668	9.31242
Packet Loss:	668	9.31242
Packet Send:	678	9.31262
Timeout:	669	9.31412
Packet Loss:	669	9.31412
Timeout:	670	9.31422
Packet Loss:	670	9.31422
Packet Send:	679	9.31442
Packet Send:	680	9.31452
Packet Send:	681	9.31462
Packet Send:	682	9.31612
Packet Loss:	678	9.34457
Packet Loss:	679	9.34457
Packet Loss:	680	9.34457
Packet Retrans:	678	9.34462
Packet Retrans:	679	9.34472
Packet Retrans:	680	9.34482
Timeout:	673	9.36942
Packet Loss:	673	9.36942
Packet Send:	683	9.36962
Timeout:	675	9.36962
Packet Loss:	675	9.36962
Timeout:	676	9.36972
Packet Loss:	676	9.36972
Packet Send:	684	9.36992
Packet Send:	685	9.37002
Packet Send:	686	9.37012
Packet Send:	687	9.37022
Receive Retrans Packet:	678	9.37139
Packet Send:	688	9.37142
Receive Retrans Packet:	679	9.37308
Packet Send:	689	9.37312
Receive Retrans Packet:	680	9.37477
Packet Send:	690	9.37482
Packet Send:	691	9.37492
Packet Send:	692	9.37502
Packet Send:	693	9.39642
Packet Send:	694	9.39812
Packet Loss:	685	9.40147
Packet Retrans:	685	9.40152
Packet Loss:	688	9.40824
Packet Loss:	689	9.40824
Packet Retrans:	688	9.40832
Packet Retrans:	689	9.40842
Packet Loss:	693	9.42489
Packet Retrans:	693	9.42492
Receive Retrans Packet:	685	9.42829
Packet Send:	695	9.42832
Packet Send:	696	9.42842
Packet Send:	697	9.42852
Receive Retrans Packet:	688	9.43509
Packet Send:	698	9.43512
Receive Retrans Packet:	689	9.43678
Packet Send:	699	9.43682
Packet Send:	700	9.43692
Packet Send:	701	9.43702
Packet Send:	702	9.43712
Packet Loss:	696	9.45847
Packet Retrans:	696	9.45852
Packet Loss:	698	9.46359
Packet Retrans:	698	9.46362
Receive Retrans Packet:	696	9.48529
Timeout:	693	9.50492
Packet Loss:	693	9.50492
Packet Send:	703	9.50511
Packet Send:	704	9.50521
Packet Send:	705	9.50531
Packet Send:	706	9.50541
Packet Send:	707	9.50551
Timeout:	700	9.51692
Packet Loss:	700	9.51692
Packet Retrans:	700	9.51701
Timeout:	701	9.51702
Packet Loss:	701	9.51702
Packet Retrans:	701	9.51711
Timeout:	702	9.51712
Packet Loss:	702	9.51712
Packet Retrans:	702	9.51721
Packet Loss:	703	9.53527
Packet Loss:	704	9.53527
Packet Retrans:	703	9.53531
Packet Retrans:	704	9.53541
Timeout:	698	9.54362
Packet Loss:	698	9.54362
Packet Send:	708	9.54381
Packet Send:	709	9.54391
Timeout:	706	9.58541
Packet Loss:	706	9.58541
Packet Retrans:	706	9.58551
Timeout:	707	9.58551
Packet Loss:	707	9.58551
Packet Retrans:	707	9.58561
Timeout:	700	9.59701
Packet Loss:	700	9.59701
Timeout:	701	9.59711
Packet Loss:	701	9.59711
Timeout:	702	9.59721
Packet Loss:	702	9.59721
Packet Send:	710	9.59741
Packet Send:	711	9.59751
Packet Send:	712	9.59761
Timeout:	703	9.61531
Packet Loss:	703	9.61531
Timeout:	704	9.61541
Packet Loss:	704	9.61541
Packet Send:	713	9.61561
Packet Send:	714	9.61571
Packet Send:	715	9.61581
Timeout:	708	9.62381
Packet Loss:	708	9.62381
Packet Retrans:	708	9.62391
Timeout:	709	9.62391
Packet Loss:	709	9.62391
Packet Retrans:	709	9.62401
Timeout:	706	9.66551
Packet Loss:	706	9.66551
Timeout:	707	9.66561
Packet Loss:	707	9.66561
Packet Send:	716	9.66581
Packet Send:	717	9.66591
Timeout:	710	9.67741
Packet Loss:	710	9.67741
Packet Retrans:	710	9.67751
Timeout:	711	9.67751
Packet Loss:	711	9.67751
Packet Retrans:	711	9.67761
Timeout:	712	9.67761
Packet Loss:	712	9.67761
Packet Retrans:	712	9.67771
Timeout:	713	9.69561
Packet Loss:	713	9.69561
Packet Retrans:	713	9.69571
Timeout:	714	9.69571
Packet Loss:	714	9.69571
Packet Retrans:	714	9.69581
Timeout:	715	9.69581
Packet Loss:	715	9.69581
Packet Retrans:	715	9.69591
Timeout:	708	9.70391
Packet Loss:	708	9.70391
Packet Send:	718	9.70411
Packet Send:	719	9.70421
Packet Loss:	716	9.73258
Packet Loss:	717	9.73258
Packet Loss:	718	9.73258
Packet Retrans:	716	9.73261
Packet Retrans:	717	9.73271
Packet Retrans:	718	9.73281
Timeout:	710	9.75751
Packet Loss:	710	9.75751
Timeout:	711	9.75761
Packet Loss:	711	9.75761
Packet Send:	720	9.75781
Packet Send:	721	9.75791
Packet Send:	722	9.75801
Packet Send:	723	9.75811
Packet Send:	724	9.75821
Packet Send:	725	9.75831
Packet Loss:	721	9.79135
Packet Loss:	722	9.79135
Packet Loss:	723	9.79135
Packet Retrans:	721	9.79141
Packet Retrans:	722	9.79151
Packet Retrans:	723	9.79161
Timeout:	716	9.81261
Packet Loss:	716	9.81261
Timeout:	717	9.81271
Packet Loss:	717	9.81271
Timeout:	718	9.81281
Packet Loss:	718	9.81281
Packet Send:	726	9.81301
Packet Send:	727	9.81311
Packet Send:	728	9.81321
Packet Send:	729	9.81331
Packet Send:	730	9.81341
Receive Retrans Packet:	723	9.82157
Packet Loss:	726	9.84655
Packet Loss:	727	9.84655
Packet Loss:	728	9.84655
Packet Loss:	729	9.84655
Packet Retrans:	726	9.84661
Packet Retrans:	727	9.84671
Packet Retrans:	728	9.84681
Packet Retrans:	729	9.84691
Timeout:	721	9.87141
Packet Loss:	721	9.87141
Timeout:	722	9.87151
Packet Loss:	722	9.87151
Packet Send:	731	9.87171
Packet Send:	732	9.87181
Packet Send:	733	9.87191
Packet Send:	734	9.87201
Packet Send:	735	9.87211
Receive Retrans Packet:	728	9.87677
Packet Loss:	731	9.90187
Packet Loss:	732	9.90187
Packet Retrans:	731	9.90191
Packet Retrans:	732	9.90201
Timeout:	726	9.92661
Packet Loss:	726	9.92661
Timeout:	727	9.92671
Packet Loss:	727	9.92671
Packet Send:	736	9.92691
Timeout:	729	9.92691
Packet Loss:	729	9.92691
Packet Send:	737	9.92711
Packet Send:	738	9.92721
Packet Send:	739	9.92731
Packet Send:	740	9.92741
Timeout:	734	9.95201
Packet Loss:	734	9.95201
Packet Retrans:	734	9.95211
Timeout:	735	9.95211
Packet Loss:	735	9.95211
Packet Retrans:	735	9.95221
Receive Retrans Packet:	735	9.98057
Timeout:	731	9.98191
Packet Loss:	731	9.98191
Timeout:	732	9.98201
Packet Loss:	732	9.98201
Packet Send:	741	9.98221
Packet Send:	742	9.98231
Packet Send:	743	9.98241
Timeout:	739	10.0073
Packet Loss:	739	10.0073
Packet Retrans:	739	10.0074
Timeout:	740	10.0074
Packet Loss:	740	10.0074
Packet Retrans:	740	10.0075
Packet Loss:	741	10.0107
Packet Retrans:	741	10.0107
Timeout:	734	10.0321
Packet Loss:	734	10.0321
Packet Send:	744	10.0323
Packet Send:	745	10.0324
Packet Send:	746	10.0325
Packet Send:	747	10.0326
Packet Send:	748	10.0327
Receive Retrans Packet:	739	10.0342
Packet Send:	749	10.0342
Receive Retrans Packet:	740	10.0359
Packet Send:	750	10.0359
Timeout:	743	10.0624
Packet Loss:	743	10.0624
Packet Retrans:	743	10.0625
Packet Loss:	744	10.0642
Packet Loss:	745	10.0642
Packet Loss:	746	10.0642
Packet Retrans:	744	10.0642
Packet Retrans:	745	10.0643
Packet Retrans:	746	10.0644
Packet Loss:	748	10.0675
Packet Retrans:	748	10.0676
Receive Retrans Packet:	743	10.0893
Timeout:	741	10.0907
Packet Loss:	741	10.0907
Packet Send:	751	10.0909
Receive Retrans Packet:	744	10.091
Packet Send:	752	10.091
Packet Send:	753	10.0911
Packet Send:	754	10.0912
Timeout:	750	10.1159
Packet Loss:	750	10.1159
Packet Retrans:	750	10.116
Packet Loss:	751	10.1211
Packet Loss:	752	10.1211
Packet Retrans:	751	10.1211
Packet Retrans:	752	10.1212
Timeout:	745	10.1443
Packet Loss:	745	10.1443
Timeout:	746	10.1444
Packet Loss:	746	10.1444
Packet Send:	755	10.1446
Packet Send:	756	10.1447
Packet Send:	757	10.1448
Timeout:	748	10.1476
Packet Loss:	748	10.1476
Packet Send:	758	10.1478
Receive Retrans Packet:	751	10.1479
Packet Send:	759	10.1479
Timeout:	754	10.1712
Packet Loss:	754	10.1712
Packet Retrans:	754	10.1713
Packet Loss:	755	10.1748
Packet Loss:	756	10.1748
Packet Retrans:	755	10.1748
Packet Retrans:	756	10.1749
Packet Loss:	758	10.1782
Packet Retrans:	758	10.1782
Timeout:	750	10.196
Packet Loss:	750	10.196
Packet Send:	760	10.1962
Packet Send:	761	10.1963
Timeout:	752	10.2012
Packet Loss:	752	10.2012
Packet Send:	762	10.2014
Packet Send:	763	10.2015
Receive Retrans Packet:	758	10.205
Packet Loss:	761	10.2282
Packet Retrans:	761	10.2282
Timeout:	754	10.2513
Packet Loss:	754	10.2513
Packet Send:	764	10.2515
Timeout:	755	10.2548
Packet Loss:	755	10.2548
Timeout:	756	10.2549
Packet Loss:	756	10.2549
Receive Retrans Packet:	761	10.255
Packet Send:	765	10.2551
Packet Send:	766	10.2552
Packet Send:	767	10.2553
Packet Send:	768	10.2554
Packet Send:	769	10.2555
Packet Send:	770	10.2556
Packet Send:	771	10.2557
Packet Send:	772	10.2558
Packet Loss:	763	10.2783
Packet Retrans:	763	10.2783
Packet Loss:	765	10.2886
Packet Loss:	766	10.2886
Packet Loss:	767	10.2886
Packet Loss:	768	10.2886
Packet Retrans:	765	10.2887
Packet Retrans:	766	10.2888
Packet Retrans:	767	10.2889
Packet Retrans:	768	10.289
Receive Retrans Packet:	763	10.3051
Packet Send:	773	10.3051
Packet Send:	774	10.3052
Receive Retrans Packet:	767	10.3189
Receive Retrans Packet:	768	10.3206
Packet Loss:	770	10.3319
Packet Loss:	771	10.3319
Packet Loss:	772	10.3319
Packet Retrans:	770	10.3319
Packet Retrans:	771	10.332
Packet Retrans:	772	10.3321
Receive Retrans Packet:	772	10.3621
Timeout:	765	10.3687
Packet Loss:	765	10.3687
Timeout:	766	10.3688
Packet Loss:	766	10.3688
Packet Send:	775	10.369
Packet Send:	776	10.3691
Packet Send:	777	10.3692
Packet Send:	778	10.3693
Packet Send:	779	10.3694
Timeout:	774	10.3852
Packet Loss:	774	10.3852
Packet Retrans:	774	10.3853
Packet Loss:	775	10.3992
Packet Loss:	776	10.3992
Packet Retrans:	775	10.3992
Packet Retrans:	776	10.3993
Timeout:	770	10.4119
Packet Loss:	770	10.4119
Timeout:	771	10.412
Packet Loss:	771	10.412
Receive Retrans Packet:	774	10.4121
Packet Send:	780	10.4122
Packet Send:	781	10.4123
Packet Send:	782	10.4124
Packet Send:	783	10.4125
Packet Send:	784	10.4126
Receive Retrans Packet:	776	10.4277
Packet Loss:	778	10.4457
Packet Loss:	779	10.4457
Packet Loss:	780	10.4457
Packet Loss:	781	10.4457
Packet Loss:	782	10.4457
Packet Loss:	783	10.4457
Packet Retrans:	778	10.4458
Packet Retrans:	779	10.4459
Packet Retrans:	780	10.446
Packet Retrans:	781	10.4461
Packet Retrans:	782	10.4462
Packet Retrans:	783	10.4463
Receive Retrans Packet:	778	10.4726
Receive Retrans Packet:	780	10.476
Receive Retrans Packet:	781	10.4777
Timeout:	775	10.4792
Packet Loss:	775	10.4792
Packet Send:	785	10.4794
Packet Send:	786	10.4795
Packet Send:	787	10.4796
Packet Send:	788	10.4797
Receive Retrans Packet:	783	10.481
Timeout:	779	10.5259
Packet Loss:	779	10.5259
Packet Send:	789	10.5261
Packet Send:	790	10.5262
Timeout:	782	10.5262
Packet Loss:	782	10.5262
Packet Send:	791	10.5264
Packet Send:	792	10.5265
Packet Send:	793	10.5266
Packet Send:	794	10.5267
Packet Loss:	785	10.5563
Packet Loss:	786	10.5563
Packet Loss:	787	10.5563
Packet Loss:	788	10.5563
Packet Loss:	789	10.5563
Packet Loss:	790	10.5563
Packet Retrans:	785	10.5563
Packet Retrans:	786	10.5564
Packet Retrans:	787	10.5565
Packet Retrans:	788	10.5566
Packet Retrans:	789	10.5567
Packet Retrans:	790	10.5568
Packet Loss:	793	10.5613
Packet Retrans:	793	10.5614
Receive Retrans Packet:	789	10.5898
Receive Retrans Packet:	793	10.5932
Timeout:	785	10.6363
Packet Loss:	785	10.6363
Timeout:	786	10.6364
Packet Loss:	786	10.6364
Timeout:	787	10.6365
Packet Loss:	787	10.6365
Timeout:	788	10.6366
Packet Loss:	788	10.6366
Packet Send:	795	10.6368
Timeout:	790	10.6368
Packet Loss:	790	10.6368
Packet Send:	796	10.637
Packet Send:	797	10.6371
Packet Send:	798	10.6372
Packet Send:	799	10.6373
Packet Send:	800	10.6374
Packet Send:	801	10.6375
Packet Send:	802	10.6376
Packet Send:	803	10.6377
Packet Send:	804	10.6378
Packet Loss:	795	10.7074
Packet Retrans:	795	10.7075
Packet Loss:	798	10.7125
Packet Retrans:	798	10.7126
Timeout:	800	10.7174
Packet Loss:	800	10.7174
Packet Retrans:	800	10.7175
Timeout:	801	10.7175
Packet Loss:	801	10.7175
Packet Retrans:	801	10.7176
Timeout:	802	10.7176
Packet Loss:	802	10.7176
Packet Retrans:	802	10.7177
Timeout:	803	10.7177
Packet Loss:	803	10.7177
Packet Retrans:	803	10.7178
Timeout:	804	10.7178
Packet Loss:	804	10.7178
Packet Retrans:	804	10.7179
Timeout:	795	10.7875
Packet Loss:	795	10.7875
Packet Send:	805	10.7877
Packet Send:	806	10.7878
Packet Send:	807	10.7879
Timeout:	798	10.7926
Packet Loss:	798	10.7926
Packet Send:	808	10.7928
Packet Send:	809	10.7929
Timeout:	800	10.7975
Packet Loss:	800	10.7975
Timeout:	801	10.7976
Packet Loss:	801	10.7976
Packet Send:	810	10.7978
Timeout:	803	10.7978
Packet Loss:	803	10.7978
Packet Send:	811	10.798
Packet Send:	812	10.7981
Packet Send:	813	10.7982
Packet Send:	814	10.7983
Timeout:	805	10.8677
Packet Loss:	805	10.8677
Packet Retrans:	805	10.8678
Timeout:	806	10.8678
Packet Loss:	806	10.8678
Packet Retrans:	806	10.8679
Timeout:	807	10.8679
Packet Loss:	807	10.8679
Packet Retrans:	807	10.868
Receive Retrans Packet:	795	10.8718
Timeout:	808	10.8728
Packet Loss:	808	10.8728
Packet Retrans:	808	10.8729
Timeout:	809	10.8729
Packet Loss:	809	10.8729
Packet Retrans:	809	10.873
Timeout:	810	10.8778
Packet Loss:	810	10.8778
Packet Retrans:	810	10.8779
Timeout:	811	10.878
Packet Loss:	811	10.878
Packet Retrans:	811	10.8781
Timeout:	812	10.8781
Packet Loss:	812	10.8781
Packet Retrans:	812	10.8782
Timeout:	813	10.8782
Packet Loss:	813	10.8782
Packet Retrans:	813	10.8783
Timeout:	814	10.8783
Packet Loss:	814	10.8783
Packet Retrans:	814	10.8784
Receive Retrans Packet:	804	10.9037
Timeout:	805	10.9478
Packet Loss:	805	10.9478
Timeout:	806	10.9479
Packet Loss:	806	10.9479
Timeout:	807	10.948
Packet Loss:	807	10.948
Packet Send:	815	10.9482
Packet Send:	816	10.9483
Packet Send:	817	10.9484
Timeout:	808	10.9529
Packet Loss:	808	10.9529
Timeout:	809	10.953
Packet Loss:	809	10.953
Packet Send:	818	10.9532
Packet Send:	819	10.9533
Timeout:	810	10.9579
Packet Loss:	810	10.9579
Packet Send:	820	10.9581
Timeout:	811	10.9581
Packet Loss:	811	10.9581
Timeout:	812	10.9582
Packet Loss:	812	10.9582
Timeout:	813	10.9583
Packet Loss:	813	10.9583
Timeout:	814	10.9584
Packet Loss:	814	10.9584
Packet Send:	821	10.9586
Packet Send:	822	10.9587
Packet Send:	823	10.9588
Packet Send:	824	10.9589
Timeout:	815	11.0282
Packet Loss:	815	11.0282
Packet Retrans:	815	11.0283
Timeout:	816	11.0283
Packet Loss:	816	11.0283
Packet Retrans:	816	11.0284
Timeout:	817	11.0284
Packet Loss:	817	11.0284
Packet Retrans:	817	11.0285
Timeout:	818	11.0332
Packet Loss:	818	11.0332
Packet Retrans:	818	11.0333
Timeout:	819	11.0333
Packet Loss:	819	11.0333
Packet Retrans:	819	11.0334
Timeout:	820	11.0381
Packet Loss:	820	11.0381
Packet Retrans:	820	11.0382
Timeout:	821	11.0386
Packet Loss:	821	11.0386
Packet Retrans:	821	11.0387
Timeout:	822	11.0387
Packet Loss:	822	11.0387
Packet Retrans:	822	11.0388
Timeout:	823	11.0388
Packet Loss:	823	11.0388
Packet Retrans:	823	11.0389
Timeout:	824	11.0389
Packet Loss:	824	11.0389
Packet Retrans:	824	11.039
Timeout:	815	11.1083
Packet Loss:	815	11.1083
Timeout:	816	11.1084
Packet Loss:	816	11.1084
Timeout:	817	11.1085
Packet Loss:	817	11.1085
Packet Send:	825	11.1087
Packet Send:	826	11.1088
Packet Send:	827	11.1089
Timeout:	818	11.1133
Packet Loss:	818	11.1133
Timeout:	819	11.1134
Packet Loss:	819	11.1134
Packet Send:	828	11.1136
Packet Send:	829	11.1137
Timeout:	820	11.1182
Packet Loss:	820	11.1182
Packet Send:	830	11.1184
Timeout:	821	11.1187
Packet Loss:	821	11.1187
Timeout:	822	11.1188
Packet Loss:	822	11.1188
Timeout:	823	11.1189
Packet Loss:	823	11.1189
Timeout:	824	11.119
Packet Loss:	824	11.119
Packet Send:	831	11.1192
Packet Send:	832	11.1193
Packet Send:	833	11.1194
Packet Send:	834	11.1195
Timeout:	825	11.1887
Packet Loss:	825	11.1887
Packet Retrans:	825	11.1888
Timeout:	826	11.1888
Packet Loss:	826	11.1888
Packet Retrans:	826	11.1889
Timeout:	827	11.1889
Packet Loss:	827	11.1889
Packet Retrans:	827	11.189
Timeout:	828	11.1936
Packet Loss:	828	11.1936
Packet Retrans:	828	11.1937
Timeout:	829	11.1937
Packet Loss:	829	11.1937
Packet Retrans:	829	11.1938
Timeout:	830	11.1984
Packet Loss:	830	11.1984
Packet Retrans:	830	11.1985
Timeout:	831	11.1992
Packet Loss:	831	11.1992
Packet Retrans:	831	11.1993
Timeout:	832	11.1993
Packet Loss:	832	11.1993
Packet Retrans:	832	11.1994
Timeout:	833	11.1994
Packet Loss:	833	11.1994
Packet Retrans:	833	11.1995
Timeout:	834	11.1995
Packet Loss:	834	11.1995
Packet Retrans:	834	11.1996
Receive Retrans Packet:	806	11.2414
Receive Retrans Packet:	808	11.256
Receive Retrans Packet:	809	11.2577
Timeout:	825	11.2688
Packet Loss:	825	11.2688
Timeout:	826	11.2689
Packet Loss:	826	11.2689
Timeout:	827	11.269
Packet Loss:	827	11.269
Packet Send:	835	11.2692
Packet Send:	836	11.2693
Packet Send:	837	11.2694
Receive Retrans Packet:	810	11.2698
Timeout:	828	11.2737
Packet Loss:	828	11.2737
Timeout:	829	11.2738
Packet Loss:	829	11.2738
Packet Send:	838	11.274
Packet Send:	839	11.2741
Timeout:	830	11.2785
Packet Loss:	830	11.2785
Packet Send:	840	11.2787
Timeout:	831	11.2793
Packet Loss:	831	11.2793
Timeout:	832	11.2794
Packet Loss:	832	11.2794
Timeout:	833	11.2795
Packet Loss:	833	11.2795
Timeout:	834	11.2796
Packet Loss:	834	11.2796
Packet Send:	841	11.2798
Packet Send:	842	11.2799
Packet Send:	843	11.28
Packet Send:	844	11.2801
Receive Retrans Packet:	815	11.3421
Receive Retrans Packet:	816	11.3437
Receive Retrans Packet:	818	11.3471
Timeout:	835	11.3492
Packet Loss:	835	11.3492
Packet Retrans:	835	11.3493
Timeout:	836	11.3493
Packet Loss:	836	11.3493
Packet Retrans:	836	11.3494
Timeout:	837	11.3494
Packet Loss:	837	11.3494
Packet Retrans:	837	11.3495
Timeout:	838	11.354
Packet Loss:	838	11.354
Packet Retrans:	838	11.3541
Timeout:	839	11.3541
Packet Loss:	839	11.3541
Packet Retrans:	839	11.3542
Receive Retrans Packet:	823	11.3556
Receive Retrans Packet:	824	11.3573
Timeout:	840	11.3587
Packet Loss:	840	11.3587
Packet Retrans:	840	11.3588
Timeout:	841	11.3598
Packet Loss:	841	11.3598
Packet Retrans:	841	11.3599
Timeout:	842	11.3599
Packet Loss:	842	11.3599
Packet Retrans:	842	11.36
Timeout:	843	11.36
Packet Loss:	843	11.36
Packet Retrans:	843	11.3601
Timeout:	844	11.3601
Packet Loss:	844	11.3601
Packet Retrans:	844	11.3602
Receive Retrans Packet:	825	11.3759
Receive Retrans Packet:	832	11.3878
Receive Retrans Packet:	837	11.4132
Receive Retrans Packet:	838	11.4148
Receive Retrans Packet:	841	11.4199
Receive Retrans Packet:	842	11.4216
Timeout:	835	11.4293
Packet Loss:	835	11.4293
Packet Send:	845	11.4295
Packet Send:	846	11.4296
Packet Send:	847	11.4297
Packet Send:	848	11.4298
Timeout:	839	11.4342
Packet Loss:	839	11.4342
Packet Send:	849	11.4344
Timeout:	840	11.4388
Packet Loss:	840	11.4388
Packet Send:	850	11.439
Packet Send:	851	11.4391
Packet Send:	852	11.4392
Packet Send:	853	11.4393
Packet Send:	854	11.4394
Packet Loss:	845	11.4675
Packet Loss:	846	11.4675
Packet Loss:	847	11.4675
Packet Loss:	848	11.4675
Packet Loss:	849	11.4675
Packet Loss:	850	11.4675
Packet Retrans:	845	11.4675
Packet Retrans:	846	11.4676
Packet Retrans:	847	11.4677
Packet Retrans:	848	11.4678
Packet Retrans:	849	11.4679
Packet Retrans:	850	11.468
Receive Retrans Packet:	847	11.4977
Receive Retrans Packet:	849	11.501
Timeout:	845	11.5475
Packet Loss:	845	11.5475
Timeout:	846	11.5476
Packet Loss:	846	11.5476
Packet Send:	855	11.5478
Timeout:	848	11.5478
Packet Loss:	848	11.5478
Packet Send:	856	11.548
Timeout:	850	11.548
Packet Loss:	850	11.548
Packet Send:	857	11.5482
Packet Send:	858	11.5483
Packet Send:	859	11.5484
Packet Send:	860	11.5485
Packet Send:	861	11.5486
Packet Send:	862	11.5487
Packet Send:	863	11.5488
Packet Send:	864	11.5489
Packet Loss:	855	11.5813
Packet Loss:	856	11.5813
Packet Loss:	857	11.5813
Packet Loss:	858	11.5813
Packet Retrans:	855	11.5814
Packet Retrans:	856	11.5815
Packet Retrans:	857	11.5816
Packet Retrans:	858	11.5817
Packet Loss:	860	11.5864
Packet Loss:	861	11.5864
Packet Retrans:	860	11.5865
Packet Retrans:	861	11.5866
Receive Retrans Packet:	855	11.6082
Packet Send:	865	11.6082
Timeout:	864	11.6289
Packet Loss:	864	11.6289
Packet Retrans:	864	11.629
Timeout:	856	11.6615
Packet Loss:	856	11.6615
Timeout:	857	11.6616
Packet Loss:	857	11.6616
Timeout:	858	11.6617
Packet Loss:	858	11.6617
Packet Send:	866	11.6619
Packet Send:	867	11.662
Packet Send:	868	11.6621
Packet Send:	869	11.6622
Timeout:	860	11.6665
Packet Loss:	860	11.6665
Timeout:	861	11.6666
Packet Loss:	861	11.6666
Packet Send:	870	11.6668
Packet Send:	871	11.6669
Packet Send:	872	11.667
Packet Send:	873	11.6671
Timeout:	865	11.6882
Packet Loss:	865	11.6882
Packet Retrans:	865	11.6883
Packet Loss:	866	11.6904
Packet Retrans:	866	11.6904
Packet Loss:	869	11.6988
Packet Loss:	870	11.6988
Packet Loss:	871	11.6988
Packet Retrans:	869	11.6989
Packet Retrans:	870	11.699
Packet Retrans:	871	11.6991
Timeout:	864	11.709
Packet Loss:	864	11.709
Packet Send:	874	11.7092
Receive Retrans Packet:	865	11.7151
Packet Send:	875	11.7151
Receive Retrans Packet:	866	11.7172
Packet Send:	876	11.7172
Packet Send:	877	11.7173
Packet Send:	878	11.7174
Receive Retrans Packet:	869	11.7257
Packet Send:	879	11.7257
Receive Retrans Packet:	870	11.7274
Packet Send:	880	11.7274
Packet Loss:	873	11.736
Packet Retrans:	873	11.736
Packet Loss:	875	11.744
Packet Retrans:	875	11.744
Timeout:	871	11.7791
Packet Loss:	871	11.7791
Packet Send:	881	11.7793
Packet Send:	882	11.7794
Packet Loss:	880	11.8061
Packet Retrans:	880	11.8061
Timeout:	873	11.816
Packet Loss:	873	11.816
Packet Send:	883	11.8162
Packet Send:	884	11.8163
Timeout:	875	11.824
Packet Loss:	875	11.824
Packet Send:	885	11.8242
Packet Send:	886	11.8243
Packet Send:	887	11.8244
Packet Send:	888	11.8245
Packet Send:	889	11.8246
Timeout:	880	11.8861
Packet Loss:	880	11.8861
Packet Send:	890	11.8863
Packet Send:	891	11.8864
Packet Send:	892	11.8865
Timeout:	883	11.8962
Packet Loss:	883	11.8962
Packet Retrans:	883	11.8963
Timeout:	884	11.8963
Packet Loss:	884	11.8963
Packet Retrans:	884	11.8964
Timeout:	885	11.9042
Packet Loss:	885	11.9042
Packet Retrans:	885	11.9043
Timeout:	886	11.9043
Packet Loss:	886	11.9043
Packet Retrans:	886	11.9044
Timeout:	887	11.9044
Packet Loss:	887	11.9044
Packet Retrans:	887	11.9045
Timeout:	888	11.9045
Packet Loss:	888	11.9045
Packet Retrans:	888	11.9046
Timeout:	889	11.9046
Packet Loss:	889	11.9046
Packet Retrans:	889	11.9047
Packet Send:	893	11.9231
Timeout:	890	11.9663
Packet Loss:	890	11.9663
Packet Retrans:	890	11.9664
Timeout:	891	11.9664
Packet Loss:	891	11.9664
Packet Retrans:	891	11.9665
Timeout:	892	11.9665
Packet Loss:	892	11.9665
Packet Retrans:	892	11.9666
Timeout:	884	11.9764
Packet Loss:	884	11.9764
Packet Send:	894	11.9766
Timeout:	885	11.9843
Packet Loss:	885	11.9843
Timeout:	886	11.9844
Packet Loss:	886	11.9844
Timeout:	887	11.9845
Packet Loss:	887	11.9845
Timeout:	888	11.9846
Packet Loss:	888	11.9846
Timeout:	889	11.9847
Packet Loss:	889	11.9847
Packet Send:	895	11.9849
Packet Send:	896	11.985
Packet Send:	897	11.9851
Packet Send:	898	11.9852
Packet Send:	899	11.9853
Timeout:	893	12.0031
Packet Loss:	893	12.0031
Packet Retrans:	893	12.0032
Timeout:	890	12.0464
Packet Loss:	890	12.0464
Timeout:	891	12.0465
Packet Loss:	891	12.0465
Timeout:	892	12.0466
Packet Loss:	892	12.0466
Packet Send:	900	12.0468
Packet Send:	901	12.0469
Packet Send:	902	12.047
Timeout:	894	12.0566
Packet Loss:	894	12.0566
Packet Retrans:	894	12.0567
Timeout:	895	12.0649
Packet Loss:	895	12.0649
Packet Retrans:	895	12.065
Timeout:	896	12.065
Packet Loss:	896	12.065
Packet Retrans:	896	12.0651
Timeout:	897	12.0651
Packet Loss:	897	12.0651
Packet Retrans:	897	12.0652
Timeout:	898	12.0652
Packet Loss:	898	12.0652
Packet Retrans:	898	12.0653
Timeout:	899	12.0653
Packet Loss:	899	12.0653
Packet Retrans:	899	12.0654
Packet Loss:	900	12.0753
Packet Retrans:	900	12.0753
Timeout:	893	12.0832
Packet Loss:	893	12.0832
Packet Send:	903	12.0834
Receive Retrans Packet:	895	12.0918
Receive Retrans Packet:	900	12.1021
Timeout:	894	12.1367
Packet Loss:	894	12.1367
Packet Send:	904	12.1369
Packet Send:	905	12.137
Timeout:	896	12.1451
Packet Loss:	896	12.1451
Timeout:	897	12.1452
Packet Loss:	897	12.1452
Timeout:	898	12.1453
Packet Loss:	898	12.1453
Timeout:	899	12.1454
Packet Loss:	899	12.1454
Packet Send:	906	12.1456
Packet Send:	907	12.1457
Packet Send:	908	12.1458
Packet Send:	909	12.1459
Packet Send:	910	12.146
Packet Send:	911	12.1461
Packet Send:	912	12.1462
Timeout:	903	12.1634
Packet Loss:	903	12.1634
Packet Retrans:	903	12.1635
Packet Loss:	906	12.1825
Packet Loss:	907	12.1825
Packet Loss:	908	12.1825
Packet Loss:	909	12.1825
Packet Loss:	910	12.1825
Packet Loss:	911	12.1825
Packet Retrans:	906	12.1826
Packet Retrans:	907	12.1827
Packet Retrans:	908	12.1828
Packet Retrans:	909	12.1829
Packet Retrans:	910	12.183
Packet Retrans:	911	12.1831
Receive Retrans Packet:	903	12.1903
Packet Send:	913	12.1903
Packet Send:	914	12.1904
Packet Send:	915	12.1905
Receive Retrans Packet:	909	12.2144
Receive Retrans Packet:	910	12.2161
Packet Loss:	913	12.2212
Packet Retrans:	913	12.2213
Timeout:	906	12.2626
Packet Loss:	906	12.2626
Timeout:	907	12.2627
Packet Loss:	907	12.2627
Timeout:	908	12.2628
Packet Loss:	908	12.2628
Packet Send:	916	12.263
Packet Send:	917	12.2631
Timeout:	911	12.2631
Packet Loss:	911	12.2631
Packet Send:	918	12.2633
Packet Send:	919	12.2634
Packet Send:	920	12.2635
Packet Send:	921	12.2636
Packet Send:	922	12.2637
Timeout:	915	12.2705
Packet Loss:	915	12.2705
Packet Retrans:	915	12.2706
Packet Loss:	916	12.2915
Packet Retrans:	916	12.2915
Packet Loss:	918	12.2948
Packet Retrans:	918	12.2949
Packet Loss:	920	12.2999
Packet Loss:	921	12.2999
Packet Retrans:	920	12.3
Packet Retrans:	921	12.3001
Timeout:	913	12.3013
Packet Loss:	913	12.3013
Packet Send:	923	12.3015
Packet Send:	924	12.3016
Receive Retrans Packet:	916	12.3183
Receive Retrans Packet:	918	12.3217
Receive Retrans Packet:	920	12.3268
Timeout:	915	12.3506
Packet Loss:	915	12.3506
Packet Send:	925	12.3508
Packet Send:	926	12.3509
Packet Send:	927	12.351
Packet Send:	928	12.3511
Packet Send:	929	12.3512
Packet Send:	930	12.3513
Timeout:	921	12.3801
Packet Loss:	921	12.3801
Packet Send:	931	12.3803
Packet Send:	932	12.3804
Timeout:	923	12.3815
Packet Loss:	923	12.3815
Packet Retrans:	923	12.3816
Timeout:	924	12.3816
Packet Loss:	924	12.3816
Packet Retrans:	924	12.3817
Packet Loss:	925	12.3826
Packet Loss:	926	12.3826
Packet Loss:	927	12.3826
Packet Retrans:	925	12.3827
Packet Retrans:	926	12.3828
Packet Retrans:	927	12.3829
Receive Retrans Packet:	925	12.4138
Receive Retrans Packet:	926	12.4155
Timeout:	931	12.4603
Packet Loss:	931	12.4603
Packet Retrans:	931	12.4604
Timeout:	932	12.4604
Packet Loss:	932	12.4604
Packet Retrans:	932	12.4605
Timeout:	923	12.4616
Packet Loss:	923	12.4616
Timeout:	924	12.4617
Packet Loss:	924	12.4617
Packet Send:	933	12.4619
Packet Send:	934	12.462
Packet Send:	935	12.4621
Packet Send:	936	12.4622
Timeout:	927	12.4629
Packet Loss:	927	12.4629
Packet Send:	937	12.4631
Packet Send:	938	12.4632
Packet Send:	939	12.4633
Packet Send:	940	12.4634
Packet Loss:	933	12.5007
Packet Loss:	934	12.5007
Packet Loss:	935	12.5007
Packet Loss:	936	12.5007
Packet Loss:	937	12.5007
Packet Loss:	938	12.5007
Packet Retrans:	933	12.5008
Packet Retrans:	934	12.5009
Packet Retrans:	935	12.501
Packet Retrans:	936	12.5011
Packet Retrans:	937	12.5012
Packet Retrans:	938	12.5013
Receive Retrans Packet:	936	12.5326
Receive Retrans Packet:	937	12.5343
Receive Retrans Packet:	938	12.536
Timeout:	931	12.5404
Packet Loss:	931	12.5404
Timeout:	932	12.5405
Packet Loss:	932	12.5405
Packet Send:	941	12.5407
Packet Send:	942	12.5408
Timeout:	940	12.5434
Packet Loss:	940	12.5434
Packet Retrans:	940	12.5435
Timeout:	933	12.5808
Packet Loss:	933	12.5808
Timeout:	934	12.5809
Packet Loss:	934	12.5809
Timeout:	935	12.581
Packet Loss:	935	12.581
Packet Send:	943	12.5812
Packet Send:	944	12.5813
Packet Send:	945	12.5814
Packet Send:	946	12.5815
Packet Send:	947	12.5816
Packet Send:	948	12.5817
Packet Send:	949	12.5818
Packet Loss:	943	12.6113
Packet Loss:	944	12.6113
Packet Retrans:	943	12.6114
Packet Retrans:	944	12.6115
Packet Loss:	946	12.6164
Packet Loss:	947	12.6164
Packet Retrans:	946	12.6165
Packet Retrans:	947	12.6166
Timeout:	940	12.6235
Packet Loss:	940	12.6235
Packet Send:	950	12.6237
Packet Send:	951	12.6238
Packet Send:	952	12.6239
Packet Loss:	950	12.6538
Packet Loss:	951	12.6538
Packet Retrans:	950	12.6539
Packet Retrans:	951	12.654
Timeout:	943	12.6914
Packet Loss:	943	12.6914
Timeout:	944	12.6915
Packet Loss:	944	12.6915
Packet Send:	953	12.6917
Packet Send:	954	12.6918
Packet Send:	955	12.6919
Timeout:	946	12.6965
Packet Loss:	946	12.6965
Timeout:	947	12.6966
Packet Loss:	947	12.6966
Packet Send:	956	12.6968
Packet Send:	957	12.6969
Packet Send:	958	12.697
Packet Send:	959	12.6971
Packet Loss:	953	12.7269
Packet Loss:	954	12.7269
Packet Loss:	955	12.7269
Packet Loss:	956	12.7269
Packet Loss:	957	12.7269
Packet Retrans:	953	12.727
Packet Retrans:	954	12.7271
Packet Retrans:	955	12.7272
Packet Retrans:	956	12.7273
Packet Retrans:	957	12.7274
Timeout:	950	12.7339
Packet Loss:	950	12.7339
Timeout:	951	12.734
Packet Loss:	951	12.734
Packet Send:	960	12.7342
Packet Send:	961	12.7343
Packet Send:	962	12.7344
Receive Retrans Packet:	955	12.7571
Receive Retrans Packet:	956	12.7588
Timeout:	959	12.7771
Packet Loss:	959	12.7771
Packet Retrans:	959	12.7772
Timeout:	953	12.807
Packet Loss:	953	12.807
Timeout:	954	12.8071
Packet Loss:	954	12.8071
Packet Send:	963	12.8073
Packet Send:	964	12.8074
Timeout:	957	12.8074
Packet Loss:	957	12.8074
Packet Send:	965	12.8076
Packet Send:	966	12.8077
Packet Send:	967	12.8078
Packet Send:	968	12.8079
Packet Send:	969	12.808
Timeout:	960	12.8142
Packet Loss:	960	12.8142
Packet Retrans:	960	12.8143
Timeout:	961	12.8143
Packet Loss:	961	12.8143
Packet Retrans:	961	12.8144
Timeout:	962	12.8144
Packet Loss:	962	12.8144
Packet Retrans:	962	12.8145
Packet Loss:	963	12.8374
Packet Loss:	964	12.8374
Packet Retrans:	963	12.8375
Packet Retrans:	964	12.8376
Packet Loss:	966	12.8442
Packet Loss:	967	12.8442
Packet Loss:	968	12.8442
Packet Retrans:	966	12.8443
Packet Retrans:	967	12.8444
Packet Retrans:	968	12.8445
Receive Retrans Packet:	960	12.8459
Packet Send:	970	12.846
Receive Retrans Packet:	961	12.8476
Packet Send:	971	12.8477
Receive Retrans Packet:	962	12.8493
Packet Send:	972	12.8494
Receive Retrans Packet:	963	12.8643
Packet Send:	973	12.8643
Receive Retrans Packet:	964	12.8659
Packet Send:	974	12.866
Packet Send:	975	12.8661
Packet Loss:	973	12.8928
Packet Retrans:	973	12.8928
Timeout:	966	12.9243
Packet Loss:	966	12.9243
Timeout:	967	12.9244
Packet Loss:	967	12.9244
Timeout:	968	12.9245
Packet Loss:	968	12.9245
Packet Send:	976	12.9247
Packet Send:	977	12.9248
Packet Send:	978	12.9249
Packet Send:	979	12.925
Packet Send:	980	12.9251
Packet Send:	981	12.9252
Packet Send:	982	12.9253
Timeout:	975	12.9461
Packet Loss:	975	12.9461
Packet Retrans:	975	12.9462
Packet Loss:	976	12.9548
Packet Loss:	977	12.9548
Packet Retrans:	976	12.9549
Packet Retrans:	977	12.955
Timeout:	973	12.9728
Packet Loss:	973	12.9728
Receive Retrans Packet:	975	12.973
Packet Send:	983	12.973
Packet Send:	984	12.9731
Packet Send:	985	12.9732
Receive Retrans Packet:	977	12.9833
Packet Loss:	982	13.0014
Packet Loss:	983	13.0014
Packet Retrans:	982	13.0015
Packet Retrans:	983	13.0016
Receive Retrans Packet:	982	13.0283
Receive Retrans Packet:	983	13.0299
Timeout:	976	13.0349
Packet Loss:	976	13.0349
Packet Send:	986	13.0351
Packet Send:	987	13.0352
Packet Send:	988	13.0353
Packet Send:	989	13.0354
Packet Send:	990	13.0355
Packet Send:	991	13.0356
Packet Send:	992	13.0357
Packet Send:	993	13.0358
Packet Send:	994	13.0359
Packet Send:	995	13.036
Packet Loss:	986	13.072
Packet Loss:	987	13.072
Packet Loss:	988	13.072
Packet Loss:	989	13.072
Packet Loss:	990	13.072
Packet Loss:	991	13.072
Packet Retrans:	986	13.0721
Packet Retrans:	987	13.0722
Packet Retrans:	988	13.0723
Packet Retrans:	989	13.0724
Packet Retrans:	990	13.0725
Packet Retrans:	991	13.0726
Packet Loss:	993	13.0754
Packet Retrans:	993	13.0755
Receive Retrans Packet:	987	13.1005
Receive Retrans Packet:	991	13.1073
Timeout:	995	13.116
Packet Loss:	995	13.116
Packet Retrans:	995	13.1161
Timeout:	986	13.1521
Packet Loss:	986	13.1521
Packet Send:	996	13.1523
Timeout:	988	13.1523
Packet Loss:	988	13.1523
Timeout:	989	13.1524
Packet Loss:	989	13.1524
Timeout:	990	13.1525
Packet Loss:	990	13.1525
Packet Send:	997	13.1527
Packet Send:	998	13.1528
Packet Send:	999	13.1529
Packet Send:	1000	13.153
Packet Send:	1001	13.1531
Packet Send:	1002	13.1532
Timeout:	993	13.1555
Packet Loss:	993	13.1555
Packet Send:	1003	13.1557
Packet Send:	1004	13.1558
Packet Loss:	996	13.1807
Packet Retrans:	996	13.1808
Packet Loss:	998	13.1926
Packet Loss:	999	13.1926
Packet Loss:	1000	13.1926
Packet Loss:	1001	13.1926
Packet Loss:	1002	13.1926
Packet Loss:	1003	13.1926
Packet Retrans:	998	13.1927
Packet Retrans:	999	13.1928
Packet Retrans:	1000	13.1929
Packet Retrans:	1001	13.193
Packet Retrans:	1002	13.1931
Packet Retrans:	1003	13.1932
Timeout:	995	13.1961
Packet Loss:	995	13.1961
Packet Send:	1005	13.1963
Receive Retrans Packet:	998	13.2194
Timeout:	996	13.2608
Packet Loss:	996	13.2608
Packet Send:	1006	13.261
Packet Send:	1007	13.2611
Packet Send:	1008	13.2612
Timeout:	999	13.2728
Packet Loss:	999	13.2728
Timeout:	1000	13.2729
Packet Loss:	1000	13.2729
Timeout:	1001	13.273
Packet Loss:	1001	13.273
Timeout:	1002	13.2731
Packet Loss:	1002	13.2731
Timeout:	1003	13.2732
Packet Loss:	1003	13.2732
Packet Send:	1009	13.2734
Packet Send:	1010	13.2735
Packet Send:	1011	13.2736
Packet Send:	1012	13.2737
Packet Send:	1013	13.2738
Packet Send:	1014	13.2739
Packet Send:	1015	13.274
Packet Loss:	1006	13.2894
Packet Retrans:	1006	13.2895
Timeout:	1008	13.3412
Packet Loss:	1008	13.3412
Packet Retrans:	1008	13.3413
Timeout:	1009	13.3534
Packet Loss:	1009	13.3534
Packet Retrans:	1009	13.3535
Timeout:	1010	13.3535
Packet Loss:	1010	13.3535
Packet Retrans:	1010	13.3536
Timeout:	1011	13.3536
Packet Loss:	1011	13.3536
Packet Retrans:	1011	13.3537
Timeout:	1012	13.3537
Packet Loss:	1012	13.3537
Packet Retrans:	1012	13.3538
Timeout:	1013	13.3538
Packet Loss:	1013	13.3538
Packet Retrans:	1013	13.3539
Timeout:	1014	13.3539
Packet Loss:	1014	13.3539
Packet Retrans:	1014	13.354
Timeout:	1015	13.354
Packet Loss:	1015	13.354
Packet Retrans:	1015	13.3541
Timeout:	1006	13.3695
Packet Loss:	1006	13.3695
Packet Send:	1016	13.3697
Packet Send:	1017	13.3698
Timeout:	1008	13.4213
Packet Loss:	1008	13.4213
Packet Send:	1018	13.4215
Timeout:	1009	13.4335
Packet Loss:	1009	13.4335
Timeout:	1010	13.4336
Packet Loss:	1010	13.4336
Packet Send:	1019	13.4338
Timeout:	1012	13.4338
Packet Loss:	1012	13.4338
Timeout:	1013	13.4339
Packet Loss:	1013	13.4339
Timeout:	1014	13.434
Packet Loss:	1014	13.434
Packet Send:	1020	13.4342
Packet Send:	1021	13.4343
Packet Send:	1022	13.4344
Packet Send:	1023	13.4345
Packet Send:	1024	13.4346
Packet Send:	1025	13.4347
Timeout:	1016	13.4497
Packet Loss:	1016	13.4497
Packet Retrans:	1016	13.4498
Timeout:	1017	13.4498
Packet Loss:	1017	13.4498
Packet Retrans:	1017	13.4499
Packet Loss:	1018	13.4622
Packet Loss:	1019	13.4622
Packet Retrans:	1018	13.4623
Packet Retrans:	1019	13.4624
Packet Loss:	1021	13.4673
Packet Loss:	1022	13.4673
Packet Retrans:	1021	13.4674
Packet Retrans:	1022	13.4675
Receive Retrans Packet:	1016	13.4765
Packet Send:	1026	13.4766
Receive Retrans Packet:	1021	13.4941
Timeout:	1017	13.5299
Packet Loss:	1017	13.5299
Packet Send:	1027	13.5301
Timeout:	1018	13.5423
Packet Loss:	1018	13.5423
Timeout:	1019	13.5424
Packet Loss:	1019	13.5424
Packet Send:	1028	13.5426
Packet Send:	1029	13.5427
Packet Send:	1030	13.5428
Packet Send:	1031	13.5429
Timeout:	1022	13.5475
Packet Loss:	1022	13.5475
Packet Send:	1032	13.5477
Packet Send:	1033	13.5478
Packet Send:	1034	13.5479
Packet Send:	1035	13.548
Packet Send:	1036	13.5481
Packet Send:	1037	13.5569
Packet Send:	1038	13.5694
Packet Loss:	1029	13.5761
Packet Loss:	1030	13.5761
Packet Loss:	1031	13.5761
Packet Retrans:	1029	13.5762
Packet Retrans:	1030	13.5763
Packet Retrans:	1031	13.5764
Packet Loss:	1033	13.5846
Packet Loss:	1034	13.5846
Packet Loss:	1035	13.5846
Packet Loss:	1036	13.5846
Packet Retrans:	1033	13.5847
Packet Retrans:	1034	13.5848
Packet Retrans:	1035	13.5849
Packet Retrans:	1036	13.585
Receive Retrans Packet:	1033	13.6114
Receive Retrans Packet:	1036	13.6165
Timeout:	1038	13.6494
Packet Loss:	1038	13.6494
Packet Retrans:	1038	13.6495
Timeout:	1029	13.6562
Packet Loss:	1029	13.6562
Timeout:	1030	13.6563
Packet Loss:	1030	13.6563
Timeout:	1031	13.6564
Packet Loss:	1031	13.6564
Packet Send:	1039	13.6566
Packet Send:	1040	13.6567
Packet Send:	1041	13.6568
Packet Send:	1042	13.6569
Packet Send:	1043	13.657
Timeout:	1034	13.6648
Packet Loss:	1034	13.6648
Timeout:	1035	13.6649
Packet Loss:	1035	13.6649
Packet Send:	1044	13.6651
Packet Send:	1045	13.6652
Packet Send:	1046	13.6653
Packet Send:	1047	13.6654
Packet Send:	1048	13.6763
Packet Loss:	1039	13.685
Packet Retrans:	1039	13.6851
Packet Loss:	1041	13.6884
Packet Retrans:	1041	13.6885
Packet Loss:	1043	13.6935
Packet Loss:	1044	13.6935
Packet Retrans:	1043	13.6936
Packet Retrans:	1044	13.6937
Packet Loss:	1046	13.703
Packet Loss:	1047	13.703
Packet Retrans:	1046	13.7031
Packet Retrans:	1047	13.7032
Receive Retrans Packet:	1039	13.7118
Packet Send:	1049	13.7119
Packet Send:	1050	13.712
Receive Retrans Packet:	1041	13.7152
Packet Send:	1051	13.7153
Packet Send:	1052	13.7154
Receive Retrans Packet:	1043	13.7203
Packet Send:	1053	13.7204
Packet Loss:	1049	13.742
Packet Loss:	1050	13.742
Packet Retrans:	1049	13.7421
Packet Retrans:	1050	13.7422
Receive Retrans Packet:	1049	13.7688
Timeout:	1044	13.7737
Packet Loss:	1044	13.7737
Packet Send:	1054	13.7739
Packet Send:	1055	13.774
Timeout:	1046	13.7831
Packet Loss:	1046	13.7831
Timeout:	1047	13.7832
Packet Loss:	1047	13.7832
Packet Send:	1056	13.7834
Packet Send:	1057	13.7835
Packet Send:	1058	13.7836
Packet Send:	1059	13.7837
Timeout:	1052	13.7954
Packet Loss:	1052	13.7954
Packet Retrans:	1052	13.7955
Timeout:	1053	13.8004
Packet Loss:	1053	13.8004
Packet Retrans:	1053	13.8005
Packet Loss:	1054	13.8023
Packet Retrans:	1054	13.8024
Packet Loss:	1057	13.8135
Packet Retrans:	1057	13.8136
Timeout:	1050	13.8222
Packet Loss:	1050	13.8222
Packet Send:	1060	13.8224
Packet Send:	1061	13.8225
Receive Retrans Packet:	1053	13.8272
Receive Retrans Packet:	1054	13.8291
Receive Retrans Packet:	1057	13.8403
Timeout:	1052	13.8755
Packet Loss:	1052	13.8755
Packet Send:	1062	13.8757
Packet Send:	1063	13.8758
Packet Send:	1064	13.8759
Packet Send:	1065	13.876
Packet Send:	1066	13.8761
Packet Send:	1067	13.8762
Packet Send:	1068	13.8763
Packet Send:	1069	13.8764
Packet Send:	1070	13.8765
Timeout:	1061	13.9025
Packet Loss:	1061	13.9025
Packet Retrans:	1061	13.9026
Packet Loss:	1062	13.9075
Packet Loss:	1063	13.9075
Packet Loss:	1064	13.9075
Packet Retrans:	1062	13.9076
Packet Retrans:	1063	13.9077
Packet Retrans:	1064	13.9078
Receive Retrans Packet:	1062	13.9444
Receive Retrans Packet:	1064	13.9486
Timeout:	1066	13.9561
Packet Loss:	1066	13.9561
Packet Retrans:	1066	13.9562
Timeout:	1067	13.9562
Packet Loss:	1067	13.9562
Packet Retrans:	1067	13.9563
Timeout:	1068	13.9563
Packet Loss:	1068	13.9563
Packet Retrans:	1068	13.9564
Timeout:	1069	13.9564
Packet Loss:	1069	13.9564
Packet Retrans:	1069	13.9565
Timeout:	1070	13.9565
Packet Loss:	1070	13.9565
Packet Retrans:	1070	13.9566
Timeout:	1061	13.9826
Packet Loss:	1061	13.9826
Packet Send:	1071	13.9828
Packet Send:	1072	13.9829
Timeout:	1063	13.9877
Packet Loss:	1063	13.9877
Packet Send:	1073	13.9879
Packet Send:	1074	13.988
Packet Send:	1075	13.9881
Timeout:	1066	14.0362
Packet Loss:	1066	14.0362
Timeout:	1067	14.0363
Packet Loss:	1067	14.0363
Timeout:	1068	14.0364
Packet Loss:	1068	14.0364
Timeout:	1069	14.0365
Packet Loss:	1069	14.0365
Timeout:	1070	14.0366
Packet Loss:	1070	14.0366
Packet Send:	1076	14.0368
Packet Send:	1077	14.0369
Packet Send:	1078	14.037
Packet Send:	1079	14.0371
Packet Send:	1080	14.0372
Timeout:	1071	14.0628
Packet Loss:	1071	14.0628
Packet Retrans:	1071	14.0629
Timeout:	1072	14.0629
Packet Loss:	1072	14.0629
Packet Retrans:	1072	14.063
Timeout:	1073	14.0679
Packet Loss:	1073	14.0679
Packet Retrans:	1073	14.068
Timeout:	1074	14.068
Packet Loss:	1074	14.068
Packet Retrans:	1074	14.0681
Timeout:	1075	14.0681
Packet Loss:	1075	14.0681
Packet Retrans:	1075	14.0682
Timeout:	1076	14.1168
Packet Loss:	1076	14.1168
Packet Retrans:	1076	14.1169
Timeout:	1077	14.1169
Packet Loss:	1077	14.1169
Packet Retrans:	1077	14.117
Timeout:	1078	14.117
Packet Loss:	1078	14.117
Packet Retrans:	1078	14.1171
Timeout:	1079	14.1171
Packet Loss:	1079	14.1171
Packet Retrans:	1079	14.1172
Timeout:	1080	14.1172
Packet Loss:	1080	14.1172
Packet Retrans:	1080	14.1173
Timeout:	1071	14.1429
Packet Loss:	1071	14.1429
Timeout:	1072	14.143
Packet Loss:	1072	14.143
Packet Send:	1081	14.1432
Packet Send:	1082	14.1433
Timeout:	1073	14.148
Packet Loss:	1073	14.148
Timeout:	1074	14.1481
Packet Loss:	1074	14.1481
Packet Send:	1083	14.1483
Packet Send:	1084	14.1484
Packet Send:	1085	14.1485
Timeout:	1076	14.1969
Packet Loss:	1076	14.1969
Timeout:	1077	14.197
Packet Loss:	1077	14.197
Timeout:	1078	14.1971
Packet Loss:	1078	14.1971
Timeout:	1079	14.1972
Packet Loss:	1079	14.1972
Timeout:	1080	14.1973
Packet Loss:	1080	14.1973
Packet Send:	1086	14.1975
Packet Send:	1087	14.1976
Packet Send:	1088	14.1977
Packet Send:	1089	14.1978
Packet Send:	1090	14.1979
Timeout:	1081	14.2232
Packet Loss:	1081	14.2232
Packet Retrans:	1081	14.2233
Timeout:	1082	14.2233
Packet Loss:	1082	14.2233
Packet Retrans:	1082	14.2234
Timeout:	1083	14.2283
Packet Loss:	1083	14.2283
Packet Retrans:	1083	14.2284
Timeout:	1084	14.2284
Packet Loss:	1084	14.2284
Packet Retrans:	1084	14.2285
Timeout:	1085	14.2285
Packet Loss:	1085	14.2285
Packet Retrans:	1085	14.2286
Timeout:	1086	14.2775
Packet Loss:	1086	14.2775
Packet Retrans:	1086	14.2776
Timeout:	1087	14.2776
Packet Loss:	1087	14.2776
Packet Retrans:	1087	14.2777
Timeout:	1088	14.2777
Packet Loss:	1088	14.2777
Packet Retrans:	1088	14.2778
Timeout:	1089	14.2778
Packet Loss:	1089	14.2778
Packet Retrans:	1089	14.2779
Timeout:	1090	14.2779
Packet Loss:	1090	14.2779
Packet Retrans:	1090	14.278
Timeout:	1081	14.3033
Packet Loss:	1081	14.3033
Timeout:	1082	14.3034
Packet Loss:	1082	14.3034
Receive Retrans Packet:	1071	14.3035
Packet Send:	1091	14.3036
Packet Send:	1092	14.3037
Timeout:	1083	14.3084
Packet Loss:	1083	14.3084
Timeout:	1084	14.3085
Packet Loss:	1084	14.3085
Timeout:	1085	14.3086
Packet Loss:	1085	14.3086
Packet Send:	1093	14.3088
Packet Send:	1094	14.3089
Packet Send:	1095	14.309
Timeout:	1086	14.3576
Packet Loss:	1086	14.3576
Timeout:	1087	14.3577
Packet Loss:	1087	14.3577
Timeout:	1088	14.3578
Packet Loss:	1088	14.3578
Timeout:	1089	14.3579
Packet Loss:	1089	14.3579
Timeout:	1090	14.358
Packet Loss:	1090	14.358
Packet Send:	1096	14.3582
Packet Send:	1097	14.3583
Packet Send:	1098	14.3584
Packet Send:	1099	14.3585
Packet Send:	1100	14.3586
Timeout:	1091	14.3836
Packet Loss:	1091	14.3836
Packet Retrans:	1091	14.3837
Timeout:	1092	14.3837
Packet Loss:	1092	14.3837
Packet Retrans:	1092	14.3838
Timeout:	1093	14.3888
Packet Loss:	1093	14.3888
Packet Retrans:	1093	14.3889
Timeout:	1094	14.3889
Packet Loss:	1094	14.3889
Packet Retrans:	1094	14.389
Timeout:	1095	14.389
Packet Loss:	1095	14.389
Packet Retrans:	1095	14.3891
Receive Retrans Packet:	1076	14.4264
Receive Retrans Packet:	1077	14.4281
Receive Retrans Packet:	1078	14.4307
Timeout:	1096	14.4382
Packet Loss:	1096	14.4382
Packet Retrans:	1096	14.4383
Timeout:	1097	14.4383
Packet Loss:	1097	14.4383
Packet Retrans:	1097	14.4384
Timeout:	1098	14.4384
Packet Loss:	1098	14.4384
Packet Retrans:	1098	14.4385
Timeout:	1099	14.4385
Packet Loss:	1099	14.4385
Packet Retrans:	1099	14.4386
Timeout:	1100	14.4386
Packet Loss:	1100	14.4386
Packet Retrans:	1100	14.4387
Timeout:	1091	14.4637
Packet Loss:	1091	14.4637
Timeout:	1092	14.4638
Packet Loss:	1092	14.4638
Packet Send:	1101	14.464
Packet Send:	1102	14.4641
Timeout:	1093	14.4689
Packet Loss:	1093	14.4689
Timeout:	1094	14.469
Packet Loss:	1094	14.469
Timeout:	1095	14.4691
Packet Loss:	1095	14.4691
Packet Send:	1103	14.4693
Packet Send:	1104	14.4694
Packet Send:	1105	14.4695
Timeout:	1096	14.5183
Packet Loss:	1096	14.5183
Timeout:	1097	14.5184
Packet Loss:	1097	14.5184
Timeout:	1098	14.5185
Packet Loss:	1098	14.5185
Timeout:	1099	14.5186
Packet Loss:	1099	14.5186
Timeout:	1100	14.5187
Packet Loss:	1100	14.5187
Packet Send:	1106	14.5189
Packet Send:	1107	14.519
Packet Send:	1108	14.5191
Packet Send:	1109	14.5192
Packet Send:	1110	14.5193
Timeout:	1101	14.544
Packet Loss:	1101	14.544
Packet Retrans:	1101	14.5441
Timeout:	1102	14.5441
Packet Loss:	1102	14.5441
Packet Retrans:	1102	14.5442
Timeout:	1103	14.5493
Packet Loss:	1103	14.5493
Packet Retrans:	1103	14.5494
Timeout:	1104	14.5494
Packet Loss:	1104	14.5494
Packet Retrans:	1104	14.5495
Timeout:	1105	14.5495
Packet Loss:	1105	14.5495
Packet Retrans:	1105	14.5496
Timeout:	1106	14.5989
Packet Loss:	1106	14.5989
Packet Retrans:	1106	14.599
Timeout:	1107	14.599
Packet Loss:	1107	14.599
Packet Retrans:	1107	14.5991
Timeout:	1108	14.5991
Packet Loss:	1108	14.5991
Packet Retrans:	1108	14.5992
Timeout:	1109	14.5992
Packet Loss:	1109	14.5992
Packet Retrans:	1109	14.5993
Timeout:	1110	14.5993
Packet Loss:	1110	14.5993
Packet Retrans:	1110	14.5994
Timeout:	1101	14.6241
Packet Loss:	1101	14.6241
Timeout:	1102	14.6242
Packet Loss:	1102	14.6242
Packet Send:	1111	14.6244
Packet Send:	1112	14.6245
Receive Retrans Packet:	1081	14.6279
Timeout:	1103	14.6294
Packet Loss:	1103	14.6294
Timeout:	1104	14.6295
Packet Loss:	1104	14.6295
Timeout:	1105	14.6296
Packet Loss:	1105	14.6296
Packet Send:	1113	14.6298
Packet Send:	1114	14.6299
Packet Send:	1115	14.63
Receive Retrans Packet:	1083	14.6313
Receive Retrans Packet:	1085	14.6347
Receive Retrans Packet:	1086	14.6363
Receive Retrans Packet:	1088	14.6397
Receive Retrans Packet:	1095	14.6685
Timeout:	1106	14.679
Packet Loss:	1106	14.679
Timeout:	1107	14.6791
Packet Loss:	1107	14.6791
Timeout:	1108	14.6792
Packet Loss:	1108	14.6792
Timeout:	1109	14.6793
Packet Loss:	1109	14.6793
Timeout:	1110	14.6794
Packet Loss:	1110	14.6794
Packet Send:	1116	14.6796
Packet Send:	1117	14.6797
Packet Send:	1118	14.6798
Packet Send:	1119	14.6799
Packet Send:	1120	14.68
Receive Retrans Packet:	1101	14.6956
Receive Retrans Packet:	1103	14.699
Receive Retrans Packet:	1104	14.7007
Timeout:	1111	14.7044
Packet Loss:	1111	14.7044
Packet Retrans:	1111	14.7045
Timeout:	1112	14.7045
Packet Loss:	1112	14.7045
Packet Retrans:	1112	14.7046
Timeout:	1113	14.7098
Packet Loss:	1113	14.7098
Packet Retrans:	1113	14.7099
Timeout:	1114	14.7099
Packet Loss:	1114	14.7099
Packet Retrans:	1114	14.71
Timeout:	1115	14.71
Packet Loss:	1115	14.71
Packet Retrans:	1115	14.7101
Receive Retrans Packet:	1110	14.7108
Packet Send:	1121	14.7126
Packet Loss:	1116	14.7227
Packet Retrans:	1116	14.7228
Packet Loss:	1119	14.7278
Packet Retrans:	1119	14.7278
Receive Retrans Packet:	1114	14.7383
Receive Retrans Packet:	1119	14.7545
Timeout:	1112	14.7846
Packet Loss:	1112	14.7846
Packet Send:	1122	14.7848
Packet Send:	1123	14.7849
Packet Send:	1124	14.785
Packet Send:	1125	14.7851
Timeout:	1121	14.7926
Packet Loss:	1121	14.7926
Packet Retrans:	1121	14.7927
Timeout:	1116	14.8028
Packet Loss:	1116	14.8028
Packet Send:	1126	14.803
Packet Send:	1127	14.8031
Packet Send:	1128	14.8032
Packet Send:	1129	14.8033
Packet Send:	1130	14.8034
Packet Send:	1131	14.8195
Packet Loss:	1122	14.8348
Packet Loss:	1123	14.8348
Packet Loss:	1124	14.8348
Packet Loss:	1125	14.8348
Packet Loss:	1126	14.8348
Packet Loss:	1127	14.8348
Packet Loss:	1128	14.8348
Packet Retrans:	1122	14.8349
Packet Retrans:	1123	14.835
Packet Retrans:	1124	14.8351
Packet Retrans:	1125	14.8352
Packet Retrans:	1126	14.8353
Packet Retrans:	1127	14.8354
Packet Retrans:	1128	14.8355
Packet Loss:	1130	14.8462
Packet Retrans:	1130	14.8463
Receive Retrans Packet:	1123	14.8633
Receive Retrans Packet:	1128	14.8718
Receive Retrans Packet:	1130	14.8735
Timeout:	1122	14.9149
Packet Loss:	1122	14.9149
Packet Send:	1132	14.9151
Timeout:	1124	14.9151
Packet Loss:	1124	14.9151
Timeout:	1125	14.9152
Packet Loss:	1125	14.9152
Timeout:	1126	14.9153
Packet Loss:	1126	14.9153
Timeout:	1127	14.9154
Packet Loss:	1127	14.9154
Packet Send:	1133	14.9156
Packet Send:	1134	14.9157
Packet Send:	1135	14.9158
Packet Send:	1136	14.9159
Packet Send:	1137	14.916
Packet Send:	1138	14.9161
Packet Send:	1139	14.9162
Packet Send:	1140	14.9163
Packet Send:	1141	14.9164
Packet Loss:	1132	14.9469
Packet Loss:	1133	14.9469
Packet Loss:	1134	14.9469
Packet Retrans:	1132	14.947
Packet Retrans:	1133	14.9471
Packet Retrans:	1134	14.9472
Packet Loss:	1137	14.952
Packet Retrans:	1137	14.9521
Receive Retrans Packet:	1137	14.9788
Timeout:	1140	14.9963
Packet Loss:	1140	14.9963
Packet Retrans:	1140	14.9964
Timeout:	1141	14.9964
Packet Loss:	1141	14.9964
Packet Retrans:	1141	14.9965
Timeout:	1132	15.027
Packet Loss:	1132	15.027
Timeout:	1133	15.0271
Packet Loss:	1133	15.0271
Timeout:	1134	15.0272
Packet Loss:	1134	15.0272
Packet Send:	1142	15.0274
Packet Send:	1143	15.0275
Packet Send:	1144	15.0276
Packet Send:	1145	15.0277
Packet Send:	1146	15.0278
Packet Send:	1147	15.0279
Packet Send:	1148	15.028
Packet Send:	1149	15.0281
Packet Send:	1150	15.0282
Packet Loss:	1143	15.0575
Packet Retrans:	1143	15.0576
Packet Loss:	1145	15.0677
Packet Loss:	1146	15.0677
Packet Loss:	1147	15.0677
Packet Loss:	1148	15.0677
Packet Loss:	1149	15.0677
Packet Retrans:	1145	15.0678
Packet Retrans:	1146	15.0679
Packet Retrans:	1147	15.068
Packet Retrans:	1148	15.0681
Packet Retrans:	1149	15.0682
Timeout:	1141	15.0765
Packet Loss:	1141	15.0765
Packet Send:	1151	15.0767
Packet Send:	1152	15.0768
Receive Retrans Packet:	1145	15.0945
Receive Retrans Packet:	1147	15.0979
Timeout:	1143	15.1376
Packet Loss:	1143	15.1376
Packet Send:	1153	15.1378
Packet Send:	1154	15.1379
Packet Send:	1155	15.138
Timeout:	1146	15.1479
Packet Loss:	1146	15.1479
Packet Send:	1156	15.1481
Timeout:	1148	15.1481
Packet Loss:	1148	15.1481
Timeout:	1149	15.1482
Packet Loss:	1149	15.1482
Packet Send:	1157	15.1484
Packet Send:	1158	15.1485
Packet Send:	1159	15.1486
Packet Send:	1160	15.1487
Packet Send:	1161	15.1488
Packet Send:	1162	15.1489
Packet Loss:	1153	15.1765
Packet Loss:	1154	15.1765
Packet Loss:	1155	15.1765
Packet Loss:	1156	15.1765
Packet Retrans:	1153	15.1766
Packet Retrans:	1154	15.1767
Packet Retrans:	1155	15.1768
Packet Retrans:	1156	15.1769
Packet Loss:	1158	15.1799
Packet Retrans:	1158	15.18
Packet Loss:	1160	15.1833
Packet Retrans:	1160	15.1834
Receive Retrans Packet:	1155	15.2067
Receive Retrans Packet:	1160	15.2118
Timeout:	1162	15.2289
Packet Loss:	1162	15.2289
Packet Retrans:	1162	15.229
Timeout:	1153	15.2566
Packet Loss:	1153	15.2566
Timeout:	1154	15.2567
Packet Loss:	1154	15.2567
Packet Send:	1163	15.2569
Timeout:	1156	15.2569
Packet Loss:	1156	15.2569
Packet Send:	1164	15.2571
Packet Send:	1165	15.2572
Packet Send:	1166	15.2573
Packet Send:	1167	15.2574
Timeout:	1158	15.26
Packet Loss:	1158	15.26
Packet Send:	1168	15.2602
Packet Send:	1169	15.2603
Packet Send:	1170	15.2604
Packet Send:	1171	15.2605
Packet Loss:	1164	15.287
Packet Retrans:	1164	15.2871
Packet Loss:	1167	15.2955
Packet Loss:	1168	15.2955
Packet Loss:	1169	15.2955
Packet Retrans:	1167	15.2956
Packet Retrans:	1168	15.2957
Packet Retrans:	1169	15.2958
Timeout:	1162	15.309
Packet Loss:	1162	15.309
Packet Send:	1172	15.3092
Packet Send:	1173	15.3093
Receive Retrans Packet:	1164	15.3138
Packet Send:	1174	15.3139
Packet Send:	1175	15.314
Packet Send:	1176	15.3141
Receive Retrans Packet:	1167	15.3223
Packet Send:	1177	15.3224
Timeout:	1171	15.3405
Packet Loss:	1171	15.3405
Packet Retrans:	1171	15.3406
Packet Loss:	1172	15.3491
Packet Loss:	1173	15.3491
Packet Loss:	1174	15.3491
Packet Loss:	1175	15.3491
Packet Loss:	1176	15.3491
Packet Retrans:	1172	15.3492
Packet Retrans:	1173	15.3493
Packet Retrans:	1174	15.3494
Packet Retrans:	1175	15.3495
Packet Retrans:	1176	15.3496
Timeout:	1168	15.3757
Packet Loss:	1168	15.3757
Timeout:	1169	15.3758
Packet Loss:	1169	15.3758
Packet Send:	1178	15.376
Packet Send:	1179	15.3761
Packet Send:	1180	15.3762
Receive Retrans Packet:	1176	15.3827
Timeout:	1171	15.4206
Packet Loss:	1171	15.4206
Packet Send:	1181	15.4208
Timeout:	1172	15.4292
Packet Loss:	1172	15.4292
Timeout:	1173	15.4293
Packet Loss:	1173	15.4293
Timeout:	1174	15.4294
Packet Loss:	1174	15.4294
Timeout:	1175	15.4295
Packet Loss:	1175	15.4295
Packet Send:	1182	15.4297
Packet Send:	1183	15.4298
Packet Send:	1184	15.4299
Packet Send:	1185	15.43
Packet Send:	1186	15.4301
Packet Send:	1187	15.4302
Timeout:	1178	15.456
Packet Loss:	1178	15.456
Packet Retrans:	1178	15.4561
Timeout:	1179	15.4561
Packet Loss:	1179	15.4561
Packet Retrans:	1179	15.4562
Timeout:	1180	15.4562
Packet Loss:	1180	15.4562
Packet Retrans:	1180	15.4563
Packet Loss:	1181	15.4598
Packet Loss:	1182	15.4598
Packet Loss:	1183	15.4598
Packet Retrans:	1181	15.4599
Packet Retrans:	1182	15.46
Packet Retrans:	1183	15.4601
Packet Loss:	1185	15.4632
Packet Retrans:	1185	15.4633
Receive Retrans Packet:	1179	15.4845
Receive Retrans Packet:	1181	15.4879
Timeout:	1187	15.5102
Packet Loss:	1187	15.5102
Packet Retrans:	1187	15.5103
Timeout:	1178	15.5361
Packet Loss:	1178	15.5361
Packet Send:	1188	15.5363
Timeout:	1180	15.5363
Packet Loss:	1180	15.5363
Packet Send:	1189	15.5365
Packet Send:	1190	15.5366
Packet Send:	1191	15.5367
Timeout:	1182	15.54
Packet Loss:	1182	15.54
Timeout:	1183	15.5401
Packet Loss:	1183	15.5401
Packet Send:	1192	15.5403
Packet Send:	1193	15.5404
Packet Send:	1194	15.5405
Timeout:	1185	15.5433
Packet Loss:	1185	15.5433
Packet Send:	1195	15.5435
Packet Send:	1196	15.5436
Packet Loss:	1189	15.5732
Packet Loss:	1190	15.5732
Packet Loss:	1191	15.5732
Packet Loss:	1192	15.5732
Packet Loss:	1193	15.5732
Packet Retrans:	1189	15.5733
Packet Retrans:	1190	15.5734
Packet Retrans:	1191	15.5735
Packet Retrans:	1192	15.5736
Packet Retrans:	1193	15.5737
Timeout:	1187	15.5903
Packet Loss:	1187	15.5903
Packet Send:	1197	15.5905
Packet Send:	1198	15.5906
Receive Retrans Packet:	1189	15.6
Packet Send:	1199	15.6001
Receive Retrans Packet:	1191	15.6034
Timeout:	1195	15.6235
Packet Loss:	1195	15.6235
Packet Retrans:	1195	15.6236
Timeout:	1196	15.6236
Packet Loss:	1196	15.6236
Packet Retrans:	1196	15.6237
Timeout:	1190	15.6534
Packet Loss:	1190	15.6534
Packet Send:	1200	15.6536
Timeout:	1192	15.6536
Packet Loss:	1192	15.6536
Timeout:	1193	15.6537
Packet Loss:	1193	15.6537
Packet Send:	1201	15.6539
Packet Send:	1202	15.654
Packet Send:	1203	15.6541
Packet Send:	1204	15.6542
Timeout:	1197	15.6705
Packet Loss:	1197	15.6705
Packet Retrans:	1197	15.6706
Timeout:	1198	15.6706
Packet Loss:	1198	15.6706
Packet Retrans:	1198	15.6707
Timeout:	1199	15.6801
Packet Loss:	1199	15.6801
Packet Retrans:	1199	15.6802
Packet Loss:	1200	15.6871
Packet Loss:	1201	15.6871
Packet Loss:	1202	15.6871
Packet Loss:	1203	15.6871
Packet Retrans:	1200	15.6872
Packet Retrans:	1201	15.6873
Packet Retrans:	1202	15.6874
Packet Retrans:	1203	15.6875
Timeout:	1195	15.7036
Packet Loss:	1195	15.7036
Timeout:	1196	15.7037
Packet Loss:	1196	15.7037
Packet Send:	1205	15.7039
Packet Send:	1206	15.704
Receive Retrans Packet:	1201	15.7156
Receive Retrans Packet:	1203	15.719
Packet Loss:	1205	15.7323
Packet Retrans:	1205	15.7324
Timeout:	1197	15.7506
Packet Loss:	1197	15.7506
Timeout:	1198	15.7507
Packet Loss:	1198	15.7507
Packet Send:	1207	15.7509
Packet Send:	1208	15.751
Receive Retrans Packet:	1205	15.7591
Timeout:	1199	15.7602
Packet Loss:	1199	15.7602
Packet Send:	1209	15.7604
Timeout:	1200	15.7672
Packet Loss:	1200	15.7672
Packet Send:	1210	15.7674
Timeout:	1202	15.7674
Packet Loss:	1202	15.7674
Packet Send:	1211	15.7676
Packet Send:	1212	15.7677
Packet Send:	1213	15.7678
Packet Send:	1214	15.7679
Packet Send:	1215	15.768
Packet Send:	1216	15.7681
Packet Loss:	1207	15.7975
Packet Loss:	1208	15.7975
Packet Loss:	1209	15.7975
Packet Loss:	1210	15.7975
Packet Loss:	1211	15.7975
Packet Retrans:	1207	15.7976
Packet Retrans:	1208	15.7977
Packet Retrans:	1209	15.7978
Packet Retrans:	1210	15.7979
Packet Retrans:	1211	15.798
Packet Loss:	1213	15.8009
Packet Retrans:	1213	15.801
Receive Retrans Packet:	1209	15.8277
Receive Retrans Packet:	1210	15.8294
Receive Retrans Packet:	1213	15.8328
Timeout:	1215	15.848
Packet Loss:	1215	15.848
Packet Retrans:	1215	15.8481
Timeout:	1216	15.8481
Packet Loss:	1216	15.8481
Packet Retrans:	1216	15.8482
Timeout:	1207	15.8776
Packet Loss:	1207	15.8776
Timeout:	1208	15.8777
Packet Loss:	1208	15.8777
Packet Send:	1217	15.8779
Packet Send:	1218	15.878
Timeout:	1211	15.878
Packet Loss:	1211	15.878
Packet Send:	1219	15.8782
Packet Send:	1220	15.8783
Packet Send:	1221	15.8784
Packet Send:	1222	15.8785
Packet Send:	1223	15.8786
Packet Send:	1224	15.8787
Packet Send:	1225	15.8788
Packet Loss:	1217	15.9063
Packet Retrans:	1217	15.9064
Packet Loss:	1220	15.9182
Packet Loss:	1221	15.9182
Packet Loss:	1222	15.9182
Packet Loss:	1223	15.9182
Packet Loss:	1224	15.9182
Packet Retrans:	1220	15.9183
Packet Retrans:	1221	15.9184
Packet Retrans:	1222	15.9185
Packet Retrans:	1223	15.9186
Packet Retrans:	1224	15.9187
Timeout:	1216	15.9282
Packet Loss:	1216	15.9282
Packet Send:	1226	15.9284
Receive Retrans Packet:	1221	15.9467
Receive Retrans Packet:	1222	15.9484
Receive Retrans Packet:	1224	15.9518
Timeout:	1217	15.9864
Packet Loss:	1217	15.9864
Packet Send:	1227	15.9866
Packet Send:	1228	15.9867
Packet Send:	1229	15.9868
Timeout:	1220	15.9983
Packet Loss:	1220	15.9983
Packet Send:	1230	15.9985
Packet Send:	1231	15.9986
Timeout:	1223	15.9986
Packet Loss:	1223	15.9986
Packet Send:	1232	15.9988
Packet Send:	1233	15.9989
Packet Send:	1234	15.999
Packet Send:	1235	15.9991
Timeout:	1226	16.0084
Packet Loss:	1226	16.0084
Packet Retrans:	1226	16.0084
Packet Loss:	1228	16.0167
Packet Retrans:	1228	16.0167
Packet Loss:	1233	16.0337
Packet Loss:	1234	16.0337
Packet Retrans:	1233	16.0337
Packet Retrans:	1234	16.0338
Receive Retrans Packet:	1233	16.0605
Receive Retrans Packet:	1234	16.0622
Timeout:	1226	16.0884
Packet Loss:	1226	16.0884
Packet Send:	1236	16.0886
Packet Send:	1237	16.0887
Timeout:	1228	16.0967
Packet Loss:	1228	16.0967
Packet Send:	1238	16.0969
Packet Send:	1239	16.097
Packet Send:	1240	16.0971
Packet Send:	1241	16.0972
Packet Send:	1242	16.0973
Packet Send:	1243	16.0974
Packet Send:	1244	16.0975
Packet Send:	1245	16.0976
Packet Loss:	1236	16.1237
Packet Loss:	1237	16.1237
Packet Retrans:	1236	16.1237
Packet Retrans:	1237	16.1238
Packet Loss:	1239	16.1271
Packet Retrans:	1239	16.1271
Packet Loss:	1241	16.1356
Packet Loss:	1242	16.1356
Packet Loss:	1243	16.1356
Packet Loss:	1244	16.1356
Packet Retrans:	1241	16.1356
Packet Retrans:	1242	16.1357
Packet Retrans:	1243	16.1358
Packet Retrans:	1244	16.1359
Receive Retrans Packet:	1237	16.1522
Receive Retrans Packet:	1244	16.1675
Timeout:	1236	16.2037
Packet Loss:	1236	16.2037
Packet Send:	1246	16.2039
Packet Send:	1247	16.204
Packet Send:	1248	16.2041
Timeout:	1239	16.2071
Packet Loss:	1239	16.2071
Packet Send:	1249	16.2073
Packet Send:	1250	16.2074
Timeout:	1241	16.2156
Packet Loss:	1241	16.2156
Timeout:	1242	16.2157
Packet Loss:	1242	16.2157
Timeout:	1243	16.2158
Packet Loss:	1243	16.2158
Packet Send:	1251	16.216
Packet Send:	1252	16.2161
Packet Send:	1253	16.2162
Packet Send:	1254	16.2163
Packet Send:	1255	16.2164
Packet Loss:	1246	16.2428
Packet Loss:	1247	16.2428
Packet Loss:	1248	16.2428
Packet Loss:	1249	16.2428
Packet Loss:	1250	16.2428
Packet Retrans:	1246	16.2428
Packet Retrans:	1247	16.2429
Packet Retrans:	1248	16.243
Packet Retrans:	1249	16.2431
Packet Retrans:	1250	16.2432
Receive Retrans Packet:	1247	16.2713
Timeout:	1253	16.2962
Packet Loss:	1253	16.2962
Packet Retrans:	1253	16.2963
Timeout:	1254	16.2963
Packet Loss:	1254	16.2963
Packet Retrans:	1254	16.2964
Timeout:	1255	16.2964
Packet Loss:	1255	16.2964
Packet Retrans:	1255	16.2965
Timeout:	1246	16.3228
Packet Loss:	1246	16.3228
Packet Send:	1256	16.323
Timeout:	1248	16.323
Packet Loss:	1248	16.323
Timeout:	1249	16.3231
Packet Loss:	1249	16.3231
Timeout:	1250	16.3232
Packet Loss:	1250	16.3232
Packet Send:	1257	16.3234
Packet Send:	1258	16.3235
Packet Send:	1259	16.3236
Packet Send:	1260	16.3237
Packet Send:	1261	16.3238
Packet Send:	1262	16.3239
Packet Send:	1263	16.324
Packet Loss:	1256	16.3515
Packet Retrans:	1256	16.3515
Packet Loss:	1258	16.3566
Packet Loss:	1259	16.3566
Packet Retrans:	1258	16.3566
Packet Retrans:	1259	16.3567
Packet Loss:	1261	16.36
Packet Retrans:	1261	16.36
Timeout:	1254	16.3764
Packet Loss:	1254	16.3764
Timeout:	1255	16.3765
Packet Loss:	1255	16.3765
Packet Send:	1264	16.3767
Packet Send:	1265	16.3768
Receive Retrans Packet:	1259	16.3851
Timeout:	1256	16.4315
Packet Loss:	1256	16.4315
Packet Send:	1266	16.4317
Packet Send:	1267	16.4318
Timeout:	1258	16.4366
Packet Loss:	1258	16.4366
Packet Send:	1268	16.4368
Packet Send:	1269	16.4369
Packet Send:	1270	16.437
Timeout:	1261	16.44
Packet Loss:	1261	16.44
Packet Send:	1271	16.4402
Packet Send:	1272	16.4403
Packet Send:	1273	16.4404
Timeout:	1264	16.4567
Packet Loss:	1264	16.4567
Packet Retrans:	1264	16.4568
Timeout:	1265	16.4568
Packet Loss:	1265	16.4568
Packet Retrans:	1265	16.4569
Packet Loss:	1268	16.4721
Packet Loss:	1269	16.4721
Packet Loss:	1270	16.4721
Packet Loss:	1271	16.4721
Packet Loss:	1272	16.4721
Packet Retrans:	1268	16.4721
Packet Retrans:	1269	16.4722
Packet Retrans:	1270	16.4723
Packet Retrans:	1271	16.4724
Packet Retrans:	1272	16.4725
Receive Retrans Packet:	1271	16.504
Timeout:	1264	16.5368
Packet Loss:	1264	16.5368
Timeout:	1265	16.5369
Packet Loss:	1265	16.5369
Packet Send:	1274	16.5371
Packet Send:	1275	16.5372
Packet Send:	1276	16.5373
Packet Send:	1277	16.5374
Timeout:	1268	16.5521
Packet Loss:	1268	16.5521
Timeout:	1269	16.5522
Packet Loss:	1269	16.5522
Timeout:	1270	16.5523
Packet Loss:	1270	16.5523
Packet Send:	1278	16.5525
Timeout:	1272	16.5525
Packet Loss:	1272	16.5525
Packet Send:	1279	16.5527
Packet Send:	1280	16.5528
Packet Send:	1281	16.5529
Packet Send:	1282	16.553
Packet Send:	1283	16.5531
Packet Send:	1284	16.5639
Packet Loss:	1275	16.569
Packet Loss:	1276	16.569
Packet Retrans:	1275	16.569
Packet Retrans:	1276	16.5691
Packet Loss:	1279	16.5827
Packet Retrans:	1279	16.5827
Packet Loss:	1281	16.5861
Packet Retrans:	1281	16.5861
Packet Loss:	1283	16.5907
Packet Retrans:	1283	16.5907
Receive Retrans Packet:	1276	16.5975
Receive Retrans Packet:	1279	16.6095
Timeout:	1275	16.649
Packet Loss:	1275	16.649
Packet Send:	1285	16.6492
Packet Send:	1286	16.6493
Packet Send:	1287	16.6494
Packet Send:	1288	16.6495
Packet Send:	1289	16.6496
Packet Send:	1290	16.6497
Timeout:	1281	16.6661
Packet Loss:	1281	16.6661
Packet Send:	1291	16.6663
Packet Send:	1292	16.6664
Timeout:	1283	16.6707
Packet Loss:	1283	16.6707
Packet Send:	1293	16.6709
Packet Send:	1294	16.671
Packet Send:	1295	16.676
Packet Loss:	1286	16.6794
Packet Retrans:	1286	16.6794
Packet Loss:	1288	16.6828
Packet Retrans:	1288	16.6828
Packet Loss:	1290	16.6948
Packet Loss:	1291	16.6948
Packet Retrans:	1290	16.6948
Packet Retrans:	1291	16.6949
Receive Retrans Packet:	1288	16.7096
Receive Retrans Packet:	1291	16.7233
Timeout:	1293	16.7509
Packet Loss:	1293	16.7509
Packet Retrans:	1293	16.751
Timeout:	1294	16.751
Packet Loss:	1294	16.751
Packet Retrans:	1294	16.7511
Timeout:	1295	16.756
Packet Loss:	1295	16.756
Packet Retrans:	1295	16.7561
Timeout:	1286	16.7594
Packet Loss:	1286	16.7594
Packet Send:	1296	16.7596
Packet Send:	1297	16.7597
Packet Send:	1298	16.7598
Packet Send:	1299	16.7599
Timeout:	1290	16.7748
Packet Loss:	1290	16.7748
Packet Send:	1300	16.775
Packet Send:	1301	16.7751
Packet Send:	1302	16.7752
Timeout:	1293	16.831
Packet Loss:	1293	16.831
Packet Send:	1303	16.8312
Packet Send:	1304	16.8313
Packet Send:	1305	16.8314
Packet Send:	1306	16.8315
Timeout:	1297	16.8397
Packet Loss:	1297	16.8397
Packet Retrans:	1297	16.8398
Timeout:	1298	16.8398
Packet Loss:	1298	16.8398
Packet Retrans:	1298	16.8399
Timeout:	1299	16.8399
Packet Loss:	1299	16.8399
Packet Retrans:	1299	16.84
Timeout:	1300	16.855
Packet Loss:	1300	16.855
Packet Retrans:	1300	16.8551
Timeout:	1301	16.8551
Packet Loss:	1301	16.8551
Packet Retrans:	1301	16.8552
Timeout:	1302	16.8552
Packet Loss:	1302	16.8552
Packet Retrans:	1302	16.8553
Packet Loss:	1303	16.8597
Packet Retrans:	1303	16.8597
Receive Retrans Packet:	1302	16.8853
Timeout:	1305	16.9114
Packet Loss:	1305	16.9114
Packet Retrans:	1305	16.9115
Timeout:	1306	16.9115
Packet Loss:	1306	16.9115
Packet Retrans:	1306	16.9116
Timeout:	1297	16.9198
Packet Loss:	1297	16.9198
Timeout:	1298	16.9199
Packet Loss:	1298	16.9199
Timeout:	1299	16.92
Packet Loss:	1299	16.92
Packet Send:	1307	16.9202
Packet Send:	1308	16.9203
Packet Send:	1309	16.9204
Timeout:	1300	16.9351
Packet Loss:	1300	16.9351
Timeout:	1301	16.9352
Packet Loss:	1301	16.9352
Packet Send:	1310	16.9354
Packet Send:	1311	16.9355
Packet Send:	1312	16.9356
Timeout:	1303	16.9397
Packet Loss:	1303	16.9397
Packet Send:	1313	16.9399
Packet Send:	1314	16.94
Packet Loss:	1307	16.9504
Packet Loss:	1308	16.9504
Packet Retrans:	1307	16.9504
Packet Retrans:	1308	16.9505
Receive Retrans Packet:	1308	16.9789
Timeout:	1305	16.9915
Packet Loss:	1305	16.9915
Timeout:	1306	16.9916
Packet Loss:	1306	16.9916
Packet Send:	1315	16.9918
Packet Send:	1316	16.9919
Timeout:	1310	17.0154
Packet Loss:	1310	17.0154
Packet Retrans:	1310	17.0155
Timeout:	1311	17.0155
Packet Loss:	1311	17.0155
Packet Retrans:	1311	17.0156
Timeout:	1312	17.0156
Packet Loss:	1312	17.0156
Packet Retrans:	1312	17.0157
Packet Loss:	1313	17.0186
Packet Loss:	1314	17.0186
Packet Retrans:	1313	17.0186
Packet Retrans:	1314	17.0187
Timeout:	1307	17.0304
Packet Loss:	1307	17.0304
Packet Send:	1317	17.0306
Packet Send:	1318	17.0307
Packet Send:	1319	17.0308
Receive Retrans Packet:	1311	17.044
Receive Retrans Packet:	1313	17.0474
Receive Retrans Packet:	1314	17.0491
Packet Loss:	1316	17.0591
Packet Loss:	1317	17.0591
Packet Retrans:	1316	17.0591
Packet Retrans:	1317	17.0592
Receive Retrans Packet:	1317	17.0876
Timeout:	1310	17.0955
Packet Loss:	1310	17.0955
Packet Send:	1320	17.0957
Timeout:	1312	17.0957
Packet Loss:	1312	17.0957
Packet Send:	1321	17.0959
Packet Send:	1322	17.096
Packet Send:	1323	17.0961
Packet Send:	1324	17.0962
Packet Send:	1325	17.0963
Timeout:	1316	17.1391
Packet Loss:	1316	17.1391
Packet Send:	1326	17.1393
Packet Send:	1327	17.1394
Packet Send:	1328	17.1395
Packet Send:	1329	17.1396
Packet Send:	1330	17.1397
Packet Send:	1331	17.1398
Packet Send:	1332	17.1399
Packet Send:	1333	17.14
Packet Send:	1334	17.1401
Packet Send:	1335	17.1402
Packet Send:	1336	17.1661
Packet Loss:	1327	17.1712
Packet Loss:	1328	17.1712
Packet Retrans:	1327	17.1712
Packet Retrans:	1328	17.1713
Timeout:	1330	17.2197
Packet Loss:	1330	17.2197
Packet Retrans:	1330	17.2198
Timeout:	1331	17.2198
Packet Loss:	1331	17.2198
Packet Retrans:	1331	17.2199
Timeout:	1332	17.2199
Packet Loss:	1332	17.2199
Packet Retrans:	1332	17.22
Timeout:	1333	17.22
Packet Loss:	1333	17.22
Packet Retrans:	1333	17.2201
Timeout:	1334	17.2201
Packet Loss:	1334	17.2201
Packet Retrans:	1334	17.2202
Timeout:	1335	17.2202
Packet Loss:	1335	17.2202
Packet Retrans:	1335	17.2203
Timeout:	1336	17.2461
Packet Loss:	1336	17.2461
Packet Retrans:	1336	17.2462
Timeout:	1327	17.2512
Packet Loss:	1327	17.2512
Timeout:	1328	17.2513
Packet Loss:	1328	17.2513
Packet Send:	1337	17.2515
Packet Send:	1338	17.2516
Packet Send:	1339	17.2517
Timeout:	1330	17.2998
Packet Loss:	1330	17.2998
Timeout:	1331	17.2999
Packet Loss:	1331	17.2999
Timeout:	1332	17.3
Packet Loss:	1332	17.3
Timeout:	1333	17.3001
Packet Loss:	1333	17.3001
Timeout:	1334	17.3002
Packet Loss:	1334	17.3002
Timeout:	1335	17.3003
Packet Loss:	1335	17.3003
Packet Send:	1340	17.3005
Packet Send:	1341	17.3006
Packet Send:	1342	17.3007
Packet Send:	1343	17.3008
Packet Send:	1344	17.3009
Packet Send:	1345	17.301
Timeout:	1336	17.3262
Packet Loss:	1336	17.3262
Packet Send:	1346	17.3264
Timeout:	1337	17.3315
Packet Loss:	1337	17.3315
Packet Retrans:	1337	17.3316
Timeout:	1338	17.3316
Packet Loss:	1338	17.3316
Packet Retrans:	1338	17.3317
Timeout:	1339	17.3317
Packet Loss:	1339	17.3317
Packet Retrans:	1339	17.3318
Packet Send:	1347	17.348
Timeout:	1340	17.3805
Packet Loss:	1340	17.3805
Packet Retrans:	1340	17.3806
Timeout:	1341	17.3806
Packet Loss:	1341	17.3806
Packet Retrans:	1341	17.3807
Timeout:	1342	17.3807
Packet Loss:	1342	17.3807
Packet Retrans:	1342	17.3808
Timeout:	1343	17.3808
Packet Loss:	1343	17.3808
Packet Retrans:	1343	17.3809
Timeout:	1344	17.3809
Packet Loss:	1344	17.3809
Packet Retrans:	1344	17.381
Timeout:	1345	17.381
Packet Loss:	1345	17.381
Packet Retrans:	1345	17.3811
Timeout:	1346	17.4064
Packet Loss:	1346	17.4064
Packet Retrans:	1346	17.4065
Timeout:	1338	17.4117
Packet Loss:	1338	17.4117
Packet Send:	1348	17.4119
Packet Send:	1349	17.412
Timeout:	1347	17.428
Packet Loss:	1347	17.428
Packet Retrans:	1347	17.4281
Timeout:	1340	17.4606
Packet Loss:	1340	17.4606
Packet Send:	1350	17.4608
Timeout:	1342	17.4608
Packet Loss:	1342	17.4608
Timeout:	1343	17.4609
Packet Loss:	1343	17.4609
Timeout:	1344	17.461
Packet Loss:	1344	17.461
Timeout:	1345	17.4611
Packet Loss:	1345	17.4611
Packet Send:	1351	17.4613
Packet Send:	1352	17.4614
Packet Send:	1353	17.4615
Packet Send:	1354	17.4616
Packet Send:	1355	17.4617
Timeout:	1346	17.4865
Packet Loss:	1346	17.4865
Packet Send:	1356	17.4867
Timeout:	1348	17.4919
Packet Loss:	1348	17.4919
Packet Retrans:	1348	17.492
Timeout:	1349	17.492
Packet Loss:	1349	17.492
Packet Retrans:	1349	17.4921
Timeout:	1347	17.5081
Packet Loss:	1347	17.5081
Packet Send:	1357	17.5083
Timeout:	1350	17.5408
Packet Loss:	1350	17.5408
Packet Retrans:	1350	17.5409
Timeout:	1351	17.5413
Packet Loss:	1351	17.5413
Packet Retrans:	1351	17.5414
Timeout:	1352	17.5414
Packet Loss:	1352	17.5414
Packet Retrans:	1352	17.5415
Timeout:	1353	17.5415
Packet Loss:	1353	17.5415
Packet Retrans:	1353	17.5416
Timeout:	1354	17.5416
Packet Loss:	1354	17.5416
Packet Retrans:	1354	17.5417
Timeout:	1355	17.5417
Packet Loss:	1355	17.5417
Packet Retrans:	1355	17.5418
Timeout:	1356	17.5667
Packet Loss:	1356	17.5667
Packet Retrans:	1356	17.5668
Timeout:	1348	17.572
Packet Loss:	1348	17.572
Timeout:	1349	17.5721
Packet Loss:	1349	17.5721
Packet Send:	1358	17.5723
Packet Send:	1359	17.5724
Timeout:	1357	17.5883
Packet Loss:	1357	17.5883
Packet Retrans:	1357	17.5884
Timeout:	1350	17.6209
Packet Loss:	1350	17.6209
Packet Send:	1360	17.6211
Timeout:	1351	17.6214
Packet Loss:	1351	17.6214
Timeout:	1352	17.6215
Packet Loss:	1352	17.6215
Timeout:	1353	17.6216
Packet Loss:	1353	17.6216
Timeout:	1354	17.6217
Packet Loss:	1354	17.6217
Timeout:	1355	17.6218
Packet Loss:	1355	17.6218
Packet Send:	1361	17.622
Packet Send:	1362	17.6221
Packet Send:	1363	17.6222
Packet Send:	1364	17.6223
Packet Send:	1365	17.6224
Timeout:	1356	17.6468
Packet Loss:	1356	17.6468
Packet Send:	1366	17.647
Receive Retrans Packet:	1342	17.6491
Receive Retrans Packet:	1343	17.6508
Timeout:	1358	17.6523
Packet Loss:	1358	17.6523
Packet Retrans:	1358	17.6524
Timeout:	1359	17.6524
Packet Loss:	1359	17.6524
Packet Retrans:	1359	17.6525
Receive Retrans Packet:	1345	17.6542
Timeout:	1357	17.6684
Packet Loss:	1357	17.6684
Packet Send:	1367	17.6686
Timeout:	1360	17.7011
Packet Loss:	1360	17.7011
Packet Retrans:	1360	17.7012
Timeout:	1361	17.702
Packet Loss:	1361	17.702
Packet Retrans:	1361	17.7021
Timeout:	1362	17.7021
Packet Loss:	1362	17.7021
Packet Retrans:	1362	17.7022
Timeout:	1363	17.7022
Packet Loss:	1363	17.7022
Packet Retrans:	1363	17.7023
Timeout:	1364	17.7023
Packet Loss:	1364	17.7023
Packet Retrans:	1364	17.7024
Timeout:	1365	17.7024
Packet Loss:	1365	17.7024
Packet Retrans:	1365	17.7025
Timeout:	1366	17.727
Packet Loss:	1366	17.727
Packet Retrans:	1366	17.7271
Timeout:	1358	17.7324
Packet Loss:	1358	17.7324
Timeout:	1359	17.7325
Packet Loss:	1359	17.7325
Packet Send:	1368	17.7327
Packet Send:	1369	17.7328
Timeout:	1367	17.7486
Packet Loss:	1367	17.7486
Packet Retrans:	1367	17.7487
Timeout:	1360	17.7812
Packet Loss:	1360	17.7812
Packet Send:	1370	17.7814
Timeout:	1361	17.7821
Packet Loss:	1361	17.7821
Timeout:	1362	17.7822
Packet Loss:	1362	17.7822
Timeout:	1363	17.7823
Packet Loss:	1363	17.7823
Timeout:	1364	17.7824
Packet Loss:	1364	17.7824
Timeout:	1365	17.7825
Packet Loss:	1365	17.7825
Packet Send:	1371	17.7827
Packet Send:	1372	17.7828
Packet Send:	1373	17.7829
Packet Send:	1374	17.783
Packet Send:	1375	17.7831
Timeout:	1366	17.8071
Packet Loss:	1366	17.8071
Packet Send:	1376	17.8073
Timeout:	1368	17.8127
Packet Loss:	1368	17.8127
Packet Retrans:	1368	17.8128
Timeout:	1369	17.8128
Packet Loss:	1369	17.8128
Packet Retrans:	1369	17.8129
Timeout:	1367	17.8287
Packet Loss:	1367	17.8287
Packet Send:	1377	17.8289
Timeout:	1370	17.8614
Packet Loss:	1370	17.8614
Packet Retrans:	1370	17.8615
Timeout:	1371	17.8627
Packet Loss:	1371	17.8627
Packet Retrans:	1371	17.8628
Timeout:	1372	17.8628
Packet Loss:	1372	17.8628
Packet Retrans:	1372	17.8629
Timeout:	1373	17.8629
Packet Loss:	1373	17.8629
Packet Retrans:	1373	17.863
Timeout:	1374	17.863
Packet Loss:	1374	17.863
Packet Retrans:	1374	17.8631
Timeout:	1375	17.8631
Packet Loss:	1375	17.8631
Packet Retrans:	1375	17.8632
Timeout:	1376	17.8873
Packet Loss:	1376	17.8873
Packet Retrans:	1376	17.8874
Timeout:	1368	17.8928
Packet Loss:	1368	17.8928
Timeout:	1369	17.8929
Packet Loss:	1369	17.8929
Packet Send:	1378	17.8931
Packet Send:	1379	17.8932
Timeout:	1377	17.9089
Packet Loss:	1377	17.9089
Packet Retrans:	1377	17.909
Receive Retrans Packet:	1354	17.9387
Receive Retrans Packet:	1355	17.9404
Timeout:	1370	17.9415
Packet Loss:	1370	17.9415
Packet Send:	1380	17.9417
Timeout:	1371	17.9428
Packet Loss:	1371	17.9428
Timeout:	1372	17.9429
Packet Loss:	1372	17.9429
Timeout:	1373	17.943
Packet Loss:	1373	17.943
Timeout:	1374	17.9431
Packet Loss:	1374	17.9431
Timeout:	1375	17.9432
Packet Loss:	1375	17.9432
Packet Send:	1381	17.9434
Packet Send:	1382	17.9435
Packet Send:	1383	17.9436
Packet Send:	1384	17.9437
Packet Send:	1385	17.9438
Receive Retrans Packet:	1360	17.9658
Timeout:	1376	17.9674
Packet Loss:	1376	17.9674
Receive Retrans Packet:	1361	17.9675
Packet Send:	1386	17.9676
Receive Retrans Packet:	1364	17.9726
Timeout:	1378	17.9731
Packet Loss:	1378	17.9731
Packet Retrans:	1378	17.9732
Timeout:	1379	17.9732
Packet Loss:	1379	17.9732
Packet Retrans:	1379	17.9733
Receive Retrans Packet:	1365	17.9743
Receive Retrans Packet:	1366	17.976
Timeout:	1377	17.989
Packet Loss:	1377	17.989
Packet Send:	1387	17.9892
Receive Retrans Packet:	1372	18.0031
Receive Retrans Packet:	1373	18.0047
Timeout:	1381	18.0234
Packet Loss:	1381	18.0234
Packet Retrans:	1381	18.0235
Timeout:	1382	18.0235
Packet Loss:	1382	18.0235
Packet Retrans:	1382	18.0236
Timeout:	1383	18.0236
Packet Loss:	1383	18.0236
Packet Retrans:	1383	18.0237
Timeout:	1384	18.0237
Packet Loss:	1384	18.0237
Packet Retrans:	1384	18.0238
Timeout:	1385	18.0238
Packet Loss:	1385	18.0238
Packet Retrans:	1385	18.0239
Receive Retrans Packet:	1382	18.052
Timeout:	1378	18.0532
Packet Loss:	1378	18.0532
Timeout:	1379	18.0533
Packet Loss:	1379	18.0533
Packet Send:	1388	18.0535
Packet Send:	1389	18.0536
Packet Send:	1390	18.0537
Receive Retrans Packet:	1385	18.0571
Packet Loss:	1388	18.082
Packet Retrans:	1388	18.082
Timeout:	1381	18.1035
Packet Loss:	1381	18.1035
Packet Send:	1391	18.1037
Timeout:	1383	18.1037
Packet Loss:	1383	18.1037
Timeout:	1384	18.1038
Packet Loss:	1384	18.1038
Packet Send:	1392	18.104
Packet Send:	1393	18.1041
Packet Send:	1394	18.1042
Packet Send:	1395	18.1043
Packet Send:	1396	18.1044
Packet Send:	1397	18.1045
Packet Loss:	1390	18.1322
Packet Loss:	1391	18.1322
Packet Retrans:	1390	18.1322
Packet Retrans:	1391	18.1323
Packet Loss:	1393	18.1356
Packet Retrans:	1393	18.1356
Receive Retrans Packet:	1390	18.159
Receive Retrans Packet:	1391	18.1607
Timeout:	1388	18.162
Packet Loss:	1388	18.162
Packet Send:	1398	18.1622
Packet Send:	1399	18.1623
Receive Retrans Packet:	1393	18.1624
Packet Send:	1400	18.1624
Packet Send:	1401	18.1625
Packet Send:	1402	18.1626
Packet Send:	1403	18.1627
Packet Send:	1404	18.1628
Packet Send:	1405	18.1629
Packet Send:	1406	18.163
Timeout:	1397	18.1845
Packet Loss:	1397	18.1845
Packet Retrans:	1397	18.1846
Packet Loss:	1399	18.1958
Packet Loss:	1400	18.1958
Packet Loss:	1401	18.1958
Packet Retrans:	1399	18.1958
Packet Retrans:	1400	18.1959
Packet Retrans:	1401	18.196
Packet Loss:	1403	18.2008
Packet Loss:	1404	18.2008
Packet Retrans:	1403	18.2009
Packet Retrans:	1404	18.201
Receive Retrans Packet:	1404	18.2294
Timeout:	1406	18.243
Packet Loss:	1406	18.243
Packet Retrans:	1406	18.2431
Timeout:	1397	18.2646
Packet Loss:	1397	18.2646
Packet Send:	1407	18.2648
Packet Send:	1408	18.2649
Timeout:	1399	18.2758
Packet Loss:	1399	18.2758
Timeout:	1400	18.2759
Packet Loss:	1400	18.2759
Timeout:	1401	18.276
Packet Loss:	1401	18.276
Packet Send:	1409	18.2762
Packet Send:	1410	18.2763
Packet Send:	1411	18.2764
Packet Send:	1412	18.2765
Timeout:	1403	18.2809
Packet Loss:	1403	18.2809
Packet Send:	1413	18.2811
Packet Send:	1414	18.2812
Packet Send:	1415	18.2813
Packet Loss:	1407	18.2933
Packet Retrans:	1407	18.2933
Packet Loss:	1409	18.3047
Packet Retrans:	1409	18.3047
Packet Loss:	1412	18.3098
Packet Retrans:	1412	18.3098
Timeout:	1406	18.3231
Packet Loss:	1406	18.3231
Packet Send:	1416	18.3233
Receive Retrans Packet:	1409	18.3315
Packet Loss:	1414	18.3501
Packet Loss:	1415	18.3501
Packet Retrans:	1414	18.3501
Packet Retrans:	1415	18.3502
Timeout:	1407	18.3733
Packet Loss:	1407	18.3733
Packet Send:	1417	18.3735
Packet Send:	1418	18.3736
Packet Send:	1419	18.3737
Packet Send:	1420	18.3738
Packet Send:	1421	18.3739
Timeout:	1412	18.3898
Packet Loss:	1412	18.3898
Packet Send:	1422	18.39
Packet Send:	1423	18.3901
Packet Loss:	1417	18.402
Packet Retrans:	1417	18.402
Packet Loss:	1419	18.4071
Packet Loss:	1420	18.4071
Packet Retrans:	1419	18.4071
Packet Retrans:	1420	18.4072
Packet Loss:	1422	18.4185
Packet Retrans:	1422	18.4185
Timeout:	1414	18.4301
Packet Loss:	1414	18.4301
Timeout:	1415	18.4302
Packet Loss:	1415	18.4302
Packet Send:	1424	18.4304
Packet Send:	1425	18.4305
Packet Send:	1426	18.4306
Receive Retrans Packet:	1419	18.4339
Receive Retrans Packet:	1422	18.4453
Timeout:	1417	18.482
Packet Loss:	1417	18.482
Packet Send:	1427	18.4822
Packet Send:	1428	18.4823
Packet Send:	1429	18.4824
Timeout:	1420	18.4872
Packet Loss:	1420	18.4872
Packet Send:	1430	18.4874
Packet Send:	1431	18.4875
Packet Send:	1432	18.4876
Packet Send:	1433	18.4877
Packet Send:	1434	18.4878
Packet Send:	1435	18.4879
Timeout:	1426	18.5106
Packet Loss:	1426	18.5106
Packet Retrans:	1426	18.5107
Packet Loss:	1427	18.5124
Packet Loss:	1428	18.5124
Packet Retrans:	1427	18.5124
Packet Retrans:	1428	18.5125
Packet Loss:	1431	18.521
Packet Loss:	1432	18.521
Packet Loss:	1433	18.521
Packet Retrans:	1431	18.521
Packet Retrans:	1432	18.5211
Packet Retrans:	1433	18.5212
Receive Retrans Packet:	1432	18.5495
Receive Retrans Packet:	1433	18.5512
Timeout:	1435	18.5679
Packet Loss:	1435	18.5679
Packet Retrans:	1435	18.568
Timeout:	1426	18.5907
Packet Loss:	1426	18.5907
Packet Send:	1436	18.5909
Timeout:	1427	18.5924
Packet Loss:	1427	18.5924
Timeout:	1428	18.5925
Packet Loss:	1428	18.5925
Packet Send:	1437	18.5927
Packet Send:	1438	18.5928
Packet Send:	1439	18.5929
Packet Send:	1440	18.593
Timeout:	1431	18.601
Packet Loss:	1431	18.601
Packet Send:	1441	18.6012
Packet Send:	1442	18.6013
Packet Send:	1443	18.6014
Packet Send:	1444	18.6015
Packet Loss:	1436	18.6314
Packet Loss:	1437	18.6314
Packet Loss:	1438	18.6314
Packet Loss:	1439	18.6314
Packet Loss:	1440	18.6314
Packet Loss:	1441	18.6314
Packet Loss:	1442	18.6314
Packet Retrans:	1436	18.6314
Packet Retrans:	1437	18.6315
Packet Retrans:	1438	18.6316
Packet Retrans:	1439	18.6317
Packet Retrans:	1440	18.6318
Packet Retrans:	1441	18.6319
Packet Retrans:	1442	18.632
Timeout:	1435	18.648
Packet Loss:	1435	18.648
Packet Send:	1445	18.6482
Receive Retrans Packet:	1438	18.6616
Receive Retrans Packet:	1440	18.665
Receive Retrans Packet:	1441	18.6667
Receive Retrans Packet:	1442	18.6684
Timeout:	1436	18.7114
Packet Loss:	1436	18.7114
Timeout:	1437	18.7115
Packet Loss:	1437	18.7115
Packet Send:	1446	18.7117
Timeout:	1439	18.7117
Packet Loss:	1439	18.7117
Packet Send:	1447	18.7119
Packet Send:	1448	18.712
Packet Send:	1449	18.7121
Packet Send:	1450	18.7122
Packet Send:	1451	18.7123
Packet Send:	1452	18.7124
Packet Send:	1453	18.7125
Packet Send:	1454	18.7126
Packet Send:	1455	18.7127
Packet Loss:	1446	18.7402
Packet Retrans:	1446	18.7402
Packet Loss:	1451	18.752
Packet Loss:	1452	18.752
Packet Loss:	1453	18.752
Packet Retrans:	1451	18.7521
Packet Retrans:	1452	18.7522
Packet Retrans:	1453	18.7523
Receive Retrans Packet:	1451	18.7789
Timeout:	1455	18.7927
Packet Loss:	1455	18.7927
Packet Retrans:	1455	18.7928
Timeout:	1446	18.8202
Packet Loss:	1446	18.8202
Packet Send:	1456	18.8204
Packet Send:	1457	18.8205
Packet Send:	1458	18.8206
Packet Send:	1459	18.8207
Packet Send:	1460	18.8208
Packet Send:	1461	18.8209
Timeout:	1452	18.8322
Packet Loss:	1452	18.8322
Timeout:	1453	18.8323
Packet Loss:	1453	18.8323
Packet Send:	1462	18.8325
Packet Send:	1463	18.8326
Packet Send:	1464	18.8327
Packet Send:	1465	18.8328
Packet Loss:	1456	18.8489
Packet Retrans:	1456	18.8489
Packet Loss:	1458	18.8523
Packet Retrans:	1458	18.8523
Packet Loss:	1461	18.861
Packet Loss:	1462	18.861
Packet Retrans:	1461	18.861
Packet Retrans:	1462	18.8611
Receive Retrans Packet:	1462	18.8895
Timeout:	1456	18.9289
Packet Loss:	1456	18.9289
Packet Send:	1466	18.9291
Packet Send:	1467	18.9292
Timeout:	1458	18.9323
Packet Loss:	1458	18.9323
Packet Send:	1468	18.9325
Packet Send:	1469	18.9326
Packet Send:	1470	18.9327
Timeout:	1461	18.941
Packet Loss:	1461	18.941
Packet Send:	1471	18.9412
Packet Send:	1472	18.9413
Packet Send:	1473	18.9414
Packet Send:	1474	18.9415
Packet Send:	1475	18.9416
Packet Loss:	1466	18.9731
Packet Loss:	1467	18.9731
Packet Loss:	1468	18.9731
Packet Loss:	1469	18.9731
Packet Loss:	1470	18.9731
Packet Loss:	1471	18.9731
Packet Loss:	1472	18.9731
Packet Loss:	1473	18.9731
Packet Retrans:	1466	18.9731
Packet Retrans:	1467	18.9732
Packet Retrans:	1468	18.9733
Packet Retrans:	1469	18.9734
Packet Retrans:	1470	18.9735
Packet Retrans:	1471	18.9736
Packet Retrans:	1472	18.9737
Packet Retrans:	1473	18.9738
Receive Retrans Packet:	1471	19.0084
Receive Retrans Packet:	1472	19.01
Timeout:	1475	19.0216
Packet Loss:	1475	19.0216
Packet Retrans:	1475	19.0217
Timeout:	1466	19.0531
Packet Loss:	1466	19.0531
Timeout:	1467	19.0532
Packet Loss:	1467	19.0532
Timeout:	1468	19.0533
Packet Loss:	1468	19.0533
Timeout:	1469	19.0534
Packet Loss:	1469	19.0534
Timeout:	1470	19.0535
Packet Loss:	1470	19.0535
Packet Send:	1476	19.0537
Packet Send:	1477	19.0538
Timeout:	1473	19.0538
Packet Loss:	1473	19.0538
Packet Send:	1478	19.054
Packet Send:	1479	19.0541
Packet Send:	1480	19.0542
Packet Send:	1481	19.0543
Packet Send:	1482	19.0544
Packet Send:	1483	19.0545
Packet Send:	1484	19.0546
Packet Send:	1485	19.0547
Packet Send:	1486	19.0805
Packet Send:	1487	19.0822
Packet Send:	1488	19.0839
Packet Loss:	1479	19.0873
Packet Retrans:	1479	19.0873
Packet Loss:	1481	19.094
Packet Loss:	1482	19.094
Packet Loss:	1483	19.094
Packet Retrans:	1481	19.0941
Packet Retrans:	1482	19.0942
Packet Retrans:	1483	19.0943
Packet Loss:	1485	19.1073
Packet Retrans:	1485	19.1073
Receive Retrans Packet:	1481	19.1209
Receive Retrans Packet:	1482	19.1226
Receive Retrans Packet:	1485	19.1341
Timeout:	1487	19.1622
Packet Loss:	1487	19.1622
Packet Retrans:	1487	19.1623
Timeout:	1488	19.1639
Packet Loss:	1488	19.1639
Packet Retrans:	1488	19.164
Timeout:	1479	19.1673
Packet Loss:	1479	19.1673
Packet Send:	1489	19.1675
Packet Send:	1490	19.1676
Packet Send:	1491	19.1677
Packet Send:	1492	19.1678
Timeout:	1483	19.1743
Packet Loss:	1483	19.1743
Packet Send:	1493	19.1745
Packet Send:	1494	19.1746
Packet Send:	1495	19.1747
Packet Send:	1496	19.1748
Packet Loss:	1489	19.203
Packet Loss:	1490	19.203
Packet Loss:	1491	19.203
Packet Loss:	1492	19.203
Packet Loss:	1493	19.203
Packet Retrans:	1489	19.203
Packet Retrans:	1490	19.2031
Packet Retrans:	1491	19.2032
Packet Retrans:	1492	19.2033
Packet Retrans:	1493	19.2034
Timeout:	1487	19.2423
Packet Loss:	1487	19.2423
Packet Send:	1497	19.2425
Packet Send:	1498	19.2426
Timeout:	1496	19.2548
Packet Loss:	1496	19.2548
Packet Retrans:	1496	19.2549
Timeout:	1489	19.283
Packet Loss:	1489	19.283
Timeout:	1490	19.2831
Packet Loss:	1490	19.2831
Timeout:	1491	19.2832
Packet Loss:	1491	19.2832
Timeout:	1492	19.2833
Packet Loss:	1492	19.2833
Timeout:	1493	19.2834
Packet Loss:	1493	19.2834
Packet Send:	1499	19.2836
Packet Send:	1500	19.2837
Packet Send:	1501	19.2838
Packet Send:	1502	19.2839
Packet Send:	1503	19.284
Packet Send:	1504	19.2841
Packet Send:	1505	19.2842
Packet Loss:	1497	19.3104
Packet Loss:	1498	19.3104
Packet Retrans:	1497	19.3104
Packet Retrans:	1498	19.3105
Timeout:	1496	19.3349
Packet Loss:	1496	19.3349
Packet Send:	1506	19.3351
Timeout:	1500	19.3637
Packet Loss:	1500	19.3637
Packet Retrans:	1500	19.3638
Timeout:	1501	19.3638
Packet Loss:	1501	19.3638
Packet Retrans:	1501	19.3639
Timeout:	1502	19.3639
Packet Loss:	1502	19.3639
Packet Retrans:	1502	19.364
Timeout:	1503	19.364
Packet Loss:	1503	19.364
Packet Retrans:	1503	19.3641
Timeout:	1504	19.3641
Packet Loss:	1504	19.3641
Packet Retrans:	1504	19.3642
Timeout:	1505	19.3642
Packet Loss:	1505	19.3642
Packet Retrans:	1505	19.3643
Timeout:	1497	19.3904
Packet Loss:	1497	19.3904
Timeout:	1498	19.3905
Packet Loss:	1498	19.3905
Packet Send:	1507	19.3907
Packet Send:	1508	19.3908
Packet Send:	1509	19.3909
Packet Send:	1510	19.391
Timeout:	1506	19.4151
Packet Loss:	1506	19.4151
Packet Retrans:	1506	19.4152
Packet Loss:	1507	19.4209
Packet Loss:	1508	19.4209
Packet Retrans:	1507	19.4209
Packet Retrans:	1508	19.421
Timeout:	1501	19.4439
Packet Loss:	1501	19.4439
Timeout:	1502	19.444
Packet Loss:	1502	19.444
Timeout:	1503	19.4441
Packet Loss:	1503	19.4441
Timeout:	1504	19.4442
Packet Loss:	1504	19.4442
Timeout:	1505	19.4443
Packet Loss:	1505	19.4443
Packet Send:	1511	19.4445
Packet Send:	1512	19.4446
Packet Send:	1513	19.4447
Packet Send:	1514	19.4448
Packet Send:	1515	19.4449
Receive Retrans Packet:	1508	19.4494
Timeout:	1510	19.471
Packet Loss:	1510	19.471
Packet Retrans:	1510	19.4711
Packet Loss:	1511	19.4747
Packet Loss:	1512	19.4747
Packet Retrans:	1511	19.4747
Packet Retrans:	1512	19.4748
Timeout:	1506	19.4952
Packet Loss:	1506	19.4952
Packet Send:	1516	19.4954
Timeout:	1507	19.5009
Packet Loss:	1507	19.5009
Packet Send:	1517	19.5011
Packet Send:	1518	19.5012
Packet Send:	1519	19.5013
Receive Retrans Packet:	1511	19.5015
Timeout:	1515	19.5249
Packet Loss:	1515	19.5249
Packet Retrans:	1515	19.525
Timeout:	1510	19.5511
Packet Loss:	1510	19.5511
Packet Send:	1520	19.5513
Packet Send:	1521	19.5514
Timeout:	1512	19.5548
Packet Loss:	1512	19.5548
Packet Send:	1522	19.555
Packet Send:	1523	19.5551
Packet Send:	1524	19.5552
Timeout:	1516	19.5754
Packet Loss:	1516	19.5754
Packet Retrans:	1516	19.5755
Packet Loss:	1517	19.5781
Packet Loss:	1518	19.5781
Packet Loss:	1519	19.5781
Packet Retrans:	1517	19.5781
Packet Retrans:	1518	19.5782
Packet Retrans:	1519	19.5783
Packet Loss:	1521	19.5818
Packet Retrans:	1521	19.5818
Receive Retrans Packet:	1517	19.6049
Timeout:	1515	19.605
Packet Loss:	1515	19.605
Packet Send:	1525	19.6052
Receive Retrans Packet:	1521	19.61
Packet Loss:	1523	19.632
Packet Loss:	1524	19.632
Packet Retrans:	1523	19.632
Packet Retrans:	1524	19.6321
Timeout:	1516	19.6555
Packet Loss:	1516	19.6555
Packet Send:	1526	19.6557
Packet Send:	1527	19.6558
Timeout:	1518	19.6582
Packet Loss:	1518	19.6582
Timeout:	1519	19.6583
Packet Loss:	1519	19.6583
Packet Send:	1528	19.6585
Packet Send:	1529	19.6586
Packet Send:	1530	19.6587
Packet Send:	1531	19.6588
Packet Send:	1532	19.6589
Packet Loss:	1526	19.6842
Packet Retrans:	1526	19.6842
Packet Loss:	1530	19.6909
Packet Retrans:	1530	19.691
Timeout:	1523	19.712
Packet Loss:	1523	19.712
Timeout:	1524	19.7121
Packet Loss:	1524	19.7121
Packet Send:	1533	19.7123
Packet Send:	1534	19.7124
Packet Send:	1535	19.7125
Packet Loss:	1533	19.7408
Packet Retrans:	1533	19.7408
Timeout:	1526	19.7642
Packet Loss:	1526	19.7642
Packet Send:	1536	19.7644
Packet Send:	1537	19.7645
Packet Send:	1538	19.7646
Packet Send:	1539	19.7647
Timeout:	1530	19.771
Packet Loss:	1530	19.771
Packet Send:	1540	19.7712
Packet Send:	1541	19.7713
Packet Send:	1542	19.7714
Packet Loss:	1539	19.8014
Packet Loss:	1540	19.8014
Packet Loss:	1541	19.8014
Packet Retrans:	1539	19.8014
Packet Retrans:	1540	19.8015
Packet Retrans:	1541	19.8016
Timeout:	1533	19.8208
Packet Loss:	1533	19.8208
Packet Send:	1543	19.821
Packet Send:	1544	19.8211
Packet Send:	1545	19.8212
Packet Send:	1546	19.8213
Packet Send:	1547	19.8214
Packet Send:	1548	19.8215
Receive Retrans Packet:	1539	19.8282
Packet Send:	1549	19.8282
Receive Retrans Packet:	1541	19.8316
Packet Loss:	1543	19.8512
Packet Loss:	1544	19.8512
Packet Retrans:	1543	19.8512
Packet Retrans:	1544	19.8513
Packet Loss:	1546	19.8579
Packet Loss:	1547	19.8579
Packet Loss:	1548	19.8579
Packet Retrans:	1546	19.858
Packet Retrans:	1547	19.8581
Packet Retrans:	1548	19.8582
Timeout:	1540	19.8815
Packet Loss:	1540	19.8815
Packet Send:	1550	19.8817
Packet Send:	1551	19.8818
Packet Send:	1552	19.8819
Receive Retrans Packet:	1546	19.8848
Timeout:	1543	19.9312
Packet Loss:	1543	19.9312
Timeout:	1544	19.9313
Packet Loss:	1544	19.9313
Packet Send:	1553	19.9315
Packet Send:	1554	19.9316
Packet Send:	1555	19.9317
Packet Send:	1556	19.9318
Timeout:	1547	19.9381
Packet Loss:	1547	19.9381
Timeout:	1548	19.9382
Packet Loss:	1548	19.9382
Packet Send:	1557	19.9384
Packet Send:	1558	19.9385
Packet Send:	1559	19.9386
Packet Send:	1560	19.9387
Packet Send:	1561	19.9388
Packet Loss:	1552	19.9583
Packet Retrans:	1552	19.9583
Timeout:	1557	20.0184
Packet Loss:	1557	20.0184
Packet Retrans:	1557	20.0185
Timeout:	1558	20.0185
Packet Loss:	1558	20.0185
Packet Retrans:	1558	20.0186
Timeout:	1559	20.0186
Packet Loss:	1559	20.0186
Packet Retrans:	1559	20.0187
Timeout:	1560	20.0187
Packet Loss:	1560	20.0187
Packet Retrans:	1560	20.0188
Timeout:	1561	20.0188
Packet Loss:	1561	20.0188
Packet Retrans:	1561	20.0189
Timeout:	1552	20.0383
Packet Loss:	1552	20.0383
Packet Send:	1562	20.0385
Packet Send:	1563	20.0386
Packet Send:	1564	20.0387
Packet Send:	1565	20.0388
Packet Send:	1566	20.0389
Packet Send:	1567	20.0453
Packet Send:	1568	20.047
Packet Loss:	1563	20.0704
Packet Loss:	1564	20.0704
Packet Retrans:	1563	20.0704
Packet Retrans:	1564	20.0705
Timeout:	1559	20.0987
Packet Loss:	1559	20.0987
Packet Send:	1569	20.0989
Timeout:	1561	20.0989
Packet Loss:	1561	20.0989
Packet Send:	1570	20.0991
Packet Send:	1571	20.0992
Packet Send:	1572	20.0993
Timeout:	1567	20.1253
Packet Loss:	1567	20.1253
Packet Retrans:	1567	20.1254
Timeout:	1568	20.127
Packet Loss:	1568	20.127
Packet Retrans:	1568	20.1271
Packet Loss:	1569	20.1291
Packet Loss:	1570	20.1291
Packet Retrans:	1569	20.1291
Packet Retrans:	1570	20.1292
Timeout:	1563	20.1504
Packet Loss:	1563	20.1504
Timeout:	1564	20.1505
Packet Loss:	1564	20.1505
Packet Send:	1573	20.1507
Packet Send:	1574	20.1508
Packet Send:	1575	20.1509
Packet Send:	1576	20.151
Receive Retrans Packet:	1567	20.1522
Packet Send:	1577	20.1522
Timeout:	1572	20.1793
Packet Loss:	1572	20.1793
Packet Retrans:	1572	20.1794
Packet Loss:	1573	20.1843
Packet Loss:	1574	20.1843
Packet Loss:	1575	20.1843
Packet Loss:	1576	20.1843
Packet Retrans:	1573	20.1843
Packet Retrans:	1574	20.1844
Packet Retrans:	1575	20.1845
Packet Retrans:	1576	20.1846
Timeout:	1568	20.2071
Packet Loss:	1568	20.2071
Packet Send:	1578	20.2073
Timeout:	1569	20.2091
Packet Loss:	1569	20.2091
Timeout:	1570	20.2092
Packet Loss:	1570	20.2092
Packet Send:	1579	20.2094
Packet Send:	1580	20.2095
Packet Send:	1581	20.2096
Receive Retrans Packet:	1573	20.2111
Packet Loss:	1578	20.2362
Packet Retrans:	1578	20.2362
Timeout:	1572	20.2594
Packet Loss:	1572	20.2594
Packet Send:	1582	20.2596
Packet Send:	1583	20.2597
Receive Retrans Packet:	1578	20.263
Timeout:	1574	20.2644
Packet Loss:	1574	20.2644
Timeout:	1575	20.2645
Packet Loss:	1575	20.2645
Timeout:	1576	20.2646
Packet Loss:	1576	20.2646
Packet Send:	1584	20.2648
Packet Send:	1585	20.2649
Packet Send:	1586	20.265
Packet Send:	1587	20.2651
Packet Send:	1588	20.2652
Packet Send:	1589	20.2653
Timeout:	1580	20.2895
Packet Loss:	1580	20.2895
Packet Retrans:	1580	20.2896
Timeout:	1581	20.2896
Packet Loss:	1581	20.2896
Packet Retrans:	1581	20.2897
Packet Loss:	1582	20.295
Packet Loss:	1583	20.295
Packet Loss:	1584	20.295
Packet Loss:	1585	20.295
Packet Retrans:	1582	20.295
Packet Retrans:	1583	20.2951
Packet Retrans:	1584	20.2952
Packet Retrans:	1585	20.2953
Packet Loss:	1587	20.2983
Packet Retrans:	1587	20.2984
Receive Retrans Packet:	1581	20.3181
Receive Retrans Packet:	1585	20.3269
Timeout:	1580	20.3696
Packet Loss:	1580	20.3696
Packet Send:	1590	20.3698
Packet Send:	1591	20.3699
Timeout:	1582	20.375
Packet Loss:	1582	20.375
Timeout:	1583	20.3751
Packet Loss:	1583	20.3751
Timeout:	1584	20.3752
Packet Loss:	1584	20.3752
Packet Send:	1592	20.3754
Packet Send:	1593	20.3755
Packet Send:	1594	20.3756
Packet Send:	1595	20.3757
Packet Send:	1596	20.3758
Timeout:	1587	20.3784
Packet Loss:	1587	20.3784
Packet Send:	1597	20.3786
Packet Send:	1598	20.3787
Packet Send:	1599	20.3788
Packet Loss:	1590	20.3983
Packet Retrans:	1590	20.3983
Packet Loss:	1592	20.4056
Packet Loss:	1593	20.4056
Packet Retrans:	1592	20.4056
Packet Retrans:	1593	20.4057
Packet Loss:	1595	20.4123
Packet Loss:	1596	20.4123
Packet Loss:	1597	20.4123
Packet Retrans:	1595	20.4124
Packet Retrans:	1596	20.4125
Packet Retrans:	1597	20.4126
Receive Retrans Packet:	1590	20.4251
Packet Send:	1600	20.4251
Packet Send:	1601	20.4252
Packet Loss:	1600	20.4536
Packet Retrans:	1600	20.4536
Timeout:	1592	20.4856
Packet Loss:	1592	20.4856
Timeout:	1593	20.4857
Packet Loss:	1593	20.4857
Packet Send:	1602	20.4859
Packet Send:	1603	20.486
Packet Send:	1604	20.4861
Timeout:	1595	20.4924
Packet Loss:	1595	20.4924
Timeout:	1596	20.4925
Packet Loss:	1596	20.4925
Timeout:	1597	20.4926
Packet Loss:	1597	20.4926
Packet Send:	1605	20.4928
Packet Send:	1606	20.4929
Packet Send:	1607	20.493
Packet Send:	1608	20.4931
Packet Send:	1609	20.4932
Packet Loss:	1602	20.5161
Packet Loss:	1603	20.5161
Packet Retrans:	1602	20.5161
Packet Retrans:	1603	20.5162
Timeout:	1600	20.5336
Packet Loss:	1600	20.5336
Packet Send:	1610	20.5338
Packet Send:	1611	20.5339
Receive Retrans Packet:	1602	20.5619
Packet Send:	1612	20.5619
Receive Retrans Packet:	1603	20.5636
Packet Send:	1613	20.5636
Packet Send:	1614	20.5637
Timeout:	1605	20.5728
Packet Loss:	1605	20.5728
Packet Retrans:	1605	20.5729
Timeout:	1606	20.5729
Packet Loss:	1606	20.5729
Packet Retrans:	1606	20.573
Timeout:	1607	20.573
Packet Loss:	1607	20.573
Packet Retrans:	1607	20.5731
Timeout:	1608	20.5731
Packet Loss:	1608	20.5731
Packet Retrans:	1608	20.5732
Timeout:	1609	20.5732
Packet Loss:	1609	20.5732
Packet Retrans:	1609	20.5733
Timeout:	1610	20.6138
Packet Loss:	1610	20.6138
Packet Retrans:	1610	20.6139
Timeout:	1611	20.6139
Packet Loss:	1611	20.6139
Packet Retrans:	1611	20.614
Timeout:	1612	20.6419
Packet Loss:	1612	20.6419
Packet Retrans:	1612	20.642
Timeout:	1613	20.6436
Packet Loss:	1613	20.6436
Packet Retrans:	1613	20.6437
Timeout:	1614	20.6437
Packet Loss:	1614	20.6437
Packet Retrans:	1614	20.6438
Timeout:	1605	20.6529
Packet Loss:	1605	20.6529
Timeout:	1606	20.653
Packet Loss:	1606	20.653
Timeout:	1607	20.6531
Packet Loss:	1607	20.6531
Timeout:	1608	20.6532
Packet Loss:	1608	20.6532
Timeout:	1609	20.6533
Packet Loss:	1609	20.6533
Packet Send:	1615	20.6535
Packet Send:	1616	20.6536
Packet Send:	1617	20.6537
Packet Send:	1618	20.6538
Packet Send:	1619	20.6539
Timeout:	1610	20.6939
Packet Loss:	1610	20.6939
Timeout:	1611	20.694
Packet Loss:	1611	20.694
Packet Send:	1620	20.6942
Packet Send:	1621	20.6943
Packet Send:	1622	20.6944
Receive Retrans Packet:	1606	20.6959
Receive Retrans Packet:	1607	20.6976
Receive Retrans Packet:	1608	20.6993
Timeout:	1613	20.7237
Packet Loss:	1613	20.7237
Timeout:	1614	20.7238
Packet Loss:	1614	20.7238
Packet Send:	1623	20.724
Packet Send:	1624	20.7241
Timeout:	1615	20.7335
Packet Loss:	1615	20.7335
Packet Retrans:	1615	20.7336
Timeout:	1616	20.7336
Packet Loss:	1616	20.7336
Packet Retrans:	1616	20.7337
Timeout:	1617	20.7337
Packet Loss:	1617	20.7337
Packet Retrans:	1617	20.7338
Timeout:	1618	20.7338
Packet Loss:	1618	20.7338
Packet Retrans:	1618	20.7339
Timeout:	1619	20.7339
Packet Loss:	1619	20.7339
Packet Retrans:	1619	20.734
Timeout:	1620	20.7742
Packet Loss:	1620	20.7742
Packet Retrans:	1620	20.7743
Timeout:	1621	20.7743
Packet Loss:	1621	20.7743
Packet Retrans:	1621	20.7744
Timeout:	1622	20.7744
Packet Loss:	1622	20.7744
Packet Retrans:	1622	20.7745
Timeout:	1623	20.804
Packet Loss:	1623	20.804
Packet Retrans:	1623	20.8041
Timeout:	1624	20.8041
Packet Loss:	1624	20.8041
Packet Retrans:	1624	20.8042
Timeout:	1615	20.8136
Packet Loss:	1615	20.8136
Timeout:	1616	20.8137
Packet Loss:	1616	20.8137
Timeout:	1617	20.8138
Packet Loss:	1617	20.8138
Timeout:	1618	20.8139
Packet Loss:	1618	20.8139
Timeout:	1619	20.814
Packet Loss:	1619	20.814
Packet Send:	1625	20.8142
Packet Send:	1626	20.8143
Packet Send:	1627	20.8144
Packet Send:	1628	20.8145
Packet Send:	1629	20.8146
Receive Retrans Packet:	1612	20.8518
Timeout:	1620	20.8543
Packet Loss:	1620	20.8543
Timeout:	1621	20.8544
Packet Loss:	1621	20.8544
Timeout:	1622	20.8545
Packet Loss:	1622	20.8545
Packet Send:	1630	20.8547
Packet Send:	1631	20.8548
Packet Send:	1632	20.8549
Timeout:	1623	20.8841
Packet Loss:	1623	20.8841
Timeout:	1624	20.8842
Packet Loss:	1624	20.8842
Packet Send:	1633	20.8844
Packet Send:	1634	20.8845
Timeout:	1625	20.8942
Packet Loss:	1625	20.8942
Packet Retrans:	1625	20.8943
Timeout:	1626	20.8943
Packet Loss:	1626	20.8943
Packet Retrans:	1626	20.8944
Timeout:	1627	20.8944
Packet Loss:	1627	20.8944
Packet Retrans:	1627	20.8945
Timeout:	1628	20.8945
Packet Loss:	1628	20.8945
Packet Retrans:	1628	20.8946
Timeout:	1629	20.8946
Packet Loss:	1629	20.8946
Packet Retrans:	1629	20.8947
Timeout:	1630	20.9347
Packet Loss:	1630	20.9347
Packet Retrans:	1630	20.9348
Timeout:	1631	20.9348
Packet Loss:	1631	20.9348
Packet Retrans:	1631	20.9349
Timeout:	1632	20.9349
Packet Loss:	1632	20.9349
Packet Retrans:	1632	20.935
Timeout:	1633	20.9644
Packet Loss:	1633	20.9644
Packet Retrans:	1633	20.9645
Timeout:	1634	20.9645
Packet Loss:	1634	20.9645
Packet Retrans:	1634	20.9646
Timeout:	1625	20.9743
Packet Loss:	1625	20.9743
Timeout:	1626	20.9744
Packet Loss:	1626	20.9744
Timeout:	1627	20.9745
Packet Loss:	1627	20.9745
Timeout:	1628	20.9746
Packet Loss:	1628	20.9746
Timeout:	1629	20.9747
Packet Loss:	1629	20.9747
Packet Send:	1635	20.9749
Packet Send:	1636	20.975
Packet Send:	1637	20.9751
Packet Send:	1638	20.9752
Packet Send:	1639	20.9753
Timeout:	1630	21.0148
Packet Loss:	1630	21.0148
Timeout:	1631	21.0149
Packet Loss:	1631	21.0149
Timeout:	1632	21.015
Packet Loss:	1632	21.015
Packet Send:	1640	21.0152
Packet Send:	1641	21.0153
Packet Send:	1642	21.0154
Timeout:	1633	21.0445
Packet Loss:	1633	21.0445
Timeout:	1634	21.0446
Packet Loss:	1634	21.0446
Packet Send:	1643	21.0448
Packet Send:	1644	21.0449
Timeout:	1635	21.0549
Packet Loss:	1635	21.0549
Packet Retrans:	1635	21.055
Timeout:	1636	21.055
Packet Loss:	1636	21.055
Packet Retrans:	1636	21.0551
Timeout:	1637	21.0551
Packet Loss:	1637	21.0551
Packet Retrans:	1637	21.0552
Timeout:	1638	21.0552
Packet Loss:	1638	21.0552
Packet Retrans:	1638	21.0553
Timeout:	1639	21.0553
Packet Loss:	1639	21.0553
Packet Retrans:	1639	21.0554
Receive Retrans Packet:	1616	21.0697
Timeout:	1640	21.0952
Packet Loss:	1640	21.0952
Packet Retrans:	1640	21.0953
Timeout:	1641	21.0953
Packet Loss:	1641	21.0953
Packet Retrans:	1641	21.0954
Timeout:	1642	21.0954
Packet Loss:	1642	21.0954
Packet Retrans:	1642	21.0955
Timeout:	1643	21.1248
Packet Loss:	1643	21.1248
Packet Retrans:	1643	21.1249
Timeout:	1644	21.1249
Packet Loss:	1644	21.1249
Packet Retrans:	1644	21.125
Timeout:	1635	21.135
Packet Loss:	1635	21.135
Timeout:	1636	21.1351
Packet Loss:	1636	21.1351
Timeout:	1637	21.1352
Packet Loss:	1637	21.1352
Timeout:	1638	21.1353
Packet Loss:	1638	21.1353
Timeout:	1639	21.1354
Packet Loss:	1639	21.1354
Packet Send:	1645	21.1356
Packet Send:	1646	21.1357
Packet Send:	1647	21.1358
Packet Send:	1648	21.1359
Packet Send:	1649	21.136
Timeout:	1640	21.1753
Packet Loss:	1640	21.1753
Timeout:	1641	21.1754
Packet Loss:	1641	21.1754
Timeout:	1642	21.1755
Packet Loss:	1642	21.1755
Packet Send:	1650	21.1757
Packet Send:	1651	21.1758
Packet Send:	1652	21.1759
Timeout:	1643	21.2049
Packet Loss:	1643	21.2049
Timeout:	1644	21.205
Packet Loss:	1644	21.205
Packet Send:	1653	21.2052
Packet Send:	1654	21.2053
Timeout:	1645	21.2156
Packet Loss:	1645	21.2156
Packet Retrans:	1645	21.2157
Timeout:	1646	21.2157
Packet Loss:	1646	21.2157
Packet Retrans:	1646	21.2158
Timeout:	1647	21.2158
Packet Loss:	1647	21.2158
Packet Retrans:	1647	21.2159
Timeout:	1648	21.2159
Packet Loss:	1648	21.2159
Packet Retrans:	1648	21.216
Timeout:	1649	21.216
Packet Loss:	1649	21.216
Packet Retrans:	1649	21.2161
Receive Retrans Packet:	1628	21.2475
Timeout:	1650	21.2557
Packet Loss:	1650	21.2557
Packet Retrans:	1650	21.2558
Timeout:	1651	21.2558
Packet Loss:	1651	21.2558
Packet Retrans:	1651	21.2559
Timeout:	1652	21.2559
Packet Loss:	1652	21.2559
Packet Retrans:	1652	21.256
Timeout:	1653	21.2852
Packet Loss:	1653	21.2852
Packet Retrans:	1653	21.2853
Timeout:	1654	21.2853
Packet Loss:	1654	21.2853
Packet Retrans:	1654	21.2854
Receive Retrans Packet:	1641	21.2864
Packet Send:	1655	21.2932
Packet Send:	1656	21.2949
Timeout:	1647	21.2959
Packet Loss:	1647	21.2959
Timeout:	1648	21.296
Packet Loss:	1648	21.296
Timeout:	1649	21.2961
Packet Loss:	1649	21.2961
Packet Send:	1657	21.2963
Packet Send:	1658	21.2964
Packet Send:	1659	21.2965
Receive Retrans Packet:	1645	21.3101
Receive Retrans Packet:	1647	21.3135
Receive Retrans Packet:	1648	21.3152
Receive Retrans Packet:	1651	21.3203
Timeout:	1650	21.3358
Packet Loss:	1650	21.3358
Packet Send:	1660	21.336
Timeout:	1652	21.336
Packet Loss:	1652	21.336
Packet Send:	1661	21.3362
Packet Send:	1662	21.3363
Packet Send:	1663	21.3364
Timeout:	1654	21.3654
Packet Loss:	1654	21.3654
Packet Send:	1664	21.3656
Packet Send:	1665	21.3657
Packet Loss:	1656	21.3678
Packet Loss:	1657	21.3678
Packet Loss:	1658	21.3678
Packet Loss:	1659	21.3678
Packet Loss:	1660	21.3678
Packet Loss:	1661	21.3678
Packet Loss:	1662	21.3678
Packet Retrans:	1656	21.3679
Packet Retrans:	1657	21.368
Packet Retrans:	1658	21.3681
Packet Retrans:	1659	21.3682
Packet Retrans:	1660	21.3683
Packet Retrans:	1661	21.3684
Packet Retrans:	1662	21.3685
Packet Loss:	1664	21.3941
Packet Retrans:	1664	21.3941
Receive Retrans Packet:	1659	21.4008
Receive Retrans Packet:	1660	21.4025
Receive Retrans Packet:	1661	21.4042
Timeout:	1656	21.4479
Packet Loss:	1656	21.4479
Timeout:	1657	21.448
Packet Loss:	1657	21.448
Timeout:	1658	21.4481
Packet Loss:	1658	21.4481
Packet Send:	1666	21.4483
Packet Send:	1667	21.4484
Packet Send:	1668	21.4485
Timeout:	1662	21.4485
Packet Loss:	1662	21.4485
Packet Send:	1669	21.4487
Packet Send:	1670	21.4488
Packet Send:	1671	21.4489
Packet Send:	1672	21.449
Packet Send:	1673	21.4491
Timeout:	1664	21.4741
Packet Loss:	1664	21.4741
Packet Send:	1674	21.4743
Packet Send:	1675	21.4744
Packet Send:	1676	21.4751
Packet Send:	1677	21.4768
Packet Send:	1678	21.4785
Packet Send:	1679	21.4802
Packet Loss:	1670	21.4835
Packet Retrans:	1670	21.4836
Packet Loss:	1673	21.5045
Packet Loss:	1674	21.5045
Packet Loss:	1675	21.5045
Packet Retrans:	1673	21.5045
Packet Retrans:	1674	21.5046
Packet Retrans:	1675	21.5047
Timeout:	1677	21.5568
Packet Loss:	1677	21.5568
Packet Retrans:	1677	21.5569
Timeout:	1678	21.5585
Packet Loss:	1678	21.5585
Packet Retrans:	1678	21.5586
Timeout:	1679	21.5602
Packet Loss:	1679	21.5602
Packet Retrans:	1679	21.5603
Timeout:	1670	21.5636
Packet Loss:	1670	21.5636
Packet Send:	1680	21.5638
Packet Send:	1681	21.5639
Packet Send:	1682	21.564
Timeout:	1673	21.5845
Packet Loss:	1673	21.5845
Timeout:	1674	21.5846
Packet Loss:	1674	21.5846
Timeout:	1675	21.5847
Packet Loss:	1675	21.5847
Packet Send:	1683	21.5849
Packet Send:	1684	21.585
Packet Send:	1685	21.5851
Packet Send:	1686	21.5852
Packet Loss:	1680	21.594
Packet Loss:	1681	21.594
Packet Retrans:	1680	21.594
Packet Retrans:	1681	21.5941
Packet Loss:	1683	21.6167
Packet Loss:	1684	21.6167
Packet Loss:	1685	21.6167
Packet Retrans:	1683	21.6168
Packet Retrans:	1684	21.6169
Packet Retrans:	1685	21.617
Timeout:	1677	21.6369
Packet Loss:	1677	21.6369
Packet Send:	1687	21.6371
Timeout:	1678	21.6386
Packet Loss:	1678	21.6386
Packet Send:	1688	21.6388
Timeout:	1679	21.6403
Packet Loss:	1679	21.6403
Packet Send:	1689	21.6405
Receive Retrans Packet:	1683	21.6436
Packet Loss:	1687	21.6656
Packet Retrans:	1687	21.6656
Timeout:	1680	21.674
Packet Loss:	1680	21.674
Timeout:	1681	21.6741
Packet Loss:	1681	21.6741
Packet Send:	1690	21.6743
Packet Send:	1691	21.6744
Packet Send:	1692	21.6745
Packet Send:	1693	21.6746
Timeout:	1684	21.6969
Packet Loss:	1684	21.6969
Timeout:	1685	21.697
Packet Loss:	1685	21.697
Packet Send:	1694	21.6972
Packet Send:	1695	21.6973
Packet Send:	1696	21.6974
Packet Loss:	1689	21.7045
Packet Loss:	1690	21.7045
Packet Loss:	1691	21.7045
Packet Retrans:	1689	21.7045
Packet Retrans:	1690	21.7046
Packet Retrans:	1691	21.7047
Packet Loss:	1693	21.7273
Packet Loss:	1694	21.7273
Packet Loss:	1695	21.7273
Packet Retrans:	1693	21.7274
Packet Retrans:	1694	21.7275
Packet Retrans:	1695	21.7276
Receive Retrans Packet:	1690	21.733
Receive Retrans Packet:	1691	21.7346
Timeout:	1687	21.7456
Packet Loss:	1687	21.7456
Packet Send:	1697	21.7458
Packet Send:	1698	21.7459
Receive Retrans Packet:	1694	21.7559
Packet Loss:	1697	21.7743
Packet Retrans:	1697	21.7743
Timeout:	1689	21.7845
Packet Loss:	1689	21.7845
Packet Send:	1699	21.7847
Packet Send:	1700	21.7848
Packet Send:	1701	21.7849
Packet Send:	1702	21.785
Timeout:	1693	21.8074
Packet Loss:	1693	21.8074
Packet Send:	1703	21.8076
Timeout:	1695	21.8076
Packet Loss:	1695	21.8076
Packet Send:	1704	21.8078
Packet Send:	1705	21.8079
Packet Send:	1706	21.808
Packet Loss:	1699	21.8132
Packet Retrans:	1699	21.8132
Packet Loss:	1701	21.8344
Packet Loss:	1702	21.8344
Packet Retrans:	1701	21.8344
Packet Retrans:	1702	21.8345
Packet Loss:	1704	21.8377
Packet Retrans:	1704	21.8378
Timeout:	1697	21.8543
Packet Loss:	1697	21.8543
Packet Send:	1707	21.8545
Packet Send:	1708	21.8546
Receive Retrans Packet:	1701	21.8612
Receive Retrans Packet:	1704	21.8646
Timeout:	1699	21.8932
Packet Loss:	1699	21.8932
Packet Send:	1709	21.8934
Packet Send:	1710	21.8935
Packet Send:	1711	21.8936
Timeout:	1702	21.9145
Packet Loss:	1702	21.9145
Packet Send:	1712	21.9147
Packet Send:	1713	21.9148
Packet Send:	1714	21.9149
Packet Send:	1715	21.915
Packet Send:	1716	21.9151
Packet Send:	1717	21.9152
Timeout:	1708	21.9346
Packet Loss:	1708	21.9346
Packet Retrans:	1708	21.9347
Timeout:	1709	21.9734
Packet Loss:	1709	21.9734
Packet Retrans:	1709	21.9735
Timeout:	1710	21.9735
Packet Loss:	1710	21.9735
Packet Retrans:	1710	21.9736
Timeout:	1711	21.9736
Packet Loss:	1711	21.9736
Packet Retrans:	1711	21.9737
Timeout:	1712	21.9947
Packet Loss:	1712	21.9947
Packet Retrans:	1712	21.9948
Timeout:	1713	21.9948
Packet Loss:	1713	21.9948
Packet Retrans:	1713	21.9949
Timeout:	1714	21.9949
Packet Loss:	1714	21.9949
Packet Retrans:	1714	21.995
Timeout:	1715	21.995
Packet Loss:	1715	21.995
Packet Retrans:	1715	21.9951
Timeout:	1716	21.9951
Packet Loss:	1716	21.9951
Packet Retrans:	1716	21.9952
Timeout:	1717	21.9952
Packet Loss:	1717	21.9952
Packet Retrans:	1717	21.9953
Timeout:	1708	22.0147
Packet Loss:	1708	22.0147
Packet Send:	1718	22.0149
Packet Send:	1719	22.015
Timeout:	1710	22.0536
Packet Loss:	1710	22.0536
Timeout:	1711	22.0537
Packet Loss:	1711	22.0537
Packet Send:	1720	22.0539
Packet Send:	1721	22.054
Packet Send:	1722	22.0541
Timeout:	1713	22.0749
Packet Loss:	1713	22.0749
Packet Send:	1723	22.0751
Timeout:	1715	22.0751
Packet Loss:	1715	22.0751
Packet Send:	1724	22.0753
Timeout:	1717	22.0753
Packet Loss:	1717	22.0753
Packet Send:	1725	22.0755
Packet Send:	1726	22.0756
Packet Send:	1727	22.0757
Packet Send:	1728	22.0758
Packet Loss:	1719	22.0824
Packet Loss:	1720	22.0824
Packet Retrans:	1719	22.0824
Packet Retrans:	1720	22.0825
Packet Loss:	1723	22.1052
Packet Loss:	1724	22.1052
Packet Retrans:	1723	22.1053
Packet Retrans:	1724	22.1054
Packet Loss:	1727	22.1103
Packet Retrans:	1727	22.1104
Receive Retrans Packet:	1724	22.1338
Receive Retrans Packet:	1727	22.1372
Timeout:	1719	22.1624
Packet Loss:	1719	22.1624
Timeout:	1720	22.1625
Packet Loss:	1720	22.1625
Packet Send:	1729	22.1627
Packet Send:	1730	22.1628
Packet Send:	1731	22.1629
Packet Send:	1732	22.163
Timeout:	1723	22.1853
Packet Loss:	1723	22.1853
Packet Send:	1733	22.1855
Packet Send:	1734	22.1856
Packet Send:	1735	22.1857
Packet Send:	1736	22.1858
Packet Send:	1737	22.1859
Packet Send:	1738	22.186
Packet Loss:	1729	22.1912
Packet Retrans:	1729	22.1912
Packet Loss:	1731	22.2207
Packet Loss:	1732	22.2207
Packet Loss:	1733	22.2207
Packet Loss:	1734	22.2207
Packet Loss:	1735	22.2207
Packet Loss:	1736	22.2207
Packet Loss:	1737	22.2207
Packet Retrans:	1731	22.2208
Packet Retrans:	1732	22.2209
Packet Retrans:	1733	22.221
Packet Retrans:	1734	22.2211
Packet Retrans:	1735	22.2212
Packet Retrans:	1736	22.2213
Packet Retrans:	1737	22.2214
Receive Retrans Packet:	1729	22.2224
Packet Send:	1739	22.2225
Packet Send:	1740	22.2226
Receive Retrans Packet:	1735	22.2543
Receive Retrans Packet:	1737	22.2577
Packet Loss:	1739	22.2611
Packet Retrans:	1739	22.2612
Timeout:	1731	22.3008
Packet Loss:	1731	22.3008
Timeout:	1732	22.3009
Packet Loss:	1732	22.3009
Timeout:	1733	22.301
Packet Loss:	1733	22.301
Timeout:	1734	22.3011
Packet Loss:	1734	22.3011
Packet Send:	1741	22.3013
Timeout:	1736	22.3013
Packet Loss:	1736	22.3013
Packet Send:	1742	22.3015
Packet Send:	1743	22.3016
Packet Send:	1744	22.3017
Packet Send:	1745	22.3018
Packet Send:	1746	22.3019
Packet Send:	1747	22.302
Packet Send:	1748	22.3021
Packet Loss:	1741	22.3314
Packet Loss:	1742	22.3314
Packet Retrans:	1741	22.3315
Packet Retrans:	1742	22.3316
Packet Loss:	1744	22.3382
Packet Loss:	1745	22.3382
Packet Loss:	1746	22.3382
Packet Retrans:	1744	22.3383
Packet Retrans:	1745	22.3384
Packet Retrans:	1746	22.3385
Timeout:	1739	22.3412
Packet Loss:	1739	22.3412
Packet Send:	1749	22.3414
Packet Send:	1750	22.3415
Receive Retrans Packet:	1745	22.3668
Timeout:	1741	22.4115
Packet Loss:	1741	22.4115
Timeout:	1742	22.4116
Packet Loss:	1742	22.4116
Packet Send:	1751	22.4118
Packet Send:	1752	22.4119
Packet Send:	1753	22.412
Timeout:	1744	22.4183
Packet Loss:	1744	22.4183
Packet Send:	1754	22.4185
Timeout:	1746	22.4185
Packet Loss:	1746	22.4185
Packet Send:	1755	22.4187
Packet Send:	1756	22.4188
Packet Send:	1757	22.4189
Packet Send:	1758	22.419
Packet Send:	1759	22.4191
Timeout:	1750	22.4215
Packet Loss:	1750	22.4215
Packet Retrans:	1750	22.4216
Timeout:	1753	22.492
Packet Loss:	1753	22.492
Packet Retrans:	1753	22.4921
Timeout:	1754	22.4985
Packet Loss:	1754	22.4985
Packet Retrans:	1754	22.4986
Timeout:	1755	22.4987
Packet Loss:	1755	22.4987
Packet Retrans:	1755	22.4988
Timeout:	1756	22.4988
Packet Loss:	1756	22.4988
Packet Retrans:	1756	22.4989
Timeout:	1757	22.4989
Packet Loss:	1757	22.4989
Packet Retrans:	1757	22.499
Timeout:	1758	22.499
Packet Loss:	1758	22.499
Packet Retrans:	1758	22.4991
Timeout:	1759	22.4991
Packet Loss:	1759	22.4991
Packet Retrans:	1759	22.4992
Timeout:	1750	22.5016
Packet Loss:	1750	22.5016
Packet Send:	1760	22.5018
Packet Send:	1761	22.5019
Packet Send:	1762	22.502
Timeout:	1753	22.5721
Packet Loss:	1753	22.5721
Packet Send:	1763	22.5723
Timeout:	1754	22.5786
Packet Loss:	1754	22.5786
Packet Send:	1764	22.5788
Timeout:	1755	22.5788
Packet Loss:	1755	22.5788
Timeout:	1756	22.5789
Packet Loss:	1756	22.5789
Timeout:	1757	22.579
Packet Loss:	1757	22.579
Timeout:	1758	22.5791
Packet Loss:	1758	22.5791
Timeout:	1759	22.5792
Packet Loss:	1759	22.5792
Packet Send:	1765	22.5794
Packet Send:	1766	22.5795
Packet Send:	1767	22.5796
Packet Send:	1768	22.5797
Packet Send:	1769	22.5798
Timeout:	1760	22.5818
Packet Loss:	1760	22.5818
Packet Retrans:	1760	22.5819
Timeout:	1761	22.5819
Packet Loss:	1761	22.5819
Packet Retrans:	1761	22.582
Timeout:	1762	22.582
Packet Loss:	1762	22.582
Packet Retrans:	1762	22.5821
Packet Loss:	1763	22.6072
Packet Loss:	1764	22.6072
Packet Retrans:	1763	22.6073
Packet Retrans:	1764	22.6074
Receive Retrans Packet:	1762	22.6191
Timeout:	1766	22.6595
Packet Loss:	1766	22.6595
Packet Retrans:	1766	22.6596
Timeout:	1767	22.6596
Packet Loss:	1767	22.6596
Packet Retrans:	1767	22.6597
Timeout:	1768	22.6597
Packet Loss:	1768	22.6597
Packet Retrans:	1768	22.6598
Timeout:	1769	22.6598
Packet Loss:	1769	22.6598
Packet Retrans:	1769	22.6599
Timeout:	1760	22.6619
Packet Loss:	1760	22.6619
Timeout:	1761	22.662
Packet Loss:	1761	22.662
Packet Send:	1770	22.6622
Packet Send:	1771	22.6623
Packet Send:	1772	22.6624
Timeout:	1763	22.6873
Packet Loss:	1763	22.6873
Timeout:	1764	22.6874
Packet Loss:	1764	22.6874
Packet Send:	1773	22.6876
Packet Send:	1774	22.6877
Packet Send:	1775	22.6878
Timeout:	1766	22.7396
Packet Loss:	1766	22.7396
Timeout:	1767	22.7397
Packet Loss:	1767	22.7397
Timeout:	1768	22.7398
Packet Loss:	1768	22.7398
Packet Send:	1776	22.74
Packet Send:	1777	22.7401
Packet Send:	1778	22.7402
Packet Send:	1779	22.7403
Packet Send:	1780	22.7404
Packet Send:	1781	22.7405
Packet Send:	1782	22.7406
Packet Send:	1783	22.7407
Packet Send:	1784	22.7408
Packet Send:	1785	22.7409
Packet Loss:	1776	22.7684
Packet Retrans:	1776	22.7685
Timeout:	1779	22.8203
Packet Loss:	1779	22.8203
Packet Retrans:	1779	22.8204
Timeout:	1780	22.8204
Packet Loss:	1780	22.8204
Packet Retrans:	1780	22.8205
Timeout:	1781	22.8205
Packet Loss:	1781	22.8205
Packet Retrans:	1781	22.8206
Timeout:	1782	22.8206
Packet Loss:	1782	22.8206
Packet Retrans:	1782	22.8207
Timeout:	1783	22.8207
Packet Loss:	1783	22.8207
Packet Retrans:	1783	22.8208
Timeout:	1784	22.8208
Packet Loss:	1784	22.8208
Packet Retrans:	1784	22.8209
Timeout:	1785	22.8209
Packet Loss:	1785	22.8209
Packet Retrans:	1785	22.821
Timeout:	1776	22.8485
Packet Loss:	1776	22.8485
Packet Send:	1786	22.8487
Packet Send:	1787	22.8488
Packet Send:	1788	22.8489
Packet Loss:	1786	22.8771
Packet Retrans:	1786	22.8772
Timeout:	1779	22.9004
Packet Loss:	1779	22.9004
Timeout:	1780	22.9005
Packet Loss:	1780	22.9005
Timeout:	1781	22.9006
Packet Loss:	1781	22.9006
Timeout:	1782	22.9007
Packet Loss:	1782	22.9007
Timeout:	1783	22.9008
Packet Loss:	1783	22.9008
Packet Send:	1789	22.901
Timeout:	1785	22.901
Packet Loss:	1785	22.901
Packet Send:	1790	22.9012
Packet Send:	1791	22.9013
Packet Send:	1792	22.9014
Packet Send:	1793	22.9015
Packet Send:	1794	22.9016
Packet Send:	1795	22.9017
Packet Loss:	1789	22.9294
Packet Retrans:	1789	22.9295
Packet Loss:	1791	22.9328
Packet Retrans:	1791	22.9329
Packet Loss:	1793	22.9362
Packet Retrans:	1793	22.9363
Timeout:	1786	22.9572
Packet Loss:	1786	22.9572
Packet Send:	1796	22.9574
Packet Send:	1797	22.9575
Packet Send:	1798	22.9576
Receive Retrans Packet:	1793	22.9631
Timeout:	1795	22.9817
Packet Loss:	1795	22.9817
Packet Retrans:	1795	22.9818
Timeout:	1789	23.0095
Packet Loss:	1789	23.0095
Packet Send:	1799	23.0097
Packet Send:	1800	23.0098
Timeout:	1791	23.0129
Packet Loss:	1791	23.0129
Packet Send:	1801	23.0131
Packet Send:	1802	23.0132
Packet Send:	1803	23.0133
Packet Send:	1804	23.0134
Packet Loss:	1797	23.0365
Packet Loss:	1798	23.0365
Packet Retrans:	1797	23.0365
Packet Retrans:	1798	23.0366
Timeout:	1795	23.0618
Packet Loss:	1795	23.0618
Packet Send:	1805	23.062
Packet Send:	1806	23.0621
Timeout:	1800	23.0898
Packet Loss:	1800	23.0898
Packet Retrans:	1800	23.0899
Timeout:	1801	23.0931
Packet Loss:	1801	23.0931
Packet Retrans:	1801	23.0932
Timeout:	1802	23.0932
Packet Loss:	1802	23.0932
Packet Retrans:	1802	23.0933
Timeout:	1803	23.0933
Packet Loss:	1803	23.0933
Packet Retrans:	1803	23.0934
Timeout:	1804	23.0934
Packet Loss:	1804	23.0934
Packet Retrans:	1804	23.0935
Timeout:	1797	23.1165
Packet Loss:	1797	23.1165
Timeout:	1798	23.1166
Packet Loss:	1798	23.1166
Packet Send:	1807	23.1168
Packet Send:	1808	23.1169
Packet Send:	1809	23.117
Packet Send:	1810	23.1171
Timeout:	1805	23.142
Packet Loss:	1805	23.142
Packet Retrans:	1805	23.1421
Timeout:	1806	23.1421
Packet Loss:	1806	23.1421
Packet Retrans:	1806	23.1422
Packet Loss:	1807	23.1452
Packet Retrans:	1807	23.1453
Receive Retrans Packet:	1807	23.1722
Timeout:	1801	23.1732
Packet Loss:	1801	23.1732
Timeout:	1802	23.1733
Packet Loss:	1802	23.1733
Timeout:	1803	23.1734
Packet Loss:	1803	23.1734
Timeout:	1804	23.1735
Packet Loss:	1804	23.1735
Packet Send:	1811	23.1737
Packet Send:	1812	23.1738
Packet Send:	1813	23.1739
Packet Send:	1814	23.174
Timeout:	1809	23.197
Packet Loss:	1809	23.197
Packet Retrans:	1809	23.1971
Timeout:	1810	23.1971
Packet Loss:	1810	23.1971
Packet Retrans:	1810	23.1972
Packet Loss:	1811	23.2021
Packet Retrans:	1811	23.2022
Timeout:	1805	23.2221
Packet Loss:	1805	23.2221
Timeout:	1806	23.2222
Packet Loss:	1806	23.2222
Packet Send:	1815	23.2224
Packet Send:	1816	23.2225
Packet Send:	1817	23.2226
Packet Send:	1818	23.2227
Timeout:	1813	23.2539
Packet Loss:	1813	23.2539
Packet Retrans:	1813	23.254
Timeout:	1814	23.254
Packet Loss:	1814	23.254
Packet Retrans:	1814	23.2541
Packet Loss:	1815	23.2542
Packet Loss:	1816	23.2542
Packet Loss:	1817	23.2542
Packet Retrans:	1815	23.2543
Packet Retrans:	1816	23.2544
Packet Retrans:	1817	23.2545
Timeout:	1809	23.2771
Packet Loss:	1809	23.2771
Timeout:	1810	23.2772
Packet Loss:	1810	23.2772
Packet Send:	1819	23.2774
Packet Send:	1820	23.2775
Timeout:	1811	23.2822
Packet Loss:	1811	23.2822
Packet Send:	1821	23.2824
Receive Retrans Packet:	1814	23.2824
Packet Send:	1822	23.2825
Packet Loss:	1819	23.3058
Packet Retrans:	1819	23.3059
Timeout:	1813	23.334
Packet Loss:	1813	23.334
Packet Send:	1823	23.3342
Packet Send:	1824	23.3343
Timeout:	1815	23.3343
Packet Loss:	1815	23.3343
Timeout:	1816	23.3344
Packet Loss:	1816	23.3344
Timeout:	1817	23.3345
Packet Loss:	1817	23.3345
Packet Send:	1825	23.3347
Packet Send:	1826	23.3348
Packet Send:	1827	23.3349
Packet Send:	1828	23.335
Packet Loss:	1823	23.3643
Packet Loss:	1824	23.3643
Packet Retrans:	1823	23.3644
Packet Retrans:	1824	23.3645
Packet Loss:	1826	23.3677
Packet Retrans:	1826	23.3678
Timeout:	1819	23.3859
Packet Loss:	1819	23.3859
Packet Send:	1829	23.3861
Packet Send:	1830	23.3862
Packet Send:	1831	23.3863
Packet Send:	1832	23.3864
Receive Retrans Packet:	1823	23.3911
Packet Send:	1833	23.3912
Receive Retrans Packet:	1826	23.3945
Timeout:	1828	23.415
Packet Loss:	1828	23.415
Packet Retrans:	1828	23.4151
Packet Loss:	1829	23.4162
Packet Loss:	1830	23.4162
Packet Retrans:	1829	23.4163
Packet Retrans:	1830	23.4164
Packet Loss:	1832	23.4196
Packet Retrans:	1832	23.4197
Timeout:	1824	23.4445
Packet Loss:	1824	23.4445
Packet Send:	1834	23.4447
Packet Send:	1835	23.4448
Packet Send:	1836	23.4449
Packet Send:	1837	23.445
Receive Retrans Packet:	1832	23.4469
Timeout:	1828	23.4951
Packet Loss:	1828	23.4951
Packet Send:	1838	23.4953
Timeout:	1829	23.4963
Packet Loss:	1829	23.4963
Timeout:	1830	23.4964
Packet Loss:	1830	23.4964
Packet Send:	1839	23.4966
Packet Send:	1840	23.4967
Packet Send:	1841	23.4968
Packet Send:	1842	23.4969
Packet Send:	1843	23.497
Packet Loss:	1834	23.522
Packet Loss:	1835	23.522
Packet Loss:	1836	23.522
Packet Loss:	1837	23.522
Packet Retrans:	1834	23.5221
Packet Retrans:	1835	23.5222
Packet Retrans:	1836	23.5223
Packet Retrans:	1837	23.5224
Packet Loss:	1839	23.5288
Packet Loss:	1840	23.5288
Packet Loss:	1841	23.5288
Packet Retrans:	1839	23.5289
Packet Retrans:	1840	23.529
Packet Retrans:	1841	23.5291
Receive Retrans Packet:	1834	23.5488
Packet Send:	1844	23.5489
Packet Loss:	1843	23.5756
Packet Retrans:	1843	23.5757
Timeout:	1835	23.6022
Packet Loss:	1835	23.6022
Timeout:	1836	23.6023
Packet Loss:	1836	23.6023
Timeout:	1837	23.6024
Packet Loss:	1837	23.6024
Packet Send:	1845	23.6026
Packet Send:	1846	23.6027
Packet Send:	1847	23.6028
Packet Send:	1848	23.6029
Timeout:	1839	23.6089
Packet Loss:	1839	23.6089
Timeout:	1840	23.609
Packet Loss:	1840	23.609
Timeout:	1841	23.6091
Packet Loss:	1841	23.6091
Packet Send:	1849	23.6093
Packet Send:	1850	23.6094
Packet Send:	1851	23.6095
Packet Send:	1852	23.6096
Packet Loss:	1845	23.6395
Packet Loss:	1846	23.6395
Packet Loss:	1847	23.6395
Packet Loss:	1848	23.6395
Packet Loss:	1849	23.6395
Packet Loss:	1850	23.6395
Packet Retrans:	1845	23.6396
Packet Retrans:	1846	23.6397
Packet Retrans:	1847	23.6398
Packet Retrans:	1848	23.6399
Packet Retrans:	1849	23.64
Packet Retrans:	1850	23.6401
Timeout:	1843	23.6557
Packet Loss:	1843	23.6557
Packet Send:	1853	23.6559
Packet Send:	1854	23.656
Timeout:	1852	23.6896
Packet Loss:	1852	23.6896
Packet Retrans:	1852	23.6897
Timeout:	1845	23.7196
Packet Loss:	1845	23.7196
Timeout:	1846	23.7197
Packet Loss:	1846	23.7197
Timeout:	1847	23.7198
Packet Loss:	1847	23.7198
Timeout:	1848	23.7199
Packet Loss:	1848	23.7199
Timeout:	1849	23.72
Packet Loss:	1849	23.72
Timeout:	1850	23.7201
Packet Loss:	1850	23.7201
Packet Send:	1855	23.7203
Packet Send:	1856	23.7204
Packet Send:	1857	23.7205
Packet Send:	1858	23.7206
Packet Send:	1859	23.7207
Packet Send:	1860	23.7208
Packet Send:	1861	23.7209
Timeout:	1853	23.7359
Packet Loss:	1853	23.7359
Packet Retrans:	1853	23.736
Timeout:	1854	23.736
Packet Loss:	1854	23.736
Packet Retrans:	1854	23.7361
Timeout:	1852	23.7697
Packet Loss:	1852	23.7697
Packet Send:	1862	23.7699
Packet Send:	1863	23.77
Packet Send:	1864	23.7701
Packet Loss:	1855	23.7983
Packet Loss:	1856	23.7983
Packet Loss:	1857	23.7983
Packet Loss:	1858	23.7983
Packet Loss:	1859	23.7983
Packet Loss:	1860	23.7983
Packet Loss:	1861	23.7983
Packet Loss:	1862	23.7983
Packet Retrans:	1855	23.7984
Packet Retrans:	1856	23.7985
Packet Retrans:	1857	23.7986
Packet Retrans:	1858	23.7987
Packet Retrans:	1859	23.7988
Packet Retrans:	1860	23.7989
Packet Retrans:	1861	23.799
Packet Retrans:	1862	23.7991
Receive Retrans Packet:	1858	23.8302
Timeout:	1855	23.8784
Packet Loss:	1855	23.8784
Timeout:	1856	23.8785
Packet Loss:	1856	23.8785
Timeout:	1857	23.8786
Packet Loss:	1857	23.8786
Packet Send:	1865	23.8788
Timeout:	1859	23.8788
Packet Loss:	1859	23.8788
Timeout:	1860	23.8789
Packet Loss:	1860	23.8789
Timeout:	1861	23.879
Packet Loss:	1861	23.879
Timeout:	1862	23.8791
Packet Loss:	1862	23.8791
Packet Send:	1866	23.8793
Packet Send:	1867	23.8794
Packet Send:	1868	23.8795
Packet Send:	1869	23.8796
Packet Send:	1870	23.8797
Packet Send:	1871	23.8798
Packet Send:	1872	23.8799
Packet Send:	1873	23.88
Packet Send:	1874	23.8801
Timeout:	1865	23.9588
Packet Loss:	1865	23.9588
Packet Retrans:	1865	23.9589
Timeout:	1866	23.9593
Packet Loss:	1866	23.9593
Packet Retrans:	1866	23.9594
Timeout:	1867	23.9594
Packet Loss:	1867	23.9594
Packet Retrans:	1867	23.9595
Timeout:	1868	23.9595
Packet Loss:	1868	23.9595
Packet Retrans:	1868	23.9596
Timeout:	1869	23.9596
Packet Loss:	1869	23.9596
Packet Retrans:	1869	23.9597
Timeout:	1870	23.9597
Packet Loss:	1870	23.9597
Packet Retrans:	1870	23.9598
Timeout:	1871	23.9598
Packet Loss:	1871	23.9598
Packet Retrans:	1871	23.9599
Timeout:	1872	23.9599
Packet Loss:	1872	23.9599
Packet Retrans:	1872	23.96
Timeout:	1873	23.96
Packet Loss:	1873	23.96
Packet Retrans:	1873	23.9601
Timeout:	1874	23.9601
Packet Loss:	1874	23.9601
Packet Retrans:	1874	23.9602
Timeout:	1865	24.0389
Packet Loss:	1865	24.0389
Packet Send:	1875	24.0391
Timeout:	1866	24.0394
Packet Loss:	1866	24.0394
Timeout:	1867	24.0395
Packet Loss:	1867	24.0395
Timeout:	1868	24.0396
Packet Loss:	1868	24.0396
Packet Send:	1876	24.0398
Timeout:	1870	24.0398
Packet Loss:	1870	24.0398
Packet Send:	1877	24.04
Timeout:	1872	24.04
Packet Loss:	1872	24.04
Timeout:	1873	24.0401
Packet Loss:	1873	24.0401
Timeout:	1874	24.0402
Packet Loss:	1874	24.0402
Packet Send:	1878	24.0404
Packet Send:	1879	24.0405
Packet Send:	1880	24.0406
Packet Send:	1881	24.0407
Packet Send:	1882	24.0408
Packet Send:	1883	24.0409
Packet Send:	1884	24.041
Timeout:	1875	24.1191
Packet Loss:	1875	24.1191
Packet Retrans:	1875	24.1192
Timeout:	1876	24.1198
Packet Loss:	1876	24.1198
Packet Retrans:	1876	24.1199
Timeout:	1877	24.12
Packet Loss:	1877	24.12
Packet Retrans:	1877	24.1201
Timeout:	1878	24.1204
Packet Loss:	1878	24.1204
Packet Retrans:	1878	24.1205
Timeout:	1879	24.1205
Packet Loss:	1879	24.1205
Packet Retrans:	1879	24.1206
Timeout:	1880	24.1206
Packet Loss:	1880	24.1206
Packet Retrans:	1880	24.1207
Timeout:	1881	24.1207
Packet Loss:	1881	24.1207
Packet Retrans:	1881	24.1208
Timeout:	1882	24.1208
Packet Loss:	1882	24.1208
Packet Retrans:	1882	24.1209
Timeout:	1883	24.1209
Packet Loss:	1883	24.1209
Packet Retrans:	1883	24.121
Timeout:	1884	24.121
Packet Loss:	1884	24.121
Packet Retrans:	1884	24.1211
Receive Retrans Packet:	1866	24.1946
Receive Retrans Packet:	1867	24.1963
Timeout:	1875	24.1992
Packet Loss:	1875	24.1992
Packet Send:	1885	24.1994
Timeout:	1876	24.1999
Packet Loss:	1876	24.1999
Packet Send:	1886	24.2001
Timeout:	1877	24.2001
Packet Loss:	1877	24.2001
Packet Send:	1887	24.2003
Timeout:	1878	24.2005
Packet Loss:	1878	24.2005
Timeout:	1879	24.2006
Packet Loss:	1879	24.2006
Timeout:	1880	24.2007
Packet Loss:	1880	24.2007
Timeout:	1881	24.2008
Packet Loss:	1881	24.2008
Timeout:	1882	24.2009
Packet Loss:	1882	24.2009
Timeout:	1883	24.201
Packet Loss:	1883	24.201
Timeout:	1884	24.2011
Packet Loss:	1884	24.2011
Packet Send:	1888	24.2013
Packet Send:	1889	24.2014
Packet Send:	1890	24.2015
Packet Send:	1891	24.2016
Packet Send:	1892	24.2017
Packet Send:	1893	24.2018
Packet Send:	1894	24.2019
Receive Retrans Packet:	1870	24.2023
Timeout:	1885	24.2794
Packet Loss:	1885	24.2794
Packet Retrans:	1885	24.2795
Timeout:	1886	24.2801
Packet Loss:	1886	24.2801
Packet Retrans:	1886	24.2802
Timeout:	1887	24.2803
Packet Loss:	1887	24.2803
Packet Retrans:	1887	24.2804
Timeout:	1888	24.2813
Packet Loss:	1888	24.2813
Packet Retrans:	1888	24.2814
Timeout:	1889	24.2814
Packet Loss:	1889	24.2814
Packet Retrans:	1889	24.2815
Timeout:	1890	24.2815
Packet Loss:	1890	24.2815
Packet Retrans:	1890	24.2816
Timeout:	1891	24.2816
Packet Loss:	1891	24.2816
Packet Retrans:	1891	24.2817
Timeout:	1892	24.2817
Packet Loss:	1892	24.2817
Packet Retrans:	1892	24.2818
Timeout:	1893	24.2818
Packet Loss:	1893	24.2818
Packet Retrans:	1893	24.2819
Timeout:	1894	24.2819
Packet Loss:	1894	24.2819
Packet Retrans:	1894	24.282
Timeout:	1885	24.3595
Packet Loss:	1885	24.3595
Packet Send:	1895	24.3597
Timeout:	1886	24.3602
Packet Loss:	1886	24.3602
Packet Send:	1896	24.3604
Timeout:	1887	24.3604
Packet Loss:	1887	24.3604
Packet Send:	1897	24.3606
Timeout:	1888	24.3614
Packet Loss:	1888	24.3614
Timeout:	1889	24.3615
Packet Loss:	1889	24.3615
Timeout:	1890	24.3616
Packet Loss:	1890	24.3616
Timeout:	1891	24.3617
Packet Loss:	1891	24.3617
Timeout:	1892	24.3618
Packet Loss:	1892	24.3618
Timeout:	1893	24.3619
Packet Loss:	1893	24.3619
Timeout:	1894	24.362
Packet Loss:	1894	24.362
Packet Send:	1898	24.3622
Packet Send:	1899	24.3623
Packet Send:	1900	24.3624
Packet Send:	1901	24.3625
Packet Send:	1902	24.3626
Packet Send:	1903	24.3627
Packet Send:	1904	24.3628
Timeout:	1895	24.4397
Packet Loss:	1895	24.4397
Packet Retrans:	1895	24.4398
Timeout:	1896	24.4404
Packet Loss:	1896	24.4404
Packet Retrans:	1896	24.4405
Timeout:	1897	24.4406
Packet Loss:	1897	24.4406
Packet Retrans:	1897	24.4407
Timeout:	1898	24.4422
Packet Loss:	1898	24.4422
Packet Retrans:	1898	24.4423
Timeout:	1899	24.4423
Packet Loss:	1899	24.4423
Packet Retrans:	1899	24.4424
Timeout:	1900	24.4424
Packet Loss:	1900	24.4424
Packet Retrans:	1900	24.4425
Timeout:	1901	24.4425
Packet Loss:	1901	24.4425
Packet Retrans:	1901	24.4426
Timeout:	1902	24.4426
Packet Loss:	1902	24.4426
Packet Retrans:	1902	24.4427
Timeout:	1903	24.4427
Packet Loss:	1903	24.4427
Packet Retrans:	1903	24.4428
Timeout:	1904	24.4428
Packet Loss:	1904	24.4428
Packet Retrans:	1904	24.4429
Timeout:	1895	24.5198
Packet Loss:	1895	24.5198
Packet Send:	1905	24.52
Timeout:	1896	24.5205
Packet Loss:	1896	24.5205
Packet Send:	1906	24.5207
Timeout:	1897	24.5207
Packet Loss:	1897	24.5207
Packet Send:	1907	24.5209
Timeout:	1898	24.5223
Packet Loss:	1898	24.5223
Timeout:	1899	24.5224
Packet Loss:	1899	24.5224
Timeout:	1900	24.5225
Packet Loss:	1900	24.5225
Timeout:	1901	24.5226
Packet Loss:	1901	24.5226
Timeout:	1902	24.5227
Packet Loss:	1902	24.5227
Timeout:	1903	24.5228
Packet Loss:	1903	24.5228
Timeout:	1904	24.5229
Packet Loss:	1904	24.5229
Packet Send:	1908	24.5231
Packet Send:	1909	24.5232
Packet Send:	1910	24.5233
Packet Send:	1911	24.5234
Packet Send:	1912	24.5235
Packet Send:	1913	24.5236
Packet Send:	1914	24.5237
Receive Retrans Packet:	1878	24.5293
Receive Retrans Packet:	1880	24.5327
Receive Retrans Packet:	1885	24.5581
Receive Retrans Packet:	1890	24.5666
Receive Retrans Packet:	1893	24.5717
Receive Retrans Packet:	1895	24.592
Receive Retrans Packet:	1896	24.5937
Timeout:	1905	24.6
Packet Loss:	1905	24.6
Packet Retrans:	1905	24.6001
Timeout:	1906	24.6007
Packet Loss:	1906	24.6007
Packet Retrans:	1906	24.6008
Timeout:	1907	24.6009
Packet Loss:	1907	24.6009
Packet Retrans:	1907	24.601
Timeout:	1908	24.6031
Packet Loss:	1908	24.6031
Packet Retrans:	1908	24.6032
Timeout:	1909	24.6032
Packet Loss:	1909	24.6032
Packet Retrans:	1909	24.6033
Timeout:	1910	24.6033
Packet Loss:	1910	24.6033
Packet Retrans:	1910	24.6034
Timeout:	1911	24.6034
Packet Loss:	1911	24.6034
Packet Retrans:	1911	24.6035
Timeout:	1912	24.6035
Packet Loss:	1912	24.6035
Packet Retrans:	1912	24.6036
Timeout:	1913	24.6036
Packet Loss:	1913	24.6036
Packet Retrans:	1913	24.6037
Timeout:	1914	24.6037
Packet Loss:	1914	24.6037
Packet Retrans:	1914	24.6038
Receive Retrans Packet:	1908	24.6319
Timeout:	1905	24.6801
Packet Loss:	1905	24.6801
Packet Send:	1915	24.6803
Timeout:	1906	24.6808
Packet Loss:	1906	24.6808
Packet Send:	1916	24.681
Timeout:	1907	24.681
Packet Loss:	1907	24.681
Packet Send:	1917	24.6812
Packet Send:	1918	24.6813
Timeout:	1909	24.6833
Packet Loss:	1909	24.6833
Packet Send:	1919	24.6835
Timeout:	1911	24.6835
Packet Loss:	1911	24.6835
Timeout:	1912	24.6836
Packet Loss:	1912	24.6836
Packet Send:	1920	24.6838
Packet Send:	1921	24.6839
Packet Send:	1922	24.684
Packet Send:	1923	24.6841
Packet Send:	1924	24.6842
Packet Send:	1925	24.7071
Packet Loss:	1916	24.7121
Packet Loss:	1917	24.7121
Packet Retrans:	1916	24.7122
Packet Retrans:	1917	24.7123
Packet Loss:	1920	24.7172
Packet Retrans:	1920	24.7173
Receive Retrans Packet:	1916	24.7389
Packet Send:	1926	24.739
Receive Retrans Packet:	1917	24.7406
Packet Send:	1927	24.7407
Packet Send:	1928	24.7408
Packet Send:	1929	24.7409
Timeout:	1922	24.764
Packet Loss:	1922	24.764
Packet Retrans:	1922	24.7641
Timeout:	1923	24.7641
Packet Loss:	1923	24.7641
Packet Retrans:	1923	24.7642
Timeout:	1924	24.7642
Packet Loss:	1924	24.7642
Packet Retrans:	1924	24.7643
Packet Loss:	1925	24.7657
Packet Retrans:	1925	24.7658
Packet Loss:	1927	24.7691
Packet Retrans:	1927	24.7692
Receive Retrans Packet:	1924	24.7942
Timeout:	1920	24.7973
Packet Loss:	1920	24.7973
Packet Send:	1930	24.7975
Packet Send:	1931	24.7976
Timeout:	1929	24.8209
Packet Loss:	1929	24.8209
Packet Retrans:	1929	24.821
Packet Loss:	1930	24.8259
Packet Retrans:	1930	24.826
Timeout:	1922	24.8441
Packet Loss:	1922	24.8441
Timeout:	1923	24.8442
Packet Loss:	1923	24.8442
Packet Send:	1932	24.8444
Packet Send:	1933	24.8445
Packet Send:	1934	24.8446
Timeout:	1925	24.8458
Packet Loss:	1925	24.8458
Packet Send:	1935	24.846
Packet Send:	1936	24.8461
Timeout:	1927	24.8492
Packet Loss:	1927	24.8492
Packet Send:	1937	24.8494
Packet Send:	1938	24.8495
Receive Retrans Packet:	1930	24.8527
Packet Loss:	1932	24.8728
Packet Retrans:	1932	24.8729
Timeout:	1929	24.901
Packet Loss:	1929	24.901
Packet Send:	1939	24.9012
Packet Send:	1940	24.9013
Packet Send:	1941	24.9014
Timeout:	1934	24.9246
Packet Loss:	1934	24.9246
Packet Retrans:	1934	24.9247
Timeout:	1935	24.926
Packet Loss:	1935	24.926
Packet Retrans:	1935	24.9261
Timeout:	1936	24.9261
Packet Loss:	1936	24.9261
Packet Retrans:	1936	24.9262
Timeout:	1937	24.9294
Packet Loss:	1937	24.9294
Packet Retrans:	1937	24.9295
Timeout:	1938	24.9295
Packet Loss:	1938	24.9295
Packet Retrans:	1938	24.9296
Timeout:	1932	24.9529
Packet Loss:	1932	24.9529
Packet Send:	1942	24.9531
Packet Send:	1943	24.9532
Packet Send:	1944	24.9533
Packet Send:	1945	24.9534
Timeout:	1939	24.9812
Packet Loss:	1939	24.9812
Packet Retrans:	1939	24.9813
Timeout:	1940	24.9813
Packet Loss:	1940	24.9813
Packet Retrans:	1940	24.9814
Timeout:	1941	24.9814
Packet Loss:	1941	24.9814
Packet Retrans:	1941	24.9815
Packet Loss:	1942	24.9815
Packet Retrans:	1942	24.9816
Packet Loss:	1944	24.9849
Packet Retrans:	1944	24.985
Timeout:	1936	25.0062
Packet Loss:	1936	25.0062
Packet Send:	1946	25.0064
Receive Retrans Packet:	1939	25.008
Timeout:	1937	25.0095
Packet Loss:	1937	25.0095
Timeout:	1938	25.0096
Packet Loss:	1938	25.0096
Receive Retrans Packet:	1940	25.0097
Packet Send:	1947	25.0098
Packet Send:	1948	25.0099
Packet Send:	1949	25.01
Packet Send:	1950	25.0101
Receive Retrans Packet:	1941	25.0114
Packet Send:	1951	25.0115
Receive Retrans Packet:	1944	25.0148
Packet Loss:	1946	25.0365
Packet Retrans:	1946	25.0366
Packet Loss:	1948	25.0416
Packet Loss:	1949	25.0416
Packet Retrans:	1948	25.0417
Packet Retrans:	1949	25.0418
Timeout:	1942	25.0616
Packet Loss:	1942	25.0616
Packet Send:	1952	25.0618
Packet Send:	1953	25.0619
Packet Send:	1954	25.062
Packet Send:	1955	25.0621
Packet Loss:	1952	25.0919
Packet Loss:	1953	25.0919
Packet Retrans:	1952	25.092
Packet Retrans:	1953	25.0921
Timeout:	1946	25.1166
Packet Loss:	1946	25.1166
Packet Send:	1956	25.1168
Packet Send:	1957	25.1169
Timeout:	1948	25.1217
Packet Loss:	1948	25.1217
Timeout:	1949	25.1218
Packet Loss:	1949	25.1218
Packet Send:	1958	25.122
Packet Send:	1959	25.1221
Packet Send:	1960	25.1222
Packet Send:	1961	25.1223
Timeout:	1955	25.1421
Packet Loss:	1955	25.1421
Packet Retrans:	1955	25.1422
Timeout:	1952	25.172
Packet Loss:	1952	25.172
Timeout:	1953	25.1721
Packet Loss:	1953	25.1721
Packet Send:	1962	25.1723
Packet Send:	1963	25.1724
Packet Send:	1964	25.1725
Packet Loss:	1958	25.199
Packet Loss:	1959	25.199
Packet Loss:	1960	25.199
Packet Loss:	1961	25.199
Packet Retrans:	1958	25.1991
Packet Retrans:	1959	25.1992
Packet Retrans:	1960	25.1993
Packet Retrans:	1961	25.1994
Timeout:	1955	25.2222
Packet Loss:	1955	25.2222
Packet Send:	1965	25.2224
Packet Send:	1966	25.2225
Packet Send:	1967	25.2226
Receive Retrans Packet:	1959	25.2275
Receive Retrans Packet:	1961	25.2309
Packet Loss:	1963	25.2491
Packet Loss:	1964	25.2491
Packet Retrans:	1963	25.2492
Packet Retrans:	1964	25.2493
Packet Loss:	1966	25.2525
Packet Retrans:	1966	25.2526
Timeout:	1958	25.2791
Packet Loss:	1958	25.2791
Packet Send:	1968	25.2793
Timeout:	1960	25.2793
Packet Loss:	1960	25.2793
Packet Send:	1969	25.2795
Packet Send:	1970	25.2796
Packet Send:	1971	25.2797
Packet Send:	1972	25.2798
Packet Loss:	1968	25.3094
Packet Loss:	1969	25.3094
Packet Retrans:	1968	25.3095
Packet Retrans:	1969	25.3096
Timeout:	1963	25.3292
Packet Loss:	1963	25.3292
Timeout:	1964	25.3293
Packet Loss:	1964	25.3293
Packet Send:	1973	25.3295
Packet Send:	1974	25.3296
Packet Send:	1975	25.3297
Timeout:	1966	25.3326
Packet Loss:	1966	25.3326
Packet Send:	1976	25.3328
Packet Send:	1977	25.3329
Receive Retrans Packet:	1968	25.3362
Packet Send:	1978	25.3363
Receive Retrans Packet:	1969	25.3379
Packet Send:	1979	25.338
Packet Send:	1980	25.3381
Packet Loss:	1971	25.3562
Packet Loss:	1972	25.3562
Packet Retrans:	1971	25.3563
Packet Retrans:	1972	25.3564
Packet Loss:	1974	25.3647
Packet Loss:	1975	25.3647
Packet Loss:	1976	25.3647
Packet Loss:	1977	25.3647
Packet Retrans:	1974	25.3648
Packet Retrans:	1975	25.3649
Packet Retrans:	1976	25.365
Packet Retrans:	1977	25.3651
Receive Retrans Packet:	1971	25.383
Packet Send:	1981	25.3831
Receive Retrans Packet:	1975	25.3932
Receive Retrans Packet:	1976	25.3949
Timeout:	1979	25.418
Packet Loss:	1979	25.418
Packet Retrans:	1979	25.4181
Timeout:	1980	25.4181
Packet Loss:	1980	25.4181
Packet Retrans:	1980	25.4182
Timeout:	1972	25.4364
Packet Loss:	1972	25.4364
Packet Send:	1982	25.4366
Packet Send:	1983	25.4367
Timeout:	1974	25.4448
Packet Loss:	1974	25.4448
Packet Send:	1984	25.445
Packet Send:	1985	25.4451
Timeout:	1977	25.4451
Packet Loss:	1977	25.4451
Packet Send:	1986	25.4453
Packet Send:	1987	25.4454
Packet Send:	1988	25.4455
Packet Send:	1989	25.4456
Packet Send:	1990	25.4466
Timeout:	1981	25.4631
Packet Loss:	1981	25.4631
Packet Retrans:	1981	25.4632
Packet Loss:	1983	25.4819
Packet Loss:	1984	25.4819
Packet Loss:	1985	25.4819
Packet Loss:	1986	25.4819
Packet Loss:	1987	25.4819
Packet Loss:	1988	25.4819
Packet Loss:	1989	25.4819
Packet Retrans:	1983	25.482
Packet Retrans:	1984	25.4821
Packet Retrans:	1985	25.4822
Packet Retrans:	1986	25.4823
Packet Retrans:	1987	25.4824
Packet Retrans:	1988	25.4825
Packet Retrans:	1989	25.4826
Receive Retrans Packet:	1981	25.4899
Packet Send:	1991	25.49
Packet Send:	1992	25.4901
Receive Retrans Packet:	1984	25.5104
Receive Retrans Packet:	1986	25.5138
Receive Retrans Packet:	1987	25.5155
Receive Retrans Packet:	1988	25.5172
Timeout:	1983	25.562
Packet Loss:	1983	25.562
Packet Send:	1993	25.5622
Timeout:	1985	25.5622
Packet Loss:	1985	25.5622
Packet Send:	1994	25.5624
Packet Send:	1995	25.5625
Packet Send:	1996	25.5626
Timeout:	1989	25.5626
Packet Loss:	1989	25.5626
Packet Send:	1997	25.5628
Packet Send:	1998	25.5629
Packet Send:	1999	25.563
Packet Send:	2000	25.5631
Timeout:	1991	25.57
Packet Loss:	1991	25.57
Packet Retrans:	1991	25.5701
Timeout:	1992	25.5701
Packet Loss:	1992	25.5701
Packet Retrans:	1992	25.5702
Packet Loss:	1993	25.594
Packet Loss:	1994	25.594
Packet Loss:	1995	25.594
Packet Retrans:	1993	25.5941
Packet Retrans:	1994	25.5942
Packet Retrans:	1995	25.5943
Receive Retrans Packet:	1993	25.6208
Timeout:	1998	25.6429
Packet Loss:	1998	25.6429
Packet Retrans:	1998	25.643
Timeout:	1999	25.643
Packet Loss:	1999	25.643
Packet Retrans:	1999	25.6431
Timeout:	2000	25.6431
Packet Loss:	2000	25.6431
Packet Retrans:	2000	25.6432
Timeout:	1991	25.6501
Packet Loss:	1991	25.6501
Timeout:	1992	25.6502
Packet Loss:	1992	25.6502
Packet Send:	2001	25.6504
Packet Send:	2002	25.6505
Packet Send:	2003	25.6506
Timeout:	1994	25.6742
Packet Loss:	1994	25.6742
Timeout:	1995	25.6743
Packet Loss:	1995	25.6743
Packet Send:	2004	25.6745
Packet Send:	2005	25.6746
Packet Send:	2006	25.6747
Packet Send:	2007	25.6748
Packet Loss:	2001	25.7012
Packet Loss:	2002	25.7012
Packet Loss:	2003	25.7012
Packet Retrans:	2001	25.7013
Packet Retrans:	2002	25.7014
Packet Retrans:	2003	25.7015
Timeout:	1998	25.723
Packet Loss:	1998	25.723
Timeout:	1999	25.7231
Packet Loss:	1999	25.7231
Packet Send:	2008	25.7233
Packet Send:	2009	25.7234
Packet Send:	2010	25.7235
Receive Retrans Packet:	2002	25.7297
Receive Retrans Packet:	2003	25.7314
Packet Loss:	2005	25.7517
Packet Loss:	2006	25.7517
Packet Loss:	2007	25.7517
Packet Loss:	2008	25.7517
Packet Retrans:	2005	25.7518
Packet Retrans:	2006	25.7519
Packet Retrans:	2007	25.752
Packet Retrans:	2008	25.7521
Receive Retrans Packet:	2006	25.7802
Timeout:	2001	25.7813
Packet Loss:	2001	25.7813
Packet Send:	2011	25.7815
Packet Send:	2012	25.7816
Packet Send:	2013	25.7817
Packet Send:	2014	25.7818
Receive Retrans Packet:	2007	25.7819
Receive Retrans Packet:	2008	25.7836
Timeout:	2010	25.8035
Packet Loss:	2010	25.8035
Packet Retrans:	2010	25.8036
Timeout:	2005	25.8318
Packet Loss:	2005	25.8318
Packet Send:	2015	25.832
Packet Send:	2016	25.8321
Packet Send:	2017	25.8322
Packet Send:	2018	25.8323
Packet Send:	2019	25.8324
Packet Loss:	2011	25.8587
Packet Loss:	2012	25.8587
Packet Loss:	2013	25.8587
Packet Loss:	2014	25.8587
Packet Retrans:	2011	25.8588
Packet Retrans:	2012	25.8589
Packet Retrans:	2013	25.859
Packet Retrans:	2014	25.8591
Timeout:	2010	25.8836
Packet Loss:	2010	25.8836
Packet Send:	2020	25.8838
Receive Retrans Packet:	2011	25.8855
Packet Send:	2021	25.8856
Receive Retrans Packet:	2014	25.8906
Packet Loss:	2019	25.9105
Packet Retrans:	2019	25.9106
Timeout:	2012	25.9389
Packet Loss:	2012	25.9389
Timeout:	2013	25.939
Packet Loss:	2013	25.939
Packet Send:	2022	25.9392
Packet Send:	2023	25.9393
Packet Send:	2024	25.9394
Packet Send:	2025	25.9395
Packet Send:	2026	25.9396
Packet Send:	2027	25.9397
Packet Send:	2028	25.9398
Timeout:	2021	25.9656
Packet Loss:	2021	25.9656
Packet Retrans:	2021	25.9657
Packet Loss:	2022	25.9676
Packet Retrans:	2022	25.9677
Packet Loss:	2024	25.9744
Packet Loss:	2025	25.9744
Packet Loss:	2026	25.9744
Packet Retrans:	2024	25.9745
Packet Retrans:	2025	25.9746
Packet Retrans:	2026	25.9747
Timeout:	2019	25.9906
Packet Loss:	2019	25.9906
Packet Send:	2029	25.9908
Packet Send:	2030	25.9909
Receive Retrans Packet:	2022	25.9944
Timeout:	2021	26.0457
Packet Loss:	2021	26.0457
Packet Send:	2031	26.0458
Packet Send:	2032	26.0459
Packet Send:	2033	26.046
Timeout:	2024	26.0545
Packet Loss:	2024	26.0545
Timeout:	2025	26.0546
Packet Loss:	2025	26.0546
Timeout:	2026	26.0547
Packet Loss:	2026	26.0547
Packet Send:	2034	26.0548
Packet Send:	2035	26.0549
Packet Send:	2036	26.055
Packet Send:	2037	26.0551
Packet Send:	2038	26.0552
Packet Send:	2039	26.0553
Timeout:	2030	26.0709
Packet Loss:	2030	26.0709
Packet Retrans:	2030	26.0709
Packet Loss:	2031	26.0833
Packet Loss:	2032	26.0833
Packet Loss:	2033	26.0833
Packet Loss:	2034	26.0833
Packet Retrans:	2031	26.0833
Packet Retrans:	2032	26.0834
Packet Retrans:	2033	26.0835
Packet Retrans:	2034	26.0836
Packet Loss:	2036	26.0884
Packet Loss:	2037	26.0884
Packet Retrans:	2036	26.0884
Packet Retrans:	2037	26.0885
Receive Retrans Packet:	2030	26.0977
Packet Send:	2040	26.0977
Receive Retrans Packet:	2031	26.1101
Packet Send:	2041	26.1101
Receive Retrans Packet:	2036	26.1169
Packet Loss:	2039	26.1245
Packet Retrans:	2039	26.1245
Timeout:	2032	26.1634
Packet Loss:	2032	26.1634
Timeout:	2033	26.1635
Packet Loss:	2033	26.1635
Timeout:	2034	26.1636
Packet Loss:	2034	26.1636
Packet Send:	2042	26.1638
Packet Send:	2043	26.1639
Packet Send:	2044	26.164
Packet Send:	2045	26.1641
Packet Send:	2046	26.1642
Timeout:	2037	26.1685
Packet Loss:	2037	26.1685
Packet Send:	2047	26.1687
Packet Send:	2048	26.1688
Timeout:	2041	26.1901
Packet Loss:	2041	26.1901
Packet Retrans:	2041	26.1902
Packet Loss:	2042	26.194
Packet Loss:	2043	26.194
Packet Retrans:	2042	26.194
Packet Retrans:	2043	26.1941
Timeout:	2039	26.2045
Packet Loss:	2039	26.2045
Packet Send:	2049	26.2047
Packet Send:	2050	26.2048
Receive Retrans Packet:	2042	26.2208
Timeout:	2045	26.2441
Packet Loss:	2045	26.2441
Packet Retrans:	2045	26.2442
Timeout:	2046	26.2442
Packet Loss:	2046	26.2442
Packet Retrans:	2046	26.2443
Timeout:	2047	26.2487
Packet Loss:	2047	26.2487
Packet Retrans:	2047	26.2488
Timeout:	2048	26.2488
Packet Loss:	2048	26.2488
Packet Retrans:	2048	26.2489
Timeout:	2041	26.2702
Packet Loss:	2041	26.2702
Packet Send:	2051	26.2704
Packet Send:	2052	26.2705
Timeout:	2043	26.2741
Packet Loss:	2043	26.2741
Packet Send:	2053	26.2743
Packet Send:	2054	26.2744
Packet Send:	2055	26.2745
Timeout:	2049	26.2847
Packet Loss:	2049	26.2847
Packet Retrans:	2049	26.2848
Timeout:	2050	26.2848
Packet Loss:	2050	26.2848
Packet Retrans:	2050	26.2849
Packet Loss:	2052	26.3028
Packet Loss:	2053	26.3028
Packet Retrans:	2052	26.3028
Packet Retrans:	2053	26.3029
Timeout:	2046	26.3243
Packet Loss:	2046	26.3243
Packet Send:	2056	26.3245
Packet Send:	2057	26.3246
Packet Send:	2058	26.3247
Receive Retrans Packet:	2052	26.3296
Packet Loss:	2055	26.353
Packet Loss:	2056	26.353
Packet Retrans:	2055	26.353
Packet Retrans:	2056	26.3531
Timeout:	2049	26.3648
Packet Loss:	2049	26.3648
Timeout:	2050	26.3649
Packet Loss:	2050	26.3649
Packet Send:	2059	26.3651
Packet Send:	2060	26.3652
Packet Send:	2061	26.3653
Packet Send:	2062	26.3654
Receive Retrans Packet:	2056	26.3815
Timeout:	2053	26.3829
Packet Loss:	2053	26.3829
Packet Send:	2063	26.3831
Packet Send:	2064	26.3832
Packet Loss:	2058	26.3936
Packet Loss:	2059	26.3936
Packet Retrans:	2058	26.3936
Packet Retrans:	2059	26.3937
Receive Retrans Packet:	2058	26.4204
Timeout:	2055	26.433
Packet Loss:	2055	26.433
Packet Send:	2065	26.4332
Packet Send:	2066	26.4333
Packet Send:	2067	26.4334
Packet Send:	2068	26.4335
Timeout:	2062	26.4454
Packet Loss:	2062	26.4454
Packet Retrans:	2062	26.4455
Packet Loss:	2063	26.4617
Packet Loss:	2064	26.4617
Packet Loss:	2065	26.4617
Packet Retrans:	2063	26.4617
Packet Retrans:	2064	26.4618
Packet Retrans:	2065	26.4619
Timeout:	2059	26.4737
Packet Loss:	2059	26.4737
Packet Send:	2069	26.4739
Packet Send:	2070	26.474
Packet Send:	2071	26.4741
Receive Retrans Packet:	2064	26.4902
Timeout:	2062	26.5255
Packet Loss:	2062	26.5255
Packet Send:	2072	26.5257
Timeout:	2063	26.5417
Packet Loss:	2063	26.5417
Packet Send:	2073	26.5419
Timeout:	2065	26.5419
Packet Loss:	2065	26.5419
Packet Send:	2074	26.5421
Packet Send:	2075	26.5422
Packet Send:	2076	26.5423
Packet Send:	2077	26.5424
Packet Send:	2078	26.5425
Packet Send:	2079	26.5426
Packet Loss:	2070	26.5525
Packet Loss:	2071	26.5525
Packet Retrans:	2070	26.5525
Packet Retrans:	2071	26.5526
Receive Retrans Packet:	2070	26.5806
Packet Send:	2080	26.5806
Receive Retrans Packet:	2071	26.5823
Packet Send:	2081	26.5823
Packet Send:	2082	26.5824
Packet Loss:	2073	26.6074
Packet Loss:	2074	26.6074
Packet Loss:	2075	26.6074
Packet Loss:	2076	26.6074
Packet Loss:	2077	26.6074
Packet Loss:	2078	26.6074
Packet Loss:	2079	26.6074
Packet Retrans:	2073	26.6074
Packet Retrans:	2074	26.6075
Packet Retrans:	2075	26.6076
Packet Retrans:	2076	26.6077
Packet Retrans:	2077	26.6078
Packet Retrans:	2078	26.6079
Packet Retrans:	2079	26.608
Receive Retrans Packet:	2073	26.6342
Packet Send:	2083	26.6342
Receive Retrans Packet:	2076	26.6393
Receive Retrans Packet:	2079	26.6444
Packet Loss:	2082	26.661
Packet Retrans:	2082	26.661
Timeout:	2074	26.6875
Packet Loss:	2074	26.6875
Timeout:	2075	26.6876
Packet Loss:	2075	26.6876
Packet Send:	2084	26.6878
Timeout:	2077	26.6878
Packet Loss:	2077	26.6878
Timeout:	2078	26.6879
Packet Loss:	2078	26.6879
Packet Send:	2085	26.6881
Packet Send:	2086	26.6882
Packet Send:	2087	26.6883
Packet Send:	2088	26.6884
Packet Send:	2089	26.6885
Packet Send:	2090	26.6886
Packet Send:	2091	26.6887
Packet Loss:	2084	26.7197
Packet Loss:	2085	26.7197
Packet Loss:	2086	26.7197
Packet Retrans:	2084	26.7197
Packet Retrans:	2085	26.7198
Packet Retrans:	2086	26.7199
Packet Loss:	2088	26.7248
Packet Loss:	2089	26.7248
Packet Retrans:	2088	26.7248
Packet Retrans:	2089	26.7249
Timeout:	2082	26.741
Packet Loss:	2082	26.741
Packet Send:	2092	26.7412
Packet Send:	2093	26.7413
Receive Retrans Packet:	2084	26.7465
Packet Send:	2094	26.7465
Timeout:	2085	26.7998
Packet Loss:	2085	26.7998
Timeout:	2086	26.7999
Packet Loss:	2086	26.7999
Packet Send:	2095	26.8001
Packet Send:	2096	26.8002
Packet Send:	2097	26.8003
Timeout:	2088	26.8048
Packet Loss:	2088	26.8048
Timeout:	2089	26.8049
Packet Loss:	2089	26.8049
Packet Send:	2098	26.8051
Packet Send:	2099	26.8052
Packet Send:	2100	26.8053
Packet Send:	2101	26.8054
Timeout:	2092	26.8212
Packet Loss:	2092	26.8212
Packet Retrans:	2092	26.8213
Timeout:	2093	26.8213
Packet Loss:	2093	26.8213
Packet Retrans:	2093	26.8214
Timeout:	2094	26.8265
Packet Loss:	2094	26.8265
Packet Retrans:	2094	26.8266
Packet Loss:	2095	26.8286
Packet Retrans:	2095	26.8286
Packet Loss:	2097	26.832
Packet Retrans:	2097	26.832
Packet Loss:	2099	26.8354
Packet Retrans:	2099	26.8354
Receive Retrans Packet:	2095	26.8554
Receive Retrans Packet:	2097	26.8588
Timeout:	2101	26.8854
Packet Loss:	2101	26.8854
Packet Retrans:	2101	26.8855
Timeout:	2092	26.9013
Packet Loss:	2092	26.9013
Timeout:	2093	26.9014
Packet Loss:	2093	26.9014
Packet Send:	2102	26.9016
Packet Send:	2103	26.9017
Timeout:	2094	26.9066
Packet Loss:	2094	26.9066
Packet Send:	2104	26.9068
Packet Send:	2105	26.9069
Packet Send:	2106	26.907
Packet Send:	2107	26.9071
Packet Send:	2108	26.9072
Timeout:	2099	26.9154
Packet Loss:	2099	26.9154
Packet Send:	2109	26.9156
Packet Send:	2110	26.9157
Packet Loss:	2102	26.9301
Packet Retrans:	2102	26.9301
Packet Loss:	2104	26.9387
Packet Loss:	2105	26.9387
Packet Loss:	2106	26.9387
Packet Retrans:	2104	26.9387
Packet Retrans:	2105	26.9388
Packet Retrans:	2106	26.9389
Packet Loss:	2108	26.9441
Packet Loss:	2109	26.9441
Packet Retrans:	2108	26.9441
Packet Retrans:	2109	26.9442
Receive Retrans Packet:	2104	26.9655
Timeout:	2101	26.9655
Packet Loss:	2101	26.9655
Packet Send:	2111	26.9657
Receive Retrans Packet:	2109	26.9726
Timeout:	2102	27.0101
Packet Loss:	2102	27.0101
Packet Send:	2112	27.0103
Packet Send:	2113	27.0104
Packet Send:	2114	27.0105
Timeout:	2105	27.0188
Packet Loss:	2105	27.0188
Timeout:	2106	27.0189
Packet Loss:	2106	27.0189
Packet Send:	2115	27.0191
Packet Send:	2116	27.0192
Packet Send:	2117	27.0193
Timeout:	2108	27.0241
Packet Loss:	2108	27.0241
Packet Send:	2118	27.0243
Packet Send:	2119	27.0244
Packet Send:	2120	27.0245
Packet Loss:	2111	27.0388
Packet Loss:	2112	27.0388
Packet Retrans:	2111	27.0388
Packet Retrans:	2112	27.0389
Packet Loss:	2114	27.0459
Packet Retrans:	2114	27.0459
Packet Loss:	2116	27.0511
Packet Loss:	2117	27.0511
Packet Retrans:	2116	27.0511
Packet Retrans:	2117	27.0512
Receive Retrans Packet:	2114	27.0727
Receive Retrans Packet:	2116	27.0779
Timeout:	2119	27.1044
Packet Loss:	2119	27.1044
Packet Retrans:	2119	27.1045
Timeout:	2120	27.1045
Packet Loss:	2120	27.1045
Packet Retrans:	2120	27.1046
Timeout:	2111	27.1188
Packet Loss:	2111	27.1188
Timeout:	2112	27.1189
Packet Loss:	2112	27.1189
Packet Send:	2121	27.1191
Packet Send:	2122	27.1192
Packet Send:	2123	27.1193
Packet Send:	2124	27.1194
Packet Send:	2125	27.1195
Packet Send:	2126	27.1196
Timeout:	2117	27.1312
Packet Loss:	2117	27.1312
Packet Send:	2127	27.1314
Packet Send:	2128	27.1315
Packet Loss:	2122	27.1786
Packet Loss:	2123	27.1786
Packet Loss:	2124	27.1786
Packet Retrans:	2122	27.1786
Packet Retrans:	2123	27.1787
Packet Retrans:	2124	27.1788
Timeout:	2119	27.1845
Packet Loss:	2119	27.1845
Timeout:	2120	27.1846
Packet Loss:	2120	27.1846
Packet Send:	2129	27.1848
Packet Send:	2130	27.1849
Packet Send:	2131	27.185
Timeout:	2126	27.1996
Packet Loss:	2126	27.1996
Packet Retrans:	2126	27.1997
Timeout:	2127	27.2114
Packet Loss:	2127	27.2114
Packet Retrans:	2127	27.2115
Timeout:	2128	27.2115
Packet Loss:	2128	27.2115
Packet Retrans:	2128	27.2116
Timeout:	2122	27.2586
Packet Loss:	2122	27.2586
Timeout:	2123	27.2587
Packet Loss:	2123	27.2587
Timeout:	2124	27.2588
Packet Loss:	2124	27.2588
Packet Send:	2132	27.259
Packet Send:	2133	27.2591
Packet Send:	2134	27.2592
Packet Send:	2135	27.2593
Timeout:	2129	27.2648
Packet Loss:	2129	27.2648
Packet Retrans:	2129	27.2649
Timeout:	2130	27.2649
Packet Loss:	2130	27.2649
Packet Retrans:	2130	27.265
Timeout:	2131	27.265
Packet Loss:	2131	27.265
Packet Retrans:	2131	27.2651
Timeout:	2126	27.2797
Packet Loss:	2126	27.2797
Packet Send:	2136	27.2799
Timeout:	2127	27.2915
Packet Loss:	2127	27.2915
Timeout:	2128	27.2916
Packet Loss:	2128	27.2916
Packet Send:	2137	27.2918
Packet Send:	2138	27.2919
Receive Retrans Packet:	2122	27.3102
Receive Retrans Packet:	2124	27.3145
Packet Send:	2139	27.3292
Timeout:	2132	27.339
Packet Loss:	2132	27.339
Packet Retrans:	2132	27.3391
Timeout:	2133	27.3391
Packet Loss:	2133	27.3391
Packet Retrans:	2133	27.3392
Timeout:	2134	27.3392
Packet Loss:	2134	27.3392
Packet Retrans:	2134	27.3393
Timeout:	2135	27.3393
Packet Loss:	2135	27.3393
Packet Retrans:	2135	27.3394
Timeout:	2130	27.345
Packet Loss:	2130	27.345
Timeout:	2131	27.3451
Packet Loss:	2131	27.3451
Packet Send:	2140	27.3453
Packet Send:	2141	27.3454
Timeout:	2136	27.3599
Packet Loss:	2136	27.3599
Packet Retrans:	2136	27.36
Timeout:	2137	27.3718
Packet Loss:	2137	27.3718
Packet Retrans:	2137	27.3719
Timeout:	2138	27.3719
Packet Loss:	2138	27.3719
Packet Retrans:	2138	27.372
Timeout:	2139	27.4092
Packet Loss:	2139	27.4092
Packet Retrans:	2139	27.4093
Timeout:	2132	27.4191
Packet Loss:	2132	27.4191
Timeout:	2133	27.4192
Packet Loss:	2133	27.4192
Timeout:	2134	27.4193
Packet Loss:	2134	27.4193
Timeout:	2135	27.4194
Packet Loss:	2135	27.4194
Packet Send:	2142	27.4196
Packet Send:	2143	27.4197
Packet Send:	2144	27.4198
Packet Send:	2145	27.4199
Timeout:	2140	27.4253
Packet Loss:	2140	27.4253
Packet Retrans:	2140	27.4254
Timeout:	2141	27.4254
Packet Loss:	2141	27.4254
Packet Retrans:	2141	27.4255
Timeout:	2136	27.44
Packet Loss:	2136	27.44
Packet Send:	2146	27.4402
Timeout:	2137	27.4519
Packet Loss:	2137	27.4519
Timeout:	2138	27.452
Packet Loss:	2138	27.452
Packet Send:	2147	27.4522
Packet Send:	2148	27.4523
Timeout:	2139	27.4893
Packet Loss:	2139	27.4893
Packet Send:	2149	27.4895
Timeout:	2142	27.4996
Packet Loss:	2142	27.4996
Packet Retrans:	2142	27.4997
Timeout:	2143	27.4997
Packet Loss:	2143	27.4997
Packet Retrans:	2143	27.4998
Timeout:	2144	27.4998
Packet Loss:	2144	27.4998
Packet Retrans:	2144	27.4999
Timeout:	2145	27.4999
Packet Loss:	2145	27.4999
Packet Retrans:	2145	27.5
Timeout:	2140	27.5054
Packet Loss:	2140	27.5054
Timeout:	2141	27.5055
Packet Loss:	2141	27.5055
Packet Send:	2150	27.5057
Packet Send:	2151	27.5058
Receive Retrans Packet:	2130	27.5169
Timeout:	2146	27.5202
Packet Loss:	2146	27.5202
Packet Retrans:	2146	27.5203
Timeout:	2147	27.5322
Packet Loss:	2147	27.5322
Packet Retrans:	2147	27.5323
Timeout:	2148	27.5323
Packet Loss:	2148	27.5323
Packet Retrans:	2148	27.5324
Timeout:	2149	27.5695
Packet Loss:	2149	27.5695
Packet Retrans:	2149	27.5696
Timeout:	2142	27.5797
Packet Loss:	2142	27.5797
Timeout:	2143	27.5798
Packet Loss:	2143	27.5798
Timeout:	2144	27.5799
Packet Loss:	2144	27.5799
Timeout:	2145	27.58
Packet Loss:	2145	27.58
Packet Send:	2152	27.5802
Packet Send:	2153	27.5803
Packet Send:	2154	27.5804
Packet Send:	2155	27.5805
Timeout:	2150	27.5857
Packet Loss:	2150	27.5857
Packet Retrans:	2150	27.5858
Timeout:	2151	27.5858
Packet Loss:	2151	27.5858
Packet Retrans:	2151	27.5859
Timeout:	2146	27.6003
Packet Loss:	2146	27.6003
Packet Send:	2156	27.6005
Timeout:	2147	27.6123
Packet Loss:	2147	27.6123
Timeout:	2148	27.6124
Packet Loss:	2148	27.6124
Packet Send:	2157	27.6126
Packet Send:	2158	27.6127
Timeout:	2149	27.6496
Packet Loss:	2149	27.6496
Packet Send:	2159	27.6498
Timeout:	2152	27.6602
Packet Loss:	2152	27.6602
Packet Retrans:	2152	27.6603
Timeout:	2153	27.6603
Packet Loss:	2153	27.6603
Packet Retrans:	2153	27.6604
Timeout:	2154	27.6604
Packet Loss:	2154	27.6604
Packet Retrans:	2154	27.6605
Timeout:	2155	27.6605
Packet Loss:	2155	27.6605
Packet Retrans:	2155	27.6606
Timeout:	2150	27.6658
Packet Loss:	2150	27.6658
Timeout:	2151	27.6659
Packet Loss:	2151	27.6659
Packet Send:	2160	27.6661
Packet Send:	2161	27.6662
Timeout:	2156	27.6805
Packet Loss:	2156	27.6805
Packet Retrans:	2156	27.6806
Receive Retrans Packet:	2132	27.684
Receive Retrans Packet:	2135	27.69
Timeout:	2157	27.6926
Packet Loss:	2157	27.6926
Packet Retrans:	2157	27.6927
Timeout:	2158	27.6927
Packet Loss:	2158	27.6927
Packet Retrans:	2158	27.6928
Timeout:	2159	27.7298
Packet Loss:	2159	27.7298
Packet Retrans:	2159	27.7299
Receive Retrans Packet:	2136	27.7384
Timeout:	2152	27.7403
Packet Loss:	2152	27.7403
Timeout:	2153	27.7404
Packet Loss:	2153	27.7404
Timeout:	2154	27.7405
Packet Loss:	2154	27.7405
Timeout:	2155	27.7406
Packet Loss:	2155	27.7406
Packet Send:	2162	27.7408
Packet Send:	2163	27.7409
Packet Send:	2164	27.741
Packet Send:	2165	27.7411
Timeout:	2160	27.7461
Packet Loss:	2160	27.7461
Packet Retrans:	2160	27.7462
Timeout:	2161	27.7462
Packet Loss:	2161	27.7462
Packet Retrans:	2161	27.7463
Timeout:	2156	27.7606
Packet Loss:	2156	27.7606
Packet Send:	2166	27.7608
Receive Retrans Packet:	2138	27.7678
Timeout:	2157	27.7727
Packet Loss:	2157	27.7727
Timeout:	2158	27.7728
Packet Loss:	2158	27.7728
Packet Send:	2167	27.773
Packet Send:	2168	27.7731
Timeout:	2159	27.8099
Packet Loss:	2159	27.8099
Packet Send:	2169	27.8101
Timeout:	2162	27.8208
Packet Loss:	2162	27.8208
Packet Retrans:	2162	27.8209
Timeout:	2163	27.8209
Packet Loss:	2163	27.8209
Packet Retrans:	2163	27.821
Timeout:	2164	27.821
Packet Loss:	2164	27.821
Packet Retrans:	2164	27.8211
Timeout:	2165	27.8211
Packet Loss:	2165	27.8211
Packet Retrans:	2165	27.8212
Timeout:	2160	27.8262
Packet Loss:	2160	27.8262
Timeout:	2161	27.8263
Packet Loss:	2161	27.8263
Packet Send:	2170	27.8265
Packet Send:	2171	27.8266
Receive Retrans Packet:	2140	27.8369
Receive Retrans Packet:	2141	27.8386
Timeout:	2166	27.8408
Packet Loss:	2166	27.8408
Packet Retrans:	2166	27.8409
Receive Retrans Packet:	2142	27.8471
Receive Retrans Packet:	2143	27.8488
Timeout:	2167	27.853
Packet Loss:	2167	27.853
Packet Retrans:	2167	27.8531
Timeout:	2168	27.8531
Packet Loss:	2168	27.8531
Packet Retrans:	2168	27.8532
Timeout:	2169	27.8901
Packet Loss:	2169	27.8901
Packet Retrans:	2169	27.8902
Receive Retrans Packet:	2156	27.8911
Timeout:	2162	27.9009
Packet Loss:	2162	27.9009
Packet Send:	2172	27.9011
Timeout:	2164	27.9011
Packet Loss:	2164	27.9011
Timeout:	2165	27.9012
Packet Loss:	2165	27.9012
Packet Send:	2173	27.9014
Packet Send:	2174	27.9015
Packet Send:	2175	27.9016
Timeout:	2170	27.9065
Packet Loss:	2170	27.9065
Packet Retrans:	2170	27.9066
Timeout:	2171	27.9066
Packet Loss:	2171	27.9066
Packet Retrans:	2171	27.9067
Packet Send:	2176	27.908
Receive Retrans Packet:	2162	27.9148
Receive Retrans Packet:	2165	27.9199
Receive Retrans Packet:	2166	27.925
Receive Retrans Packet:	2167	27.9266
Packet Send:	2177	27.9267
Receive Retrans Packet:	2168	27.9283
Packet Send:	2178	27.9284
Packet Send:	2179	27.9285
Receive Retrans Packet:	2169	27.93
Receive Retrans Packet:	2170	27.9385
Packet Send:	2180	27.9385
Packet Send:	2181	27.9386
Packet Send:	2182	27.9387
Packet Loss:	2173	27.9552
Packet Loss:	2174	27.9552
Packet Loss:	2175	27.9552
Packet Loss:	2176	27.9552
Packet Loss:	2177	27.9552
Packet Retrans:	2173	27.9552
Packet Retrans:	2174	27.9553
Packet Retrans:	2175	27.9554
Packet Retrans:	2176	27.9555
Packet Retrans:	2177	27.9556
Timeout:	2181	28.0186
Packet Loss:	2181	28.0186
Packet Retrans:	2181	28.0187
Timeout:	2182	28.0187
Packet Loss:	2182	28.0187
Packet Retrans:	2182	28.0188
Timeout:	2173	28.0352
Packet Loss:	2173	28.0352
Timeout:	2174	28.0353
Packet Loss:	2174	28.0353
Timeout:	2175	28.0354
Packet Loss:	2175	28.0354
Timeout:	2176	28.0355
Packet Loss:	2176	28.0355
Timeout:	2177	28.0356
Packet Loss:	2177	28.0356
Packet Send:	2183	28.0358
Packet Send:	2184	28.0359
Packet Send:	2185	28.036
Packet Send:	2186	28.0361
Packet Send:	2187	28.0362
Packet Send:	2188	28.0363
Packet Send:	2189	28.0364
Packet Send:	2190	28.0365
Packet Loss:	2185	28.0745
Packet Loss:	2186	28.0745
Packet Loss:	2187	28.0745
Packet Loss:	2188	28.0745
Packet Loss:	2189	28.0745
Packet Retrans:	2185	28.0745
Packet Retrans:	2186	28.0746
Packet Retrans:	2187	28.0747
Packet Retrans:	2188	28.0748
Packet Retrans:	2189	28.0749
Timeout:	2181	28.0987
Packet Loss:	2181	28.0987
Timeout:	2182	28.0988
Packet Loss:	2182	28.0988
Packet Send:	2191	28.099
Packet Send:	2192	28.0991
Packet Send:	2193	28.0992
Packet Send:	2194	28.0993
Receive Retrans Packet:	2185	28.1013
Packet Send:	2195	28.1013
Receive Retrans Packet:	2186	28.103
Packet Send:	2196	28.103
Receive Retrans Packet:	2187	28.1047
Packet Send:	2197	28.1047
Receive Retrans Packet:	2189	28.1081
Packet Loss:	2192	28.1309
Packet Loss:	2193	28.1309
Packet Retrans:	2192	28.1309
Packet Retrans:	2193	28.131
Packet Loss:	2195	28.136
Packet Loss:	2196	28.136
Packet Retrans:	2195	28.136
Packet Retrans:	2196	28.1361
Timeout:	2188	28.1548
Packet Loss:	2188	28.1548
Packet Send:	2198	28.155
Packet Send:	2199	28.1551
Packet Send:	2200	28.1552
Packet Send:	2201	28.1553
Timeout:	2192	28.2109
Packet Loss:	2192	28.2109
Timeout:	2193	28.211
Packet Loss:	2193	28.211
Packet Send:	2202	28.2112
Packet Send:	2203	28.2113
Packet Send:	2204	28.2114
Timeout:	2195	28.216
Packet Loss:	2195	28.216
Timeout:	2196	28.2161
Packet Loss:	2196	28.2161
Packet Send:	2205	28.2163
Packet Send:	2206	28.2164
Packet Send:	2207	28.2165
Timeout:	2198	28.235
Packet Loss:	2198	28.235
Packet Retrans:	2198	28.2351
Timeout:	2199	28.2351
Packet Loss:	2199	28.2351
Packet Retrans:	2199	28.2352
Timeout:	2200	28.2352
Packet Loss:	2200	28.2352
Packet Retrans:	2200	28.2353
Timeout:	2201	28.2353
Packet Loss:	2201	28.2353
Packet Retrans:	2201	28.2354
Packet Loss:	2202	28.2397
Packet Retrans:	2202	28.2397
Packet Loss:	2204	28.2431
Packet Retrans:	2204	28.2431
Timeout:	2207	28.2965
Packet Loss:	2207	28.2965
Packet Retrans:	2207	28.2966
Timeout:	2198	28.3151
Packet Loss:	2198	28.3151
Timeout:	2199	28.3152
Packet Loss:	2199	28.3152
Timeout:	2200	28.3153
Packet Loss:	2200	28.3153
Timeout:	2201	28.3154
Packet Loss:	2201	28.3154
Packet Send:	2208	28.3156
Packet Send:	2209	28.3157
Packet Send:	2210	28.3158
Packet Send:	2211	28.3159
Timeout:	2202	28.3197
Packet Loss:	2202	28.3197
Packet Send:	2212	28.3199
Packet Send:	2213	28.32
Timeout:	2204	28.3231
Packet Loss:	2204	28.3231
Packet Send:	2214	28.3233
Packet Send:	2215	28.3234
Packet Send:	2216	28.3235
Packet Loss:	2208	28.3492
Packet Loss:	2209	28.3492
Packet Loss:	2210	28.3492
Packet Loss:	2211	28.3492
Packet Retrans:	2208	28.3492
Packet Retrans:	2209	28.3493
Packet Retrans:	2210	28.3494
Packet Retrans:	2211	28.3495
Packet Loss:	2213	28.3542
Packet Loss:	2214	28.3542
Packet Retrans:	2213	28.3543
Packet Retrans:	2214	28.3544
Timeout:	2207	28.3766
Packet Loss:	2207	28.3766
Packet Send:	2217	28.3768
Receive Retrans Packet:	2210	28.3794
Timeout:	2216	28.4035
Packet Loss:	2216	28.4035
Packet Retrans:	2216	28.4036
Timeout:	2208	28.4292
Packet Loss:	2208	28.4292
Timeout:	2209	28.4293
Packet Loss:	2209	28.4293
Packet Send:	2218	28.4295
Timeout:	2211	28.4295
Packet Loss:	2211	28.4295
Packet Send:	2219	28.4297
Packet Send:	2220	28.4298
Packet Send:	2221	28.4299
Packet Send:	2222	28.43
Timeout:	2213	28.4343
Packet Loss:	2213	28.4343
Timeout:	2214	28.4344
Packet Loss:	2214	28.4344
Packet Send:	2223	28.4346
Packet Send:	2224	28.4347
Packet Send:	2225	28.4348
Packet Loss:	2217	28.4563
Packet Retrans:	2217	28.4563
Packet Loss:	2219	28.4665
Packet Loss:	2220	28.4665
Packet Loss:	2221	28.4665
Packet Loss:	2222	28.4665
Packet Loss:	2223	28.4665
Packet Retrans:	2219	28.4665
Packet Retrans:	2220	28.4666
Packet Retrans:	2221	28.4667
Packet Retrans:	2222	28.4668
Packet Retrans:	2223	28.4669
Timeout:	2216	28.4836
Packet Loss:	2216	28.4836
Packet Send:	2226	28.4838
Receive Retrans Packet:	2221	28.4967
Receive Retrans Packet:	2222	28.4984
Timeout:	2225	28.5148
Packet Loss:	2225	28.5148
Packet Retrans:	2225	28.5149
Timeout:	2217	28.5363
Packet Loss:	2217	28.5363
Packet Send:	2227	28.5365
Packet Send:	2228	28.5366
Timeout:	2219	28.5465
Packet Loss:	2219	28.5465
Timeout:	2220	28.5466
Packet Loss:	2220	28.5466
Packet Send:	2229	28.5468
Packet Send:	2230	28.5469
Timeout:	2223	28.5469
Packet Loss:	2223	28.5469
Packet Send:	2231	28.5471
Packet Send:	2232	28.5472
Packet Send:	2233	28.5473
Packet Send:	2234	28.5474
Timeout:	2226	28.5638
Packet Loss:	2226	28.5638
Packet Retrans:	2226	28.5639
Packet Loss:	2227	28.577
Packet Loss:	2228	28.577
Packet Loss:	2229	28.577
Packet Loss:	2230	28.577
Packet Retrans:	2227	28.577
Packet Retrans:	2228	28.5771
Packet Retrans:	2229	28.5772
Packet Retrans:	2230	28.5773
Timeout:	2225	28.5949
Packet Loss:	2225	28.5949
Packet Send:	2235	28.5951
Receive Retrans Packet:	2230	28.6089
Packet Loss:	2234	28.6219
Packet Retrans:	2234	28.6219
Timeout:	2226	28.6439
Packet Loss:	2226	28.6439
Packet Send:	2236	28.6441
Timeout:	2227	28.657
Packet Loss:	2227	28.657
Timeout:	2228	28.6571
Packet Loss:	2228	28.6571
Timeout:	2229	28.6572
Packet Loss:	2229	28.6572
Packet Send:	2237	28.6574
Packet Send:	2238	28.6575
Packet Send:	2239	28.6576
Packet Send:	2240	28.6577
Packet Send:	2241	28.6578
Packet Send:	2242	28.6579
Packet Send:	2243	28.658
Packet Loss:	2237	28.6859
Packet Retrans:	2237	28.6859
Packet Loss:	2240	28.6927
Packet Loss:	2241	28.6927
Packet Retrans:	2240	28.6927
Packet Retrans:	2241	28.6928
Timeout:	2234	28.7019
Packet Loss:	2234	28.7019
Packet Send:	2244	28.7021
Packet Send:	2245	28.7022
Packet Send:	2246	28.7023
Timeout:	2237	28.7659
Packet Loss:	2237	28.7659
Packet Send:	2247	28.7661
Packet Send:	2248	28.7662
Packet Send:	2249	28.7663
Timeout:	2240	28.7727
Packet Loss:	2240	28.7727
Timeout:	2241	28.7728
Packet Loss:	2241	28.7728
Packet Send:	2250	28.773
Packet Send:	2251	28.7731
Packet Send:	2252	28.7732
Packet Send:	2253	28.7733
Packet Send:	2254	28.7734
Timeout:	2245	28.7822
Packet Loss:	2245	28.7822
Packet Retrans:	2245	28.7823
Timeout:	2246	28.7823
Packet Loss:	2246	28.7823
Packet Retrans:	2246	28.7824
Packet Loss:	2250	28.8049
Packet Loss:	2251	28.8049
Packet Loss:	2252	28.8049
Packet Retrans:	2250	28.8049
Packet Retrans:	2251	28.805
Packet Retrans:	2252	28.8051
Timeout:	2245	28.8623
Packet Loss:	2245	28.8623
Timeout:	2246	28.8624
Packet Loss:	2246	28.8624
Packet Send:	2255	28.8626
Packet Send:	2256	28.8627
Packet Send:	2257	28.8628
Packet Send:	2258	28.8629
Packet Send:	2259	28.863
Timeout:	2250	28.8849
Packet Loss:	2250	28.8849
Timeout:	2251	28.885
Packet Loss:	2251	28.885
Timeout:	2252	28.8851
Packet Loss:	2252	28.8851
Packet Send:	2260	28.8853
Packet Send:	2261	28.8854
Packet Send:	2262	28.8855
Packet Send:	2263	28.8856
Packet Send:	2264	28.8857
Packet Send:	2265	28.8894
Packet Loss:	2256	28.8928
Packet Retrans:	2256	28.8928
Packet Loss:	2260	28.9172
Packet Loss:	2261	28.9172
Packet Loss:	2262	28.9172
Packet Retrans:	2260	28.9172
Packet Retrans:	2261	28.9173
Packet Retrans:	2262	28.9174
Receive Retrans Packet:	2260	28.944
Timeout:	2256	28.9728
Packet Loss:	2256	28.9728
Packet Send:	2266	28.973
Packet Send:	2267	28.9731
Packet Send:	2268	28.9732
Packet Send:	2269	28.9733
Packet Send:	2270	28.9734
Timeout:	2261	28.9973
Packet Loss:	2261	28.9973
Timeout:	2262	28.9974
Packet Loss:	2262	28.9974
Packet Send:	2271	28.9976
Packet Send:	2272	28.9977
Packet Send:	2273	28.9978
Packet Send:	2274	28.9979
Packet Send:	2275	28.998
Packet Loss:	2266	29.0015
Packet Retrans:	2266	29.0015
Packet Loss:	2270	29.0244
Packet Retrans:	2270	29.0244
Receive Retrans Packet:	2266	29.0329
Packet Send:	2276	29.0329
Packet Send:	2277	29.033
Packet Send:	2278	29.0331
Packet Send:	2279	29.0332
Receive Retrans Packet:	2270	29.0512
Packet Send:	2280	29.0512
Packet Send:	2281	29.0513
Packet Send:	2282	29.0514
Packet Send:	2283	29.0515
Packet Send:	2284	29.0516
Packet Loss:	2275	29.0648
Packet Loss:	2276	29.0648
Packet Loss:	2277	29.0648
Packet Loss:	2278	29.0648
Packet Retrans:	2275	29.0648
Packet Retrans:	2276	29.0649
Packet Retrans:	2277	29.065
Packet Retrans:	2278	29.0651
Packet Loss:	2281	29.0848
Packet Loss:	2282	29.0848
Packet Loss:	2283	29.0848
Packet Retrans:	2281	29.0848
Packet Retrans:	2282	29.0849
Packet Retrans:	2283	29.085
Receive Retrans Packet:	2275	29.0916
Packet Send:	2285	29.0916
Receive Retrans Packet:	2282	29.1133
Timeout:	2276	29.1449
Packet Loss:	2276	29.1449
Timeout:	2277	29.145
Packet Loss:	2277	29.145
Timeout:	2278	29.1451
Packet Loss:	2278	29.1451
Packet Send:	2286	29.1453
Packet Send:	2287	29.1454
Packet Send:	2288	29.1455
Packet Send:	2289	29.1456
Packet Send:	2290	29.1457
Timeout:	2281	29.1648
Packet Loss:	2281	29.1648
Packet Send:	2291	29.165
Timeout:	2283	29.165
Packet Loss:	2283	29.165
Packet Send:	2292	29.1652
Packet Send:	2293	29.1653
Packet Send:	2294	29.1654
Timeout:	2285	29.1716
Packet Loss:	2285	29.1716
Packet Retrans:	2285	29.1717
Packet Loss:	2286	29.1935
Packet Loss:	2287	29.1935
Packet Loss:	2288	29.1935
Packet Loss:	2289	29.1935
Packet Loss:	2290	29.1935
Packet Loss:	2291	29.1935
Packet Retrans:	2286	29.1935
Packet Retrans:	2287	29.1936
Packet Retrans:	2288	29.1937
Packet Retrans:	2289	29.1938
Packet Retrans:	2290	29.1939
Packet Retrans:	2291	29.194
Receive Retrans Packet:	2286	29.2203
Receive Retrans Packet:	2287	29.222
Receive Retrans Packet:	2291	29.2288
Timeout:	2293	29.2453
Packet Loss:	2293	29.2453
Packet Retrans:	2293	29.2454
Timeout:	2294	29.2454
Packet Loss:	2294	29.2454
Packet Retrans:	2294	29.2455
Timeout:	2285	29.2517
Packet Loss:	2285	29.2517
Packet Send:	2295	29.2519
Packet Send:	2296	29.252
Packet Send:	2297	29.2521
Timeout:	2288	29.2737
Packet Loss:	2288	29.2737
Timeout:	2289	29.2738
Packet Loss:	2289	29.2738
Timeout:	2290	29.2739
Packet Loss:	2290	29.2739
Packet Send:	2298	29.2741
Packet Send:	2299	29.2742
Packet Send:	2300	29.2743
Packet Send:	2301	29.2744
Packet Send:	2302	29.2745
Packet Loss:	2295	29.2804
Packet Retrans:	2295	29.2804
Packet Loss:	2297	29.3043
Packet Loss:	2298	29.3043
Packet Loss:	2299	29.3043
Packet Retrans:	2297	29.3043
Packet Retrans:	2298	29.3044
Packet Retrans:	2299	29.3045
Packet Loss:	2301	29.3077
Packet Retrans:	2301	29.3077
Timeout:	2293	29.3254
Packet Loss:	2293	29.3254
Timeout:	2294	29.3255
Packet Loss:	2294	29.3255
Packet Send:	2303	29.3257
Packet Send:	2304	29.3258
Receive Retrans Packet:	2301	29.3362
Timeout:	2295	29.3604
Packet Loss:	2295	29.3604
Packet Send:	2305	29.3606
Packet Send:	2306	29.3607
Timeout:	2297	29.3843
Packet Loss:	2297	29.3843
Timeout:	2298	29.3844
Packet Loss:	2298	29.3844
Timeout:	2299	29.3845
Packet Loss:	2299	29.3845
Packet Send:	2307	29.3847
Packet Send:	2308	29.3848
Packet Send:	2309	29.3849
Packet Send:	2310	29.385
Packet Send:	2311	29.3851
Packet Send:	2312	29.3852
Timeout:	2303	29.4057
Packet Loss:	2303	29.4057
Packet Retrans:	2303	29.4058
Timeout:	2304	29.4058
Packet Loss:	2304	29.4058
Packet Retrans:	2304	29.4059
Packet Loss:	2305	29.4115
Packet Loss:	2306	29.4115
Packet Retrans:	2305	29.4115
Packet Retrans:	2306	29.4116
Receive Retrans Packet:	2304	29.4343
Timeout:	2308	29.4648
Packet Loss:	2308	29.4648
Packet Retrans:	2308	29.4649
Timeout:	2309	29.4649
Packet Loss:	2309	29.4649
Packet Retrans:	2309	29.465
Timeout:	2310	29.465
Packet Loss:	2310	29.465
Packet Retrans:	2310	29.4651
Timeout:	2311	29.4651
Packet Loss:	2311	29.4651
Packet Retrans:	2311	29.4652
Timeout:	2312	29.4652
Packet Loss:	2312	29.4652
Packet Retrans:	2312	29.4653
Timeout:	2303	29.4858
Packet Loss:	2303	29.4858
Packet Send:	2313	29.486
Packet Send:	2314	29.4861
Timeout:	2305	29.4915
Packet Loss:	2305	29.4915
Timeout:	2306	29.4916
Packet Loss:	2306	29.4916
Packet Send:	2315	29.4918
Packet Send:	2316	29.4919
Packet Send:	2317	29.492
Packet Loss:	2313	29.5186
Packet Loss:	2314	29.5186
Packet Retrans:	2313	29.5186
Packet Retrans:	2314	29.5187
Timeout:	2308	29.5449
Packet Loss:	2308	29.5449
Timeout:	2309	29.545
Packet Loss:	2309	29.545
Timeout:	2310	29.5451
Packet Loss:	2310	29.5451
Timeout:	2311	29.5452
Packet Loss:	2311	29.5452
Timeout:	2312	29.5453
Packet Loss:	2312	29.5453
Receive Retrans Packet:	2313	29.5454
Packet Send:	2318	29.5455
Packet Send:	2319	29.5456
Packet Send:	2320	29.5457
Packet Send:	2321	29.5458
Packet Send:	2322	29.5459
Packet Send:	2323	29.546
Timeout:	2316	29.5719
Packet Loss:	2316	29.5719
Packet Retrans:	2316	29.572
Timeout:	2317	29.572
Packet Loss:	2317	29.572
Packet Retrans:	2317	29.5721
Packet Loss:	2318	29.574
Packet Retrans:	2318	29.574
Packet Loss:	2320	29.5774
Packet Retrans:	2320	29.5774
Timeout:	2314	29.5987
Packet Loss:	2314	29.5987
Packet Send:	2324	29.5989
Packet Send:	2325	29.599
Receive Retrans Packet:	2318	29.6022
Timeout:	2322	29.6259
Packet Loss:	2322	29.6259
Packet Retrans:	2322	29.626
Timeout:	2323	29.626
Packet Loss:	2323	29.626
Packet Retrans:	2323	29.6261
Timeout:	2316	29.652
Packet Loss:	2316	29.652
Timeout:	2317	29.6521
Packet Loss:	2317	29.6521
Packet Send:	2326	29.6523
Packet Send:	2327	29.6524
Packet Send:	2328	29.6525
Packet Send:	2329	29.6526
Timeout:	2320	29.6574
Packet Loss:	2320	29.6574
Packet Send:	2330	29.6576
Packet Send:	2331	29.6577
Timeout:	2324	29.6789
Packet Loss:	2324	29.6789
Packet Retrans:	2324	29.679
Timeout:	2325	29.679
Packet Loss:	2325	29.679
Packet Loss:	2325	29.6791
Packet Retrans:	2325	29.6791
Timeout:	2322	29.706
Packet Loss:	2322	29.706
Timeout:	2323	29.7061
Packet Loss:	2323	29.7061
Packet Send:	2332	29.7063
Packet Send:	2333	29.7064
Timeout:	2328	29.7325
Packet Loss:	2328	29.7325
Packet Retrans:	2328	29.7326
Timeout:	2329	29.7326
Packet Loss:	2329	29.7326
Packet Retrans:	2329	29.7327
Packet Loss:	2330	29.7331
Packet Loss:	2331	29.7331
Packet Retrans:	2330	29.7331
Packet Retrans:	2331	29.7332
Timeout:	2324	29.759
Packet Loss:	2324	29.759
Timeout:	2325	29.7591
Packet Loss:	2325	29.7591
Packet Send:	2334	29.7593
Packet Send:	2335	29.7594
Packet Send:	2336	29.7595
Packet Send:	2337	29.7596
Receive Retrans Packet:	2330	29.7628
Receive Retrans Packet:	2331	29.7645
Packet Loss:	2333	29.7861
Packet Retrans:	2333	29.7861
Timeout:	2328	29.8126
Packet Loss:	2328	29.8126
Timeout:	2329	29.8127
Packet Loss:	2329	29.8127
Packet Send:	2338	29.8129
Packet Send:	2339	29.813
Packet Send:	2340	29.8131
Packet Send:	2341	29.8132
Packet Send:	2342	29.8133
Timeout:	2337	29.8396
Packet Loss:	2337	29.8396
Packet Retrans:	2337	29.8397
Packet Loss:	2338	29.8448
Packet Loss:	2339	29.8448
Packet Loss:	2340	29.8448
Packet Retrans:	2338	29.8448
Packet Retrans:	2339	29.8449
Packet Retrans:	2340	29.845
Timeout:	2333	29.8661
Packet Loss:	2333	29.8661
Packet Send:	2343	29.8663
Packet Send:	2344	29.8664
Packet Send:	2345	29.8665
Packet Send:	2346	29.8666
Timeout:	2342	29.8933
Packet Loss:	2342	29.8933
Packet Retrans:	2342	29.8934
Packet Loss:	2343	29.8965
Packet Loss:	2344	29.8965
Packet Retrans:	2343	29.8965
Packet Retrans:	2344	29.8966
Timeout:	2337	29.9197
Packet Loss:	2337	29.9197
Packet Send:	2347	29.9199
Timeout:	2338	29.9248
Packet Loss:	2338	29.9248
Timeout:	2339	29.9249
Packet Loss:	2339	29.9249
Timeout:	2340	29.925
Packet Loss:	2340	29.925
Packet Send:	2348	29.9252
Packet Send:	2349	29.9253
Packet Send:	2350	29.9254
Packet Send:	2351	29.9255
Timeout:	2346	29.9466
Packet Loss:	2346	29.9466
Packet Retrans:	2346	29.9467
Packet Loss:	2347	29.952
Packet Retrans:	2347	29.952
Packet Loss:	2349	29.9571
Packet Loss:	2350	29.9571
Packet Retrans:	2349	29.9571
Packet Retrans:	2350	29.9572
Timeout:	2342	29.9734
Packet Loss:	2342	29.9734
Packet Send:	2352	29.9736
Timeout:	2343	29.9765
Packet Loss:	2343	29.9765
Timeout:	2344	29.9766
Packet Loss:	2344	29.9766
Packet Send:	2353	29.9768
Packet Send:	2354	29.9769
Packet Send:	2355	29.977
Timeout:	2346	30.0267
Packet Loss:	2346	30.0267
Packet Send:	2356	30.0269
Timeout:	2347	30.032
Packet Loss:	2347	30.032
Packet Send:	2357	30.0322
Packet Send:	2358	30.0323
Timeout:	2349	30.0371
Packet Loss:	2349	30.0371
Timeout:	2350	30.0372
Packet Loss:	2350	30.0372
Packet Send:	2359	30.0374
Packet Send:	2360	30.0375
Packet Send:	2361	30.0376
Timeout:	2352	30.0536
Packet Loss:	2352	30.0536
Packet Retrans:	2352	30.0537
Timeout:	2353	30.0568
Packet Loss:	2353	30.0568
Packet Retrans:	2353	30.0569
Timeout:	2354	30.0569
Packet Loss:	2354	30.0569
Packet Retrans:	2354	30.057
Timeout:	2355	30.057
Packet Loss:	2355	30.057
Packet Retrans:	2355	30.0571
Packet Loss:	2356	30.0659
Packet Loss:	2357	30.0659
Packet Loss:	2358	30.0659
Packet Loss:	2359	30.0659
Packet Retrans:	2356	30.0659
Packet Retrans:	2357	30.066
Packet Retrans:	2358	30.0661
Packet Retrans:	2359	30.0662
Receive Retrans Packet:	2352	30.0805
Packet Send:	2362	30.0805
Receive Retrans Packet:	2356	30.0927
Receive Retrans Packet:	2358	30.0961
Packet Loss:	2361	30.1073
Packet Retrans:	2361	30.1073
Receive Retrans Packet:	2361	30.1341
Timeout:	2353	30.1369
Packet Loss:	2353	30.1369
Timeout:	2354	30.137
Packet Loss:	2354	30.137
Timeout:	2355	30.1371
Packet Loss:	2355	30.1371
Packet Send:	2363	30.1373
Packet Send:	2364	30.1374
Packet Send:	2365	30.1375
Packet Send:	2366	30.1376
Timeout:	2357	30.146
Packet Loss:	2357	30.146
Packet Send:	2367	30.1462
Timeout:	2359	30.1462
Packet Loss:	2359	30.1462
Packet Send:	2368	30.1464
Packet Send:	2369	30.1465
Packet Send:	2370	30.1466
Packet Send:	2371	30.1467
Packet Send:	2372	30.1468
Packet Loss:	2363	30.173
Packet Loss:	2364	30.173
Packet Loss:	2365	30.173
Packet Loss:	2366	30.173
Packet Retrans:	2363	30.173
Packet Retrans:	2364	30.1731
Packet Retrans:	2365	30.1732
Packet Retrans:	2366	30.1733
Packet Loss:	2368	30.1798
Packet Loss:	2369	30.1798
Packet Loss:	2370	30.1798
Packet Retrans:	2368	30.1798
Packet Retrans:	2369	30.1799
Packet Retrans:	2370	30.18
Receive Retrans Packet:	2365	30.2032
Receive Retrans Packet:	2366	30.2049
Receive Retrans Packet:	2370	30.21
Timeout:	2372	30.2268
Packet Loss:	2372	30.2268
Packet Retrans:	2372	30.2269
Timeout:	2363	30.253
Packet Loss:	2363	30.253
Timeout:	2364	30.2531
Packet Loss:	2364	30.2531
Packet Send:	2373	30.2533
Packet Send:	2374	30.2534
Packet Send:	2375	30.2535
Packet Send:	2376	30.2536
Packet Send:	2377	30.2537
Timeout:	2368	30.2598
Packet Loss:	2368	30.2598
Timeout:	2369	30.2599
Packet Loss:	2369	30.2599
Packet Send:	2378	30.2601
Packet Send:	2379	30.2602
Packet Send:	2380	30.2603
Packet Send:	2381	30.2604
Packet Loss:	2373	30.2852
Packet Loss:	2374	30.2852
Packet Loss:	2375	30.2852
Packet Retrans:	2373	30.2852
Packet Retrans:	2374	30.2853
Packet Retrans:	2375	30.2854
Timeout:	2372	30.3069
Packet Loss:	2372	30.3069
Packet Send:	2382	30.3071
Receive Retrans Packet:	2373	30.312
Packet Send:	2383	30.312
Receive Retrans Packet:	2374	30.3137
Packet Send:	2384	30.3137
Timeout:	2377	30.3337
Packet Loss:	2377	30.3337
Packet Retrans:	2377	30.3338
Timeout:	2378	30.3401
Packet Loss:	2378	30.3401
Packet Retrans:	2378	30.3402
Timeout:	2379	30.3402
Packet Loss:	2379	30.3402
Packet Retrans:	2379	30.3403
Timeout:	2380	30.3403
Packet Loss:	2380	30.3403
Packet Retrans:	2380	30.3404
Timeout:	2381	30.3404
Packet Loss:	2381	30.3404
Packet Retrans:	2381	30.3405
Timeout:	2375	30.3654
Packet Loss:	2375	30.3654
Packet Send:	2385	30.3656
Packet Send:	2386	30.3657
Timeout:	2382	30.3871
Packet Loss:	2382	30.3871
Packet Retrans:	2382	30.3872
Timeout:	2383	30.392
Packet Loss:	2383	30.392
Packet Retrans:	2383	30.3921
Timeout:	2384	30.3937
Packet Loss:	2384	30.3937
Packet Retrans:	2384	30.3938
Timeout:	2377	30.4138
Packet Loss:	2377	30.4138
Packet Send:	2387	30.414
Packet Send:	2388	30.4141
Timeout:	2379	30.4203
Packet Loss:	2379	30.4203
Timeout:	2380	30.4204
Packet Loss:	2380	30.4204
Timeout:	2381	30.4205
Packet Loss:	2381	30.4205
Packet Send:	2389	30.4207
Packet Send:	2390	30.4208
Packet Send:	2391	30.4209
Timeout:	2385	30.4456
Packet Loss:	2385	30.4456
Packet Retrans:	2385	30.4457
Timeout:	2386	30.4457
Packet Loss:	2386	30.4457
Packet Retrans:	2386	30.4458
Timeout:	2382	30.4672
Packet Loss:	2382	30.4672
Packet Send:	2392	30.4674
Timeout:	2383	30.4721
Packet Loss:	2383	30.4721
Packet Send:	2393	30.4723
Timeout:	2384	30.4738
Packet Loss:	2384	30.4738
Packet Send:	2394	30.474
Packet Loss:	2387	30.4763
Packet Loss:	2388	30.4763
Packet Loss:	2389	30.4763
Packet Retrans:	2387	30.4764
Packet Retrans:	2388	30.4765
Packet Retrans:	2389	30.4766
Timeout:	2391	30.5009
Packet Loss:	2391	30.5009
Packet Retrans:	2391	30.501
Timeout:	2385	30.5257
Packet Loss:	2385	30.5257
Timeout:	2386	30.5258
Packet Loss:	2386	30.5258
Packet Send:	2395	30.526
Packet Send:	2396	30.5261
Receive Retrans Packet:	2385	30.5317
Timeout:	2392	30.5474
Packet Loss:	2392	30.5474
Packet Retrans:	2392	30.5475
Timeout:	2393	30.5523
Packet Loss:	2393	30.5523
Packet Retrans:	2393	30.5524
Timeout:	2394	30.554
Packet Loss:	2394	30.554
Packet Retrans:	2394	30.5541
Timeout:	2387	30.5564
Packet Loss:	2387	30.5564
Timeout:	2388	30.5565
Packet Loss:	2388	30.5565
Timeout:	2389	30.5566
Packet Loss:	2389	30.5566
Packet Send:	2397	30.5568
Packet Send:	2398	30.5569
Packet Send:	2399	30.557
Packet Send:	2400	30.5571
Timeout:	2391	30.581
Packet Loss:	2391	30.581
Packet Send:	2401	30.5812
Timeout:	2395	30.606
Packet Loss:	2395	30.606
Packet Retrans:	2395	30.6061
Timeout:	2396	30.6061
Packet Loss:	2396	30.6061
Packet Retrans:	2396	30.6062
Timeout:	2392	30.6275
Packet Loss:	2392	30.6275
Packet Send:	2402	30.6277
Packet Send:	2403	30.6278
Packet Send:	2404	30.6279
Timeout:	2397	30.6368
Packet Loss:	2397	30.6368
Packet Retrans:	2397	30.6369
Timeout:	2398	30.6369
Packet Loss:	2398	30.6369
Packet Retrans:	2398	30.637
Timeout:	2399	30.637
Packet Loss:	2399	30.637
Packet Retrans:	2399	30.6371
Timeout:	2400	30.6371
Packet Loss:	2400	30.6371
Packet Retrans:	2400	30.6372
Timeout:	2401	30.6612
Packet Loss:	2401	30.6612
Packet Retrans:	2401	30.6613
Timeout:	2395	30.6861
Packet Loss:	2395	30.6861
Timeout:	2396	30.6862
Packet Loss:	2396	30.6862
Packet Send:	2405	30.6864
Packet Send:	2406	30.6865
Timeout:	2402	30.7077
Packet Loss:	2402	30.7077
Packet Retrans:	2402	30.7078
Timeout:	2403	30.7078
Packet Loss:	2403	30.7078
Packet Retrans:	2403	30.7079
Timeout:	2404	30.7079
Packet Loss:	2404	30.7079
Packet Retrans:	2404	30.708
Timeout:	2397	30.7169
Packet Loss:	2397	30.7169
Timeout:	2398	30.717
Packet Loss:	2398	30.717
Timeout:	2399	30.7171
Packet Loss:	2399	30.7171
Timeout:	2400	30.7172
Packet Loss:	2400	30.7172
Packet Send:	2407	30.7174
Packet Send:	2408	30.7175
Packet Send:	2409	30.7176
Packet Send:	2410	30.7177
Timeout:	2401	30.7413
Packet Loss:	2401	30.7413
Packet Send:	2411	30.7415
Receive Retrans Packet:	2392	30.7663
Timeout:	2405	30.7664
Packet Loss:	2405	30.7664
Packet Retrans:	2405	30.7665
Timeout:	2406	30.7665
Packet Loss:	2406	30.7665
Packet Retrans:	2406	30.7666
Timeout:	2402	30.7878
Packet Loss:	2402	30.7878
Timeout:	2403	30.7879
Packet Loss:	2403	30.7879
Timeout:	2404	30.788
Packet Loss:	2404	30.788
Packet Send:	2412	30.7882
Packet Send:	2413	30.7883
Packet Send:	2414	30.7884
Timeout:	2407	30.7974
Packet Loss:	2407	30.7974
Packet Retrans:	2407	30.7975
Timeout:	2408	30.7975
Packet Loss:	2408	30.7975
Packet Retrans:	2408	30.7976
Timeout:	2409	30.7976
Packet Loss:	2409	30.7976
Packet Retrans:	2409	30.7977
Timeout:	2410	30.7977
Packet Loss:	2410	30.7977
Packet Retrans:	2410	30.7978
Timeout:	2411	30.8215
Packet Loss:	2411	30.8215
Packet Retrans:	2411	30.8216
Timeout:	2405	30.8465
Packet Loss:	2405	30.8465
Timeout:	2406	30.8466
Packet Loss:	2406	30.8466
Packet Send:	2415	30.8468
Packet Send:	2416	30.8469
Timeout:	2412	30.8682
Packet Loss:	2412	30.8682
Packet Retrans:	2412	30.8683
Timeout:	2413	30.8683
Packet Loss:	2413	30.8683
Packet Retrans:	2413	30.8684
Timeout:	2414	30.8684
Packet Loss:	2414	30.8684
Packet Retrans:	2414	30.8685
Timeout:	2407	30.8775
Packet Loss:	2407	30.8775
Timeout:	2408	30.8776
Packet Loss:	2408	30.8776
Timeout:	2409	30.8777
Packet Loss:	2409	30.8777
Timeout:	2410	30.8778
Packet Loss:	2410	30.8778
Packet Send:	2417	30.878
Packet Send:	2418	30.8781
Packet Send:	2419	30.8782
Packet Send:	2420	30.8783
Timeout:	2411	30.9016
Packet Loss:	2411	30.9016
Packet Send:	2421	30.9018
Receive Retrans Packet:	2395	30.9039
Timeout:	2415	30.9268
Packet Loss:	2415	30.9268
Packet Retrans:	2415	30.9269
Timeout:	2416	30.9269
Packet Loss:	2416	30.9269
Packet Retrans:	2416	30.927
Timeout:	2412	30.9483
Packet Loss:	2412	30.9483
Timeout:	2413	30.9484
Packet Loss:	2413	30.9484
Timeout:	2414	30.9485
Packet Loss:	2414	30.9485
Packet Send:	2422	30.9487
Packet Send:	2423	30.9488
Packet Send:	2424	30.9489
Timeout:	2417	30.958
Packet Loss:	2417	30.958
Packet Retrans:	2417	30.9581
Timeout:	2418	30.9581
Packet Loss:	2418	30.9581
Packet Retrans:	2418	30.9582
Timeout:	2419	30.9582
Packet Loss:	2419	30.9582
Packet Retrans:	2419	30.9583
Timeout:	2420	30.9583
Packet Loss:	2420	30.9583
Packet Retrans:	2420	30.9584
Timeout:	2421	30.9818
Packet Loss:	2421	30.9818
Packet Retrans:	2421	30.9819
Receive Retrans Packet:	2400	30.9833
Timeout:	2415	31.0069
Packet Loss:	2415	31.0069
Timeout:	2416	31.007
Packet Loss:	2416	31.007
Packet Send:	2425	31.0072
Packet Send:	2426	31.0073
Timeout:	2422	31.0287
Packet Loss:	2422	31.0287
Packet Retrans:	2422	31.0288
Timeout:	2423	31.0288
Packet Loss:	2423	31.0288
Packet Retrans:	2423	31.0289
Timeout:	2424	31.0289
Packet Loss:	2424	31.0289
Packet Retrans:	2424	31.029
Timeout:	2417	31.0381
Packet Loss:	2417	31.0381
Timeout:	2418	31.0382
Packet Loss:	2418	31.0382
Timeout:	2419	31.0383
Packet Loss:	2419	31.0383
Timeout:	2420	31.0384
Packet Loss:	2420	31.0384
Packet Send:	2427	31.0386
Packet Send:	2428	31.0387
Packet Send:	2429	31.0388
Packet Send:	2430	31.0389
Timeout:	2421	31.0619
Packet Loss:	2421	31.0619
Packet Send:	2431	31.0621
Timeout:	2425	31.0872
Packet Loss:	2425	31.0872
Packet Retrans:	2425	31.0873
Timeout:	2426	31.0873
Packet Loss:	2426	31.0873
Packet Retrans:	2426	31.0874
Timeout:	2422	31.1088
Packet Loss:	2422	31.1088
Timeout:	2423	31.1089
Packet Loss:	2423	31.1089
Timeout:	2424	31.109
Packet Loss:	2424	31.109
Packet Send:	2432	31.1092
Packet Send:	2433	31.1093
Packet Send:	2434	31.1094
Timeout:	2427	31.1186
Packet Loss:	2427	31.1186
Packet Retrans:	2427	31.1187
Timeout:	2428	31.1187
Packet Loss:	2428	31.1187
Packet Retrans:	2428	31.1188
Timeout:	2429	31.1188
Packet Loss:	2429	31.1188
Packet Retrans:	2429	31.1189
Timeout:	2430	31.1189
Packet Loss:	2430	31.1189
Packet Retrans:	2430	31.119
Receive Retrans Packet:	2403	31.1244
Receive Retrans Packet:	2404	31.1261
Timeout:	2431	31.1421
Packet Loss:	2431	31.1421
Packet Retrans:	2431	31.1422
Receive Retrans Packet:	2408	31.1465
Receive Retrans Packet:	2413	31.1583
Receive Retrans Packet:	2414	31.16
Timeout:	2425	31.1673
Packet Loss:	2425	31.1673
Timeout:	2426	31.1674
Packet Loss:	2426	31.1674
Packet Send:	2435	31.1676
Packet Send:	2436	31.1677
Timeout:	2432	31.1892
Packet Loss:	2432	31.1892
Packet Retrans:	2432	31.1893
Timeout:	2433	31.1893
Packet Loss:	2433	31.1893
Packet Retrans:	2433	31.1894
Timeout:	2434	31.1894
Packet Loss:	2434	31.1894
Packet Retrans:	2434	31.1895
Timeout:	2427	31.1987
Packet Loss:	2427	31.1987
Timeout:	2428	31.1988
Packet Loss:	2428	31.1988
Timeout:	2429	31.1989
Packet Loss:	2429	31.1989
Timeout:	2430	31.199
Packet Loss:	2430	31.199
Packet Send:	2437	31.1992
Packet Send:	2438	31.1993
Packet Send:	2439	31.1994
Packet Send:	2440	31.1995
Receive Retrans Packet:	2427	31.2125
Receive Retrans Packet:	2429	31.2159
Timeout:	2431	31.2222
Packet Loss:	2431	31.2222
Packet Send:	2441	31.2224
Packet Send:	2442	31.2225
Packet Loss:	2435	31.2294
Packet Loss:	2436	31.2294
Packet Retrans:	2435	31.2295
Packet Retrans:	2436	31.2296
Packet Loss:	2438	31.2492
Packet Loss:	2439	31.2492
Packet Loss:	2440	31.2492
Packet Retrans:	2438	31.2492
Packet Retrans:	2439	31.2493
Packet Retrans:	2440	31.2494
Timeout:	2433	31.2694
Packet Loss:	2433	31.2694
Timeout:	2434	31.2695
Packet Loss:	2434	31.2695
Packet Send:	2443	31.2697
Packet Send:	2444	31.2698
Receive Retrans Packet:	2438	31.276
Timeout:	2442	31.3025
Packet Loss:	2442	31.3025
Packet Retrans:	2442	31.3026
Timeout:	2435	31.3095
Packet Loss:	2435	31.3095
Timeout:	2436	31.3096
Packet Loss:	2436	31.3096
Packet Send:	2445	31.3098
Packet Send:	2446	31.3099
Packet Send:	2447	31.31
Packet Send:	2448	31.3101
Timeout:	2439	31.3293
Packet Loss:	2439	31.3293
Timeout:	2440	31.3294
Packet Loss:	2440	31.3294
Packet Send:	2449	31.3296
Packet Send:	2450	31.3297
Packet Send:	2451	31.3298
Packet Loss:	2443	31.3416
Packet Loss:	2444	31.3416
Packet Loss:	2445	31.3416
Packet Loss:	2446	31.3416
Packet Loss:	2447	31.3416
Packet Retrans:	2443	31.3417
Packet Retrans:	2444	31.3418
Packet Retrans:	2445	31.3419
Packet Retrans:	2446	31.342
Packet Retrans:	2447	31.3421
Receive Retrans Packet:	2443	31.3685
Receive Retrans Packet:	2447	31.3752
Timeout:	2442	31.3826
Packet Loss:	2442	31.3826
Packet Send:	2452	31.3828
Packet Send:	2453	31.3829
Timeout:	2444	31.4218
Packet Loss:	2444	31.4218
Timeout:	2445	31.4219
Packet Loss:	2445	31.4219
Timeout:	2446	31.422
Packet Loss:	2446	31.422
Packet Send:	2454	31.4222
Packet Send:	2455	31.4223
Packet Send:	2456	31.4224
Packet Send:	2457	31.4225
Packet Send:	2458	31.4226
Packet Send:	2459	31.4227
Packet Send:	2460	31.4228
Packet Send:	2461	31.4229
Packet Send:	2462	31.423
Packet Loss:	2453	31.4507
Packet Loss:	2454	31.4507
Packet Retrans:	2453	31.4507
Packet Retrans:	2454	31.4508
Packet Loss:	2456	31.4557
Packet Loss:	2457	31.4557
Packet Retrans:	2456	31.4558
Packet Retrans:	2457	31.4559
Receive Retrans Packet:	2454	31.4792
Receive Retrans Packet:	2456	31.4826
Timeout:	2460	31.5028
Packet Loss:	2460	31.5028
Packet Retrans:	2460	31.5029
Timeout:	2461	31.5029
Packet Loss:	2461	31.5029
Packet Retrans:	2461	31.503
Timeout:	2462	31.503
Packet Loss:	2462	31.503
Packet Retrans:	2462	31.5031
Timeout:	2453	31.5307
Packet Loss:	2453	31.5307
Packet Send:	2463	31.5309
Packet Send:	2464	31.531
Packet Send:	2465	31.5311
Packet Send:	2466	31.5312
Timeout:	2457	31.5359
Packet Loss:	2457	31.5359
Packet Send:	2467	31.5361
Packet Send:	2468	31.5362
Packet Send:	2469	31.5363
Packet Loss:	2463	31.5644
Packet Loss:	2464	31.5644
Packet Loss:	2465	31.5644
Packet Loss:	2466	31.5644
Packet Retrans:	2463	31.5645
Packet Retrans:	2464	31.5646
Packet Retrans:	2465	31.5647
Packet Retrans:	2466	31.5648
Packet Loss:	2468	31.5678
Packet Retrans:	2468	31.5679
Timeout:	2460	31.5829
Packet Loss:	2460	31.5829
Timeout:	2461	31.583
Packet Loss:	2461	31.583
Timeout:	2462	31.5831
Packet Loss:	2462	31.5831
Packet Send:	2470	31.5833
Packet Send:	2471	31.5834
Packet Send:	2472	31.5835
Receive Retrans Packet:	2464	31.593
Receive Retrans Packet:	2465	31.5947
Receive Retrans Packet:	2466	31.5963
Timeout:	2463	31.6445
Packet Loss:	2463	31.6445
Packet Send:	2473	31.6447
Packet Send:	2474	31.6448
Packet Send:	2475	31.6449
Packet Send:	2476	31.645
Packet Send:	2477	31.6451
Timeout:	2468	31.6479
Packet Loss:	2468	31.6479
Packet Send:	2478	31.6481
Packet Send:	2479	31.6482
Timeout:	2470	31.6633
Packet Loss:	2470	31.6633
Packet Retrans:	2470	31.6634
Timeout:	2471	31.6634
Packet Loss:	2471	31.6634
Packet Retrans:	2471	31.6635
Timeout:	2472	31.6635
Packet Loss:	2472	31.6635
Packet Retrans:	2472	31.6636
Packet Loss:	2473	31.6816
Packet Loss:	2474	31.6816
Packet Loss:	2475	31.6816
Packet Loss:	2476	31.6816
Packet Loss:	2477	31.6816
Packet Loss:	2478	31.6816
Packet Retrans:	2473	31.6817
Packet Retrans:	2474	31.6818
Packet Retrans:	2475	31.6819
Packet Retrans:	2476	31.682
Packet Retrans:	2477	31.6821
Packet Retrans:	2478	31.6822
Receive Retrans Packet:	2471	31.6919
Receive Retrans Packet:	2476	31.7135
Timeout:	2470	31.7434
Packet Loss:	2470	31.7434
Packet Send:	2480	31.7436
Timeout:	2472	31.7436
Packet Loss:	2472	31.7436
Packet Send:	2481	31.7438
Packet Send:	2482	31.7439
Timeout:	2473	31.7617
Packet Loss:	2473	31.7617
Timeout:	2474	31.7618
Packet Loss:	2474	31.7618
Timeout:	2475	31.7619
Packet Loss:	2475	31.7619
Packet Send:	2483	31.7621
Timeout:	2477	31.7621
Packet Loss:	2477	31.7621
Timeout:	2478	31.7622
Packet Loss:	2478	31.7622
Packet Send:	2484	31.7624
Packet Send:	2485	31.7625
Packet Send:	2486	31.7626
Packet Send:	2487	31.7627
Packet Send:	2488	31.7628
Packet Send:	2489	31.7629
Packet Loss:	2480	31.7889
Packet Loss:	2481	31.7889
Packet Loss:	2482	31.7889
Packet Retrans:	2480	31.7889
Packet Retrans:	2481	31.789
Packet Retrans:	2482	31.7891
Packet Loss:	2484	31.7973
Packet Loss:	2485	31.7973
Packet Loss:	2486	31.7973
Packet Loss:	2487	31.7973
Packet Retrans:	2484	31.7974
Packet Retrans:	2485	31.7975
Packet Retrans:	2486	31.7976
Packet Retrans:	2487	31.7977
Receive Retrans Packet:	2480	31.8157
Packet Send:	2490	31.8157
Receive Retrans Packet:	2485	31.8259
Receive Retrans Packet:	2486	31.8275
Timeout:	2481	31.869
Packet Loss:	2481	31.869
Timeout:	2482	31.8691
Packet Loss:	2482	31.8691
Packet Send:	2491	31.8693
Packet Send:	2492	31.8694
Packet Send:	2493	31.8695
Timeout:	2484	31.8774
Packet Loss:	2484	31.8774
Packet Send:	2494	31.8776
Packet Send:	2495	31.8777
Timeout:	2487	31.8777
Packet Loss:	2487	31.8777
Packet Send:	2496	31.8779
Packet Send:	2497	31.878
Packet Send:	2498	31.8781
Packet Send:	2499	31.8782
Timeout:	2490	31.8957
Packet Loss:	2490	31.8957
Packet Retrans:	2490	31.8958
Packet Loss:	2492	31.9044
Packet Loss:	2493	31.9044
Packet Retrans:	2492	31.9044
Packet Retrans:	2493	31.9045
Packet Loss:	2497	31.9128
Packet Loss:	2498	31.9128
Packet Retrans:	2497	31.9129
Packet Retrans:	2498	31.913
Receive Retrans Packet:	2493	31.9329
Receive Retrans Packet:	2497	31.9397
Receive Retrans Packet:	2498	31.9414
Timeout:	2490	31.9758
Packet Loss:	2490	31.9758
Packet Send:	2500	31.976
Packet Send:	2501	31.9761
Timeout:	2492	31.9844
Packet Loss:	2492	31.9844
Packet Send:	2502	31.9846
Packet Send:	2503	31.9847
Packet Send:	2504	31.9848
Packet Send:	2505	31.9849
Packet Send:	2506	31.985
Packet Send:	2507	31.9851
Packet Send:	2508	31.9852
Packet Send:	2509	31.9853
Packet Loss:	2500	32.0045
Packet Retrans:	2500	32.0045
Packet Loss:	2502	32.0147
Packet Loss:	2503	32.0147
Packet Retrans:	2502	32.0148
Packet Retrans:	2503	32.0149
Packet Loss:	2505	32.0198
Packet Loss:	2506	32.0198
Packet Retrans:	2505	32.0199
Packet Retrans:	2506	32.02
Packet Loss:	2508	32.0232
Packet Retrans:	2508	32.0233
Receive Retrans Packet:	2503	32.0433
Timeout:	2500	32.0845
Packet Loss:	2500	32.0845
Packet Send:	2510	32.0847
Packet Send:	2511	32.0848
Timeout:	2502	32.0948
Packet Loss:	2502	32.0948
Packet Send:	2512	32.095
Packet Send:	2513	32.0951
Packet Send:	2514	32.0952
Timeout:	2505	32.0999
Packet Loss:	2505	32.0999
Timeout:	2506	32.1
Packet Loss:	2506	32.1
Packet Send:	2515	32.1002
Packet Send:	2516	32.1003
Packet Send:	2517	32.1004
Timeout:	2508	32.1033
Packet Loss:	2508	32.1033
Packet Send:	2518	32.1035
Packet Send:	2519	32.1036
Packet Send:	2520	32.1115
Packet Send:	2521	32.1132
Packet Loss:	2512	32.1251
Packet Loss:	2513	32.1251
Packet Retrans:	2512	32.1252
Packet Retrans:	2513	32.1253
Packet Loss:	2515	32.132
Packet Loss:	2516	32.132
Packet Loss:	2517	32.132
Packet Retrans:	2515	32.1321
Packet Retrans:	2516	32.1322
Packet Retrans:	2517	32.1323
Receive Retrans Packet:	2516	32.1606
Receive Retrans Packet:	2517	32.1622
Timeout:	2519	32.1836
Packet Loss:	2519	32.1836
Packet Retrans:	2519	32.1837
Timeout:	2520	32.1915
Packet Loss:	2520	32.1915
Packet Retrans:	2520	32.1916
Timeout:	2521	32.1932
Packet Loss:	2521	32.1932
Packet Retrans:	2521	32.1933
Timeout:	2512	32.2052
Packet Loss:	2512	32.2052
Timeout:	2513	32.2053
Packet Loss:	2513	32.2053
Packet Send:	2522	32.2055
Packet Send:	2523	32.2056
Packet Send:	2524	32.2057
Timeout:	2515	32.2121
Packet Loss:	2515	32.2121
Packet Send:	2525	32.2123
Packet Send:	2526	32.2124
Packet Send:	2527	32.2125
Packet Send:	2528	32.2126
Packet Loss:	2522	32.2408
Packet Loss:	2523	32.2408
Packet Loss:	2524	32.2408
Packet Loss:	2525	32.2408
Packet Retrans:	2522	32.2408
Packet Retrans:	2523	32.2409
Packet Retrans:	2524	32.241
Packet Retrans:	2525	32.2411
Timeout:	2519	32.2637
Packet Loss:	2519	32.2637
Packet Send:	2529	32.2639
Timeout:	2520	32.2716
Packet Loss:	2520	32.2716
Packet Send:	2530	32.2718
Receive Retrans Packet:	2525	32.2726
Timeout:	2521	32.2733
Packet Loss:	2521	32.2733
Packet Send:	2531	32.2735
Timeout:	2527	32.2925
Packet Loss:	2527	32.2925
Packet Retrans:	2527	32.2926
Timeout:	2528	32.2926
Packet Loss:	2528	32.2926
Packet Retrans:	2528	32.2927
Packet Loss:	2529	32.2986
Packet Retrans:	2529	32.2986
Receive Retrans Packet:	2527	32.3194
Timeout:	2522	32.3208
Packet Loss:	2522	32.3208
Timeout:	2523	32.3209
Packet Loss:	2523	32.3209
Timeout:	2524	32.321
Packet Loss:	2524	32.321
Packet Send:	2532	32.3212
Packet Send:	2533	32.3213
Packet Send:	2534	32.3214
Packet Send:	2535	32.3215
Packet Send:	2536	32.3216
Packet Send:	2537	32.3217
Packet Loss:	2531	32.348
Packet Retrans:	2531	32.348
Packet Loss:	2534	32.3564
Packet Loss:	2535	32.3564
Packet Loss:	2536	32.3564
Packet Retrans:	2534	32.3565
Packet Retrans:	2535	32.3566
Packet Retrans:	2536	32.3567
Timeout:	2528	32.3727
Packet Loss:	2528	32.3727
Packet Send:	2538	32.3729
Timeout:	2529	32.3786
Packet Loss:	2529	32.3786
Packet Send:	2539	32.3788
Packet Send:	2540	32.3789
Receive Retrans Packet:	2536	32.3866
Packet Loss:	2538	32.4073
Packet Loss:	2539	32.4073
Packet Retrans:	2538	32.4073
Packet Retrans:	2539	32.4074
Timeout:	2531	32.428
Packet Loss:	2531	32.428
Packet Send:	2541	32.4282
Packet Send:	2542	32.4283
Packet Send:	2543	32.4284
Receive Retrans Packet:	2539	32.4357
Timeout:	2534	32.4365
Packet Loss:	2534	32.4365
Timeout:	2535	32.4366
Packet Loss:	2535	32.4366
Packet Send:	2544	32.4368
Packet Send:	2545	32.4369
Packet Send:	2546	32.437
Packet Send:	2547	32.4371
Packet Loss:	2541	32.4583
Packet Loss:	2542	32.4583
Packet Retrans:	2541	32.4584
Packet Retrans:	2542	32.4585
Packet Loss:	2544	32.4669
Packet Loss:	2545	32.4669
Packet Retrans:	2544	32.467
Packet Retrans:	2545	32.4671
Receive Retrans Packet:	2542	32.4868
Timeout:	2538	32.4873
Packet Loss:	2538	32.4873
Packet Send:	2548	32.4875
Packet Send:	2549	32.4876
Packet Send:	2550	32.4877
Receive Retrans Packet:	2545	32.4954
Packet Loss:	2547	32.5159
Packet Loss:	2548	32.5159
Packet Retrans:	2547	32.516
Packet Retrans:	2548	32.5161
Timeout:	2541	32.5384
Packet Loss:	2541	32.5384
Packet Send:	2551	32.5386
Packet Send:	2552	32.5387
Packet Send:	2553	32.5388
Timeout:	2544	32.547
Packet Loss:	2544	32.547
Packet Send:	2554	32.5472
Packet Send:	2555	32.5473
Packet Send:	2556	32.5474
Packet Loss:	2551	32.5756
Packet Loss:	2552	32.5756
Packet Loss:	2553	32.5756
Packet Loss:	2554	32.5756
Packet Retrans:	2551	32.5757
Packet Retrans:	2552	32.5758
Packet Retrans:	2553	32.5759
Packet Retrans:	2554	32.576
Timeout:	2547	32.596
Packet Loss:	2547	32.596
Timeout:	2548	32.5961
Packet Loss:	2548	32.5961
Packet Send:	2557	32.5963
Packet Send:	2558	32.5964
Packet Send:	2559	32.5965
Packet Send:	2560	32.5966
Receive Retrans Packet:	2553	32.6058
Packet Loss:	2558	32.6281
Packet Loss:	2559	32.6281
Packet Retrans:	2558	32.6282
Packet Retrans:	2559	32.6283
Receive Retrans Packet:	2558	32.655
Timeout:	2551	32.6557
Packet Loss:	2551	32.6557
Timeout:	2552	32.6558
Packet Loss:	2552	32.6558
Packet Send:	2561	32.656
Timeout:	2554	32.656
Packet Loss:	2554	32.656
Packet Send:	2562	32.6562
Packet Send:	2563	32.6563
Packet Send:	2564	32.6564
Packet Send:	2565	32.6565
Packet Send:	2566	32.6566
Receive Retrans Packet:	2559	32.6566
Packet Send:	2567	32.6567
Packet Send:	2568	32.6568
Packet Send:	2569	32.6569
Packet Send:	2570	32.657
Packet Loss:	2561	32.6844
Packet Retrans:	2561	32.6845
Packet Loss:	2563	32.6963
Packet Loss:	2564	32.6963
Packet Loss:	2565	32.6963
Packet Loss:	2566	32.6963
Packet Loss:	2567	32.6963
Packet Loss:	2568	32.6963
Packet Retrans:	2563	32.6964
Packet Retrans:	2564	32.6965
Packet Retrans:	2565	32.6966
Packet Retrans:	2566	32.6967
Packet Retrans:	2567	32.6968
Packet Retrans:	2568	32.6969
Receive Retrans Packet:	2564	32.7248
Receive Retrans Packet:	2565	32.7265
Receive Retrans Packet:	2568	32.7316
Timeout:	2570	32.737
Packet Loss:	2570	32.737
Packet Retrans:	2570	32.7371
Timeout:	2561	32.7645
Packet Loss:	2561	32.7645
Packet Send:	2571	32.7647
Packet Send:	2572	32.7648
Timeout:	2563	32.7764
Packet Loss:	2563	32.7764
Packet Send:	2573	32.7766
Packet Send:	2574	32.7767
Timeout:	2566	32.7767
Packet Loss:	2566	32.7767
Timeout:	2567	32.7768
Packet Loss:	2567	32.7768
Packet Send:	2575	32.777
Packet Send:	2576	32.7771
Packet Send:	2577	32.7772
Packet Send:	2578	32.7773
Packet Send:	2579	32.7774
Packet Send:	2580	32.7775
Packet Loss:	2571	32.8135
Packet Loss:	2572	32.8135
Packet Loss:	2573	32.8135
Packet Loss:	2574	32.8135
Packet Loss:	2575	32.8135
Packet Loss:	2576	32.8135
Packet Loss:	2577	32.8135
Packet Loss:	2578	32.8135
Packet Retrans:	2571	32.8136
Packet Retrans:	2572	32.8137
Packet Retrans:	2573	32.8138
Packet Retrans:	2574	32.8139
Packet Retrans:	2575	32.814
Packet Retrans:	2576	32.8141
Packet Retrans:	2577	32.8142
Packet Retrans:	2578	32.8143
Receive Retrans Packet:	2574	32.8454
Receive Retrans Packet:	2576	32.8488
Timeout:	2580	32.8575
Packet Loss:	2580	32.8575
Packet Retrans:	2580	32.8576
Timeout:	2571	32.8936
Packet Loss:	2571	32.8936
Timeout:	2572	32.8937
Packet Loss:	2572	32.8937
Timeout:	2573	32.8938
Packet Loss:	2573	32.8938
Packet Send:	2581	32.894
Timeout:	2575	32.894
Packet Loss:	2575	32.894
Packet Send:	2582	32.8942
Timeout:	2577	32.8942
Packet Loss:	2577	32.8942
Timeout:	2578	32.8943
Packet Loss:	2578	32.8943
Packet Send:	2583	32.8945
Packet Send:	2584	32.8946
Packet Send:	2585	32.8947
Packet Send:	2586	32.8948
Packet Send:	2587	32.8949
Packet Send:	2588	32.895
Packet Send:	2589	32.8951
Packet Loss:	2582	32.9275
Packet Loss:	2583	32.9275
Packet Loss:	2584	32.9275
Packet Retrans:	2582	32.9276
Packet Retrans:	2583	32.9277
Packet Retrans:	2584	32.9278
Packet Loss:	2586	32.9326
Packet Loss:	2587	32.9326
Packet Retrans:	2586	32.9327
Packet Retrans:	2587	32.9328
Timeout:	2580	32.9376
Packet Loss:	2580	32.9376
Packet Send:	2590	32.9378
Packet Send:	2591	32.9379
Receive Retrans Packet:	2586	32.9595
Receive Retrans Packet:	2587	32.9611
Packet Loss:	2589	32.9662
Packet Loss:	2590	32.9662
Packet Retrans:	2589	32.9663
Packet Retrans:	2590	32.9664
Timeout:	2582	33.0076
Packet Loss:	2582	33.0076
Timeout:	2583	33.0077
Packet Loss:	2583	33.0077
Timeout:	2584	33.0078
Packet Loss:	2584	33.0078
Packet Send:	2592	33.008
Packet Send:	2593	33.0081
Packet Send:	2594	33.0082
Packet Send:	2595	33.0083
Packet Send:	2596	33.0084
Packet Send:	2597	33.0085
Packet Send:	2598	33.0086
Packet Loss:	2593	33.0432
Packet Loss:	2594	33.0432
Packet Loss:	2595	33.0432
Packet Loss:	2596	33.0432
Packet Retrans:	2593	33.0433
Packet Retrans:	2594	33.0434
Packet Retrans:	2595	33.0435
Packet Retrans:	2596	33.0436
Timeout:	2589	33.0463
Packet Loss:	2589	33.0463
Timeout:	2590	33.0464
Packet Loss:	2590	33.0464
Packet Send:	2599	33.0466
Packet Send:	2600	33.0467
Packet Send:	2601	33.0468
Packet Send:	2602	33.0469
Receive Retrans Packet:	2594	33.0717
Packet Loss:	2598	33.0802
Packet Loss:	2599	33.0802
Packet Loss:	2600	33.0802
Packet Retrans:	2598	33.0803
Packet Retrans:	2599	33.0804
Packet Retrans:	2600	33.0805
Receive Retrans Packet:	2598	33.1071
Receive Retrans Packet:	2600	33.1104
Timeout:	2593	33.1233
Packet Loss:	2593	33.1233
Packet Send:	2603	33.1235
Timeout:	2595	33.1235
Packet Loss:	2595	33.1235
Timeout:	2596	33.1236
Packet Loss:	2596	33.1236
Packet Send:	2604	33.1238
Packet Send:	2605	33.1239
Packet Send:	2606	33.124
Packet Send:	2607	33.1241
Packet Send:	2608	33.1242
Timeout:	2599	33.1604
Packet Loss:	2599	33.1604
Packet Send:	2609	33.1606
Packet Send:	2610	33.1607
Packet Send:	2611	33.1608
Packet Send:	2612	33.1609
Timeout:	2603	33.2035
Packet Loss:	2603	33.2035
Packet Retrans:	2603	33.2036
Timeout:	2604	33.2038
Packet Loss:	2604	33.2038
Packet Retrans:	2604	33.2039
Timeout:	2605	33.2039
Packet Loss:	2605	33.2039
Packet Retrans:	2605	33.204
Timeout:	2606	33.204
Packet Loss:	2606	33.204
Packet Retrans:	2606	33.2041
Timeout:	2607	33.2041
Packet Loss:	2607	33.2041
Packet Retrans:	2607	33.2042
Timeout:	2608	33.2042
Packet Loss:	2608	33.2042
Packet Retrans:	2608	33.2043
Timeout:	2609	33.2406
Packet Loss:	2609	33.2406
Packet Retrans:	2609	33.2407
Timeout:	2610	33.2407
Packet Loss:	2610	33.2407
Packet Retrans:	2610	33.2408
Timeout:	2611	33.2408
Packet Loss:	2611	33.2408
Packet Retrans:	2611	33.2409
Timeout:	2612	33.2409
Packet Loss:	2612	33.2409
Packet Retrans:	2612	33.241
Timeout:	2603	33.2836
Packet Loss:	2603	33.2836
Packet Send:	2613	33.2838
Timeout:	2604	33.2839
Packet Loss:	2604	33.2839
Timeout:	2605	33.284
Packet Loss:	2605	33.284
Packet Send:	2614	33.2842
Packet Send:	2615	33.2843
Packet Send:	2616	33.2844
Packet Send:	2617	33.2845
Packet Send:	2618	33.2846
Packet Send:	2619	33.2847
Packet Send:	2620	33.2848
Packet Loss:	2613	33.3122
Packet Retrans:	2613	33.3123
Packet Loss:	2615	33.319
Packet Loss:	2616	33.319
Packet Loss:	2617	33.319
Packet Retrans:	2615	33.3191
Packet Retrans:	2616	33.3192
Packet Retrans:	2617	33.3193
Timeout:	2611	33.3209
Packet Loss:	2611	33.3209
Packet Send:	2621	33.3211
Packet Send:	2622	33.3212
Receive Retrans Packet:	2616	33.3475
Receive Retrans Packet:	2617	33.3492
Packet Loss:	2620	33.3509
Packet Retrans:	2620	33.351
Timeout:	2613	33.3923
Packet Loss:	2613	33.3923
Packet Send:	2623	33.3925
Packet Send:	2624	33.3926
Timeout:	2615	33.3991
Packet Loss:	2615	33.3991
Packet Send:	2625	33.3993
Packet Send:	2626	33.3994
Packet Send:	2627	33.3995
Packet Send:	2628	33.3996
Packet Send:	2629	33.3997
Packet Loss:	2623	33.4294
Packet Loss:	2624	33.4294
Packet Loss:	2625	33.4294
Packet Loss:	2626	33.4294
Packet Retrans:	2623	33.4295
Packet Retrans:	2624	33.4296
Packet Retrans:	2625	33.4297
Packet Retrans:	2626	33.4298
Timeout:	2620	33.431
Packet Loss:	2620	33.431
Packet Send:	2630	33.4312
Packet Send:	2631	33.4313
Packet Send:	2632	33.4314
Receive Retrans Packet:	2623	33.4562
Packet Send:	2633	33.4563
Receive Retrans Packet:	2625	33.4596
Timeout:	2629	33.4797
Packet Loss:	2629	33.4797
Packet Retrans:	2629	33.4798
Timeout:	2624	33.5096
Packet Loss:	2624	33.5096
Packet Send:	2634	33.5098
Timeout:	2626	33.5098
Packet Loss:	2626	33.5098
Packet Send:	2635	33.51
Packet Send:	2636	33.5101
Packet Send:	2637	33.5102
Packet Send:	2638	33.5103
Packet Send:	2639	33.5104
Timeout:	2630	33.5112
Packet Loss:	2630	33.5112
Packet Retrans:	2630	33.5113
Timeout:	2631	33.5113
Packet Loss:	2631	33.5113
Packet Retrans:	2631	33.5114
Timeout:	2632	33.5114
Packet Loss:	2632	33.5114
Packet Retrans:	2632	33.5115
Timeout:	2633	33.5363
Packet Loss:	2633	33.5363
Packet Retrans:	2633	33.5364
Packet Loss:	2634	33.5399
Packet Loss:	2635	33.5399
Packet Retrans:	2634	33.54
Packet Retrans:	2635	33.5401
Receive Retrans Packet:	2630	33.5467
Packet Send:	2640	33.5468
Receive Retrans Packet:	2631	33.5484
Packet Send:	2641	33.5485
Receive Retrans Packet:	2632	33.5501
Packet Send:	2642	33.5502
Receive Retrans Packet:	2634	33.5667
Packet Loss:	2637	33.5769
Packet Loss:	2638	33.5769
Packet Loss:	2639	33.5769
Packet Loss:	2640	33.5769
Packet Loss:	2641	33.5769
Packet Retrans:	2637	33.577
Packet Retrans:	2638	33.5771
Packet Retrans:	2639	33.5772
Packet Retrans:	2640	33.5773
Packet Retrans:	2641	33.5774
Receive Retrans Packet:	2637	33.6037
Receive Retrans Packet:	2641	33.6105
Timeout:	2633	33.6164
Packet Loss:	2633	33.6164
Packet Send:	2643	33.6166
Packet Send:	2644	33.6167
Timeout:	2635	33.6201
Packet Loss:	2635	33.6201
Packet Send:	2645	33.6203
Packet Send:	2646	33.6204
Packet Send:	2647	33.6205
Packet Loss:	2643	33.645
Packet Retrans:	2643	33.6451
Timeout:	2638	33.6571
Packet Loss:	2638	33.6571
Timeout:	2639	33.6572
Packet Loss:	2639	33.6572
Timeout:	2640	33.6573
Packet Loss:	2640	33.6573
Packet Send:	2648	33.6575
Packet Send:	2649	33.6576
Packet Send:	2650	33.6577
Packet Send:	2651	33.6578
Packet Send:	2652	33.6579
Timeout:	2646	33.7004
Packet Loss:	2646	33.7004
Packet Retrans:	2646	33.7005
Timeout:	2647	33.7005
Packet Loss:	2647	33.7005
Packet Retrans:	2647	33.7006
Timeout:	2643	33.7251
Packet Loss:	2643	33.7251
Packet Send:	2653	33.7253
Packet Send:	2654	33.7254
Packet Send:	2655	33.7255
Timeout:	2648	33.7375
Packet Loss:	2648	33.7375
Packet Retrans:	2648	33.7376
Timeout:	2649	33.7376
Packet Loss:	2649	33.7376
Packet Retrans:	2649	33.7377
Timeout:	2650	33.7377
Packet Loss:	2650	33.7377
Packet Retrans:	2650	33.7378
Timeout:	2651	33.7378
Packet Loss:	2651	33.7378
Packet Retrans:	2651	33.7379
Timeout:	2652	33.7379
Packet Loss:	2652	33.7379
Packet Retrans:	2652	33.738
Timeout:	2646	33.7805
Packet Loss:	2646	33.7805
Timeout:	2647	33.7806
Packet Loss:	2647	33.7806
Packet Send:	2656	33.7808
Packet Send:	2657	33.7809
Packet Loss:	2653	33.7883
Packet Loss:	2654	33.7883
Packet Retrans:	2653	33.7883
Packet Retrans:	2654	33.7884
Timeout:	2648	33.8176
Packet Loss:	2648	33.8176
Timeout:	2649	33.8177
Packet Loss:	2649	33.8177
Timeout:	2650	33.8178
Packet Loss:	2650	33.8178
Timeout:	2651	33.8179
Packet Loss:	2651	33.8179
Timeout:	2652	33.818
Packet Loss:	2652	33.818
Packet Send:	2658	33.8182
Packet Send:	2659	33.8183
Packet Send:	2660	33.8184
Packet Send:	2661	33.8185
Packet Send:	2662	33.8186
Receive Retrans Packet:	2651	33.821
Timeout:	2656	33.8608
Packet Loss:	2656	33.8608
Packet Retrans:	2656	33.8609
Timeout:	2657	33.8609
Packet Loss:	2657	33.8609
Packet Retrans:	2657	33.861
Timeout:	2653	33.8683
Packet Loss:	2653	33.8683
Timeout:	2654	33.8684
Packet Loss:	2654	33.8684
Packet Send:	2663	33.8686
Packet Send:	2664	33.8687
Packet Send:	2665	33.8688
Timeout:	2658	33.8982
Packet Loss:	2658	33.8982
Packet Retrans:	2658	33.8983
Timeout:	2659	33.8983
Packet Loss:	2659	33.8983
Packet Retrans:	2659	33.8984
Timeout:	2660	33.8984
Packet Loss:	2660	33.8984
Packet Retrans:	2660	33.8985
Timeout:	2661	33.8985
Packet Loss:	2661	33.8985
Packet Retrans:	2661	33.8986
Timeout:	2662	33.8986
Packet Loss:	2662	33.8986
Packet Retrans:	2662	33.8987
Receive Retrans Packet:	2653	33.9345
Receive Retrans Packet:	2654	33.9362
Timeout:	2656	33.9409
Packet Loss:	2656	33.9409
Timeout:	2657	33.941
Packet Loss:	2657	33.941
Packet Send:	2666	33.9412
Packet Send:	2667	33.9413
Timeout:	2663	33.9486
Packet Loss:	2663	33.9486
Packet Retrans:	2663	33.9487
Timeout:	2664	33.9487
Packet Loss:	2664	33.9487
Packet Retrans:	2664	33.9488
Timeout:	2665	33.9488
Packet Loss:	2665	33.9488
Packet Retrans:	2665	33.9489
Timeout:	2658	33.9783
Packet Loss:	2658	33.9783
Timeout:	2659	33.9784
Packet Loss:	2659	33.9784
Timeout:	2660	33.9785
Packet Loss:	2660	33.9785
Timeout:	2661	33.9786
Packet Loss:	2661	33.9786
Timeout:	2662	33.9787
Packet Loss:	2662	33.9787
Packet Send:	2668	33.9789
Packet Send:	2669	33.979
Packet Send:	2670	33.9791
Packet Send:	2671	33.9792
Packet Send:	2672	33.9793
Timeout:	2666	34.0212
Packet Loss:	2666	34.0212
Packet Retrans:	2666	34.0213
Timeout:	2667	34.0213
Packet Loss:	2667	34.0213
Packet Retrans:	2667	34.0214
Timeout:	2663	34.0287
Packet Loss:	2663	34.0287
Timeout:	2664	34.0288
Packet Loss:	2664	34.0288
Timeout:	2665	34.0289
Packet Loss:	2665	34.0289
Packet Send:	2673	34.0291
Packet Send:	2674	34.0292
Packet Send:	2675	34.0293
Timeout:	2668	34.0589
Packet Loss:	2668	34.0589
Packet Retrans:	2668	34.059
Timeout:	2669	34.059
Packet Loss:	2669	34.059
Packet Retrans:	2669	34.0591
Timeout:	2670	34.0591
Packet Loss:	2670	34.0591
Packet Retrans:	2670	34.0592
Timeout:	2671	34.0592
Packet Loss:	2671	34.0592
Packet Retrans:	2671	34.0593
Timeout:	2672	34.0593
Packet Loss:	2672	34.0593
Packet Retrans:	2672	34.0594
Timeout:	2666	34.1013
Packet Loss:	2666	34.1013
Timeout:	2667	34.1014
Packet Loss:	2667	34.1014
Receive Retrans Packet:	2657	34.1015
Packet Send:	2676	34.1016
Packet Send:	2677	34.1017
Timeout:	2673	34.1091
Packet Loss:	2673	34.1091
Packet Retrans:	2673	34.1092
Timeout:	2674	34.1092
Packet Loss:	2674	34.1092
Packet Retrans:	2674	34.1093
Timeout:	2675	34.1093
Packet Loss:	2675	34.1093
Packet Retrans:	2675	34.1094
Timeout:	2668	34.139
Packet Loss:	2668	34.139
Timeout:	2669	34.1391
Packet Loss:	2669	34.1391
Timeout:	2670	34.1392
Packet Loss:	2670	34.1392
Timeout:	2671	34.1393
Packet Loss:	2671	34.1393
Timeout:	2672	34.1394
Packet Loss:	2672	34.1394
Packet Send:	2678	34.1396
Packet Send:	2679	34.1397
Packet Send:	2680	34.1398
Packet Send:	2681	34.1399
Packet Send:	2682	34.14
Timeout:	2676	34.1816
Packet Loss:	2676	34.1816
Packet Retrans:	2676	34.1817
Timeout:	2677	34.1817
Packet Loss:	2677	34.1817
Packet Retrans:	2677	34.1818
Timeout:	2673	34.1892
Packet Loss:	2673	34.1892
Timeout:	2674	34.1893
Packet Loss:	2674	34.1893
Timeout:	2675	34.1894
Packet Loss:	2675	34.1894
Packet Send:	2683	34.1896
Packet Send:	2684	34.1897
Receive Retrans Packet:	2659	34.1898
Packet Send:	2685	34.1898
Receive Retrans Packet:	2661	34.1931
Timeout:	2678	34.2196
Packet Loss:	2678	34.2196
Packet Retrans:	2678	34.2197
Timeout:	2679	34.2197
Packet Loss:	2679	34.2197
Packet Retrans:	2679	34.2198
Timeout:	2680	34.2198
Packet Loss:	2680	34.2198
Packet Retrans:	2680	34.2199
Timeout:	2681	34.2199
Packet Loss:	2681	34.2199
Packet Retrans:	2681	34.22
Timeout:	2682	34.22
Packet Loss:	2682	34.22
Packet Retrans:	2682	34.2201
Timeout:	2676	34.2617
Packet Loss:	2676	34.2617
Timeout:	2677	34.2618
Packet Loss:	2677	34.2618
Packet Send:	2686	34.262
Packet Send:	2687	34.2621
Timeout:	2683	34.2696
Packet Loss:	2683	34.2696
Packet Retrans:	2683	34.2697
Timeout:	2684	34.2697
Packet Loss:	2684	34.2697
Packet Retrans:	2684	34.2698
Timeout:	2685	34.2698
Packet Loss:	2685	34.2698
Packet Retrans:	2685	34.2699
Timeout:	2678	34.2997
Packet Loss:	2678	34.2997
Timeout:	2679	34.2998
Packet Loss:	2679	34.2998
Timeout:	2680	34.2999
Packet Loss:	2680	34.2999
Timeout:	2681	34.3
Packet Loss:	2681	34.3
Timeout:	2682	34.3001
Packet Loss:	2682	34.3001
Packet Send:	2688	34.3003
Packet Send:	2689	34.3004
Packet Send:	2690	34.3005
Packet Send:	2691	34.3006
Packet Send:	2692	34.3007
Receive Retrans Packet:	2665	34.31
Timeout:	2686	34.342
Packet Loss:	2686	34.342
Packet Retrans:	2686	34.3421
Timeout:	2687	34.3421
Packet Loss:	2687	34.3421
Packet Retrans:	2687	34.3422
Timeout:	2683	34.3497
Packet Loss:	2683	34.3497
Timeout:	2684	34.3498
Packet Loss:	2684	34.3498
Timeout:	2685	34.3499
Packet Loss:	2685	34.3499
Packet Send:	2693	34.3501
Packet Send:	2694	34.3502
Packet Send:	2695	34.3503
Timeout:	2688	34.3803
Packet Loss:	2688	34.3803
Packet Retrans:	2688	34.3804
Timeout:	2689	34.3804
Packet Loss:	2689	34.3804
Packet Retrans:	2689	34.3805
Timeout:	2690	34.3805
Packet Loss:	2690	34.3805
Packet Retrans:	2690	34.3806
Timeout:	2691	34.3806
Packet Loss:	2691	34.3806
Packet Retrans:	2691	34.3807
Timeout:	2692	34.3807
Packet Loss:	2692	34.3807
Packet Retrans:	2692	34.3808
Timeout:	2686	34.4221
Packet Loss:	2686	34.4221
Timeout:	2687	34.4222
Packet Loss:	2687	34.4222
Packet Send:	2696	34.4224
Packet Send:	2697	34.4225
Receive Retrans Packet:	2666	34.4285
Timeout:	2693	34.4301
Packet Loss:	2693	34.4301
Packet Retrans:	2693	34.4302
Timeout:	2694	34.4302
Packet Loss:	2694	34.4302
Receive Retrans Packet:	2667	34.4302
Packet Retrans:	2694	34.4303
Timeout:	2695	34.4303
Packet Loss:	2695	34.4303
Packet Retrans:	2695	34.4304
Receive Retrans Packet:	2668	34.437
Receive Retrans Packet:	2673	34.4488
Receive Retrans Packet:	2675	34.4522
Timeout:	2688	34.4604
Packet Loss:	2688	34.4604
Timeout:	2689	34.4605
Packet Loss:	2689	34.4605
Timeout:	2690	34.4606
Packet Loss:	2690	34.4606
Timeout:	2691	34.4607
Packet Loss:	2691	34.4607
Timeout:	2692	34.4608
Packet Loss:	2692	34.4608
Packet Send:	2698	34.461
Packet Send:	2699	34.4611
Packet Send:	2700	34.4612
Packet Send:	2701	34.4613
Packet Send:	2702	34.4614
Receive Retrans Packet:	2681	34.4759
Receive Retrans Packet:	2683	34.4827
Receive Retrans Packet:	2686	34.4962
Receive Retrans Packet:	2687	34.4979
Timeout:	2696	34.5024
Packet Loss:	2696	34.5024
Packet Retrans:	2696	34.5025
Timeout:	2697	34.5025
Packet Loss:	2697	34.5025
Packet Retrans:	2697	34.5026
Receive Retrans Packet:	2688	34.5047
Receive Retrans Packet:	2690	34.5081
Receive Retrans Packet:	2691	34.5098
Timeout:	2693	34.5102
Packet Loss:	2693	34.5102
Timeout:	2694	34.5103
Packet Loss:	2694	34.5103
Packet Send:	2703	34.5105
Packet Send:	2704	34.5106
Packet Send:	2705	34.5107
Receive Retrans Packet:	2692	34.5115
Receive Retrans Packet:	2693	34.5166
Receive Retrans Packet:	2695	34.5199
Packet Loss:	2698	34.5267
Packet Loss:	2699	34.5267
Packet Loss:	2700	34.5267
Packet Retrans:	2698	34.5268
Packet Retrans:	2699	34.5269
Packet Retrans:	2700	34.527
Packet Loss:	2702	34.5372
Packet Retrans:	2702	34.5373
Receive Retrans Packet:	2698	34.5535
Timeout:	2696	34.5825
Packet Loss:	2696	34.5825
Timeout:	2697	34.5826
Packet Loss:	2697	34.5826
Packet Send:	2706	34.5828
Packet Send:	2707	34.5829
Packet Send:	2708	34.583
Timeout:	2705	34.5907
Packet Loss:	2705	34.5907
Packet Retrans:	2705	34.5908
Timeout:	2699	34.6069
Packet Loss:	2699	34.6069
Timeout:	2700	34.607
Packet Loss:	2700	34.607
Packet Send:	2709	34.6072
Packet Send:	2710	34.6073
Packet Send:	2711	34.6074
Packet Loss:	2706	34.6129
Packet Loss:	2707	34.6129
Packet Retrans:	2706	34.613
Packet Retrans:	2707	34.6131
Timeout:	2702	34.6173
Packet Loss:	2702	34.6173
Packet Send:	2712	34.6175
Packet Send:	2713	34.6176
Packet Send:	2714	34.6177
Packet Loss:	2710	34.6373
Packet Retrans:	2710	34.6374
Receive Retrans Packet:	2706	34.6397
Timeout:	2705	34.6708
Packet Loss:	2705	34.6708
Packet Send:	2715	34.671
Packet Send:	2716	34.6711
Timeout:	2707	34.6931
Packet Loss:	2707	34.6931
Packet Send:	2717	34.6933
Packet Send:	2718	34.6934
Packet Send:	2719	34.6935
Timeout:	2712	34.6975
Packet Loss:	2712	34.6975
Packet Retrans:	2712	34.6976
Timeout:	2713	34.6976
Packet Loss:	2713	34.6976
Packet Retrans:	2713	34.6977
Timeout:	2714	34.6977
Packet Loss:	2714	34.6977
Packet Retrans:	2714	34.6978
Packet Loss:	2715	34.6994
Packet Retrans:	2715	34.6995
Timeout:	2710	34.7174
Packet Loss:	2710	34.7174
Packet Send:	2720	34.7176
Packet Send:	2721	34.7177
Packet Loss:	2717	34.7217
Packet Retrans:	2717	34.7218
Receive Retrans Packet:	2712	34.7251
Packet Send:	2722	34.7252
Receive Retrans Packet:	2717	34.7485
Timeout:	2719	34.7735
Packet Loss:	2719	34.7735
Packet Retrans:	2719	34.7736
Timeout:	2713	34.7777
Packet Loss:	2713	34.7777
Timeout:	2714	34.7778
Packet Loss:	2714	34.7778
Packet Send:	2723	34.778
Packet Send:	2724	34.7781
Timeout:	2715	34.7795
Packet Loss:	2715	34.7795
Packet Send:	2725	34.7797
Packet Send:	2726	34.7798
Packet Send:	2727	34.7799
Packet Send:	2728	34.78
Timeout:	2720	34.7976
Packet Loss:	2720	34.7976
Packet Retrans:	2720	34.7977
Timeout:	2721	34.7977
Packet Loss:	2721	34.7977
Packet Retrans:	2721	34.7978
Timeout:	2722	34.8052
Packet Loss:	2722	34.8052
Packet Retrans:	2722	34.8053
Packet Loss:	2723	34.8098
Packet Loss:	2724	34.8098
Packet Loss:	2725	34.8098
Packet Retrans:	2723	34.8099
Packet Retrans:	2724	34.81
Packet Retrans:	2725	34.8101
Receive Retrans Packet:	2720	34.8244
Receive Retrans Packet:	2723	34.8366
Receive Retrans Packet:	2724	34.8383
Receive Retrans Packet:	2725	34.84
Timeout:	2719	34.8536
Packet Loss:	2719	34.8536
Packet Send:	2729	34.8538
Packet Send:	2730	34.8539
Timeout:	2728	34.86
Packet Loss:	2728	34.86
Packet Retrans:	2728	34.8601
Timeout:	2721	34.8778
Packet Loss:	2721	34.8778
Packet Send:	2731	34.878
Timeout:	2722	34.8853
Packet Loss:	2722	34.8853
Packet Send:	2732	34.8855
Packet Send:	2733	34.8856
Packet Send:	2734	34.8857
Packet Send:	2735	34.8858
Packet Send:	2736	34.8859
Packet Send:	2737	34.886
Packet Loss:	2730	34.9207
Packet Loss:	2731	34.9207
Packet Loss:	2732	34.9207
Packet Loss:	2733	34.9207
Packet Loss:	2734	34.9207
Packet Loss:	2735	34.9207
Packet Loss:	2736	34.9207
Packet Retrans:	2730	34.9208
Packet Retrans:	2731	34.9209
Packet Retrans:	2732	34.921
Packet Retrans:	2733	34.9211
Packet Retrans:	2734	34.9212
Packet Retrans:	2735	34.9213
Packet Retrans:	2736	34.9214
Timeout:	2728	34.9401
Packet Loss:	2728	34.9401
Packet Send:	2738	34.9403
Packet Send:	2739	34.9404
Receive Retrans Packet:	2731	34.9492
Receive Retrans Packet:	2735	34.956
Receive Retrans Packet:	2736	34.9577
Timeout:	2730	35.0008
Packet Loss:	2730	35.0008
Packet Send:	2740	35.001
Timeout:	2732	35.001
Packet Loss:	2732	35.001
Timeout:	2733	35.0011
Packet Loss:	2733	35.0011
Timeout:	2734	35.0012
Packet Loss:	2734	35.0012
Packet Send:	2741	35.0014
Packet Send:	2742	35.0015
Packet Send:	2743	35.0016
Packet Send:	2744	35.0017
Packet Send:	2745	35.0018
Packet Send:	2746	35.0019
Packet Send:	2747	35.002
Timeout:	2738	35.0203
Packet Loss:	2738	35.0203
Packet Retrans:	2738	35.0204
Timeout:	2739	35.0204
Packet Loss:	2739	35.0204
Packet Retrans:	2739	35.0205
Packet Loss:	2741	35.0311
Packet Retrans:	2741	35.0312
Packet Loss:	2743	35.0362
Packet Loss:	2744	35.0362
Packet Retrans:	2743	35.0363
Packet Retrans:	2744	35.0364
Packet Loss:	2746	35.0396
Packet Retrans:	2746	35.0397
Receive Retrans Packet:	2741	35.0579
Receive Retrans Packet:	2744	35.0647
Receive Retrans Packet:	2746	35.0664
Timeout:	2738	35.1004
Packet Loss:	2738	35.1004
Timeout:	2739	35.1005
Packet Loss:	2739	35.1005
Packet Send:	2748	35.1007
Packet Send:	2749	35.1008
Packet Send:	2750	35.1009
Packet Send:	2751	35.101
Packet Send:	2752	35.1011
Timeout:	2743	35.1163
Packet Loss:	2743	35.1163
Packet Send:	2753	35.1165
Packet Send:	2754	35.1166
Packet Send:	2755	35.1167
Packet Send:	2756	35.1168
Packet Send:	2757	35.1169
Packet Loss:	2748	35.1308
Packet Loss:	2749	35.1308
Packet Retrans:	2748	35.1309
Packet Retrans:	2749	35.131
Packet Loss:	2751	35.1342
Packet Retrans:	2751	35.1343
Receive Retrans Packet:	2749	35.1593
Timeout:	2754	35.1966
Packet Loss:	2754	35.1966
Packet Retrans:	2754	35.1967
Timeout:	2755	35.1967
Packet Loss:	2755	35.1967
Packet Retrans:	2755	35.1968
Timeout:	2756	35.1968
Packet Loss:	2756	35.1968
Packet Retrans:	2756	35.1969
Timeout:	2757	35.1969
Packet Loss:	2757	35.1969
Packet Retrans:	2757	35.197
Timeout:	2748	35.2109
Packet Loss:	2748	35.2109
Packet Send:	2758	35.2111
Packet Send:	2759	35.2112
Packet Send:	2760	35.2113
Timeout:	2751	35.2143
Packet Loss:	2751	35.2143
Packet Send:	2761	35.2145
Packet Send:	2762	35.2146
Packet Send:	2763	35.2147
Packet Send:	2764	35.2235
Packet Loss:	2758	35.2429
Packet Loss:	2759	35.2429
Packet Loss:	2760	35.2429
Packet Retrans:	2758	35.243
Packet Retrans:	2759	35.2431
Packet Retrans:	2760	35.2432
Receive Retrans Packet:	2760	35.2731
Timeout:	2755	35.2768
Packet Loss:	2755	35.2768
Packet Send:	2765	35.277
Timeout:	2757	35.277
Packet Loss:	2757	35.277
Packet Send:	2766	35.2772
Packet Send:	2767	35.2773
Timeout:	2764	35.3035
Packet Loss:	2764	35.3035
Packet Retrans:	2764	35.3036
Timeout:	2758	35.323
Packet Loss:	2758	35.323
Timeout:	2759	35.3231
Packet Loss:	2759	35.3231
Packet Send:	2768	35.3233
Packet Send:	2769	35.3234
Packet Send:	2770	35.3235
Packet Send:	2771	35.3236
Packet Send:	2772	35.3237
Packet Send:	2773	35.3238
Packet Loss:	2767	35.35
Packet Retrans:	2767	35.3501
Timeout:	2764	35.3836
Packet Loss:	2764	35.3836
Packet Send:	2774	35.3838
Packet Send:	2775	35.3839
Packet Send:	2776	35.384
Timeout:	2769	35.4034
Packet Loss:	2769	35.4034
Packet Retrans:	2769	35.4035
Timeout:	2770	35.4035
Packet Loss:	2770	35.4035
Packet Retrans:	2770	35.4036
Timeout:	2771	35.4036
Packet Loss:	2771	35.4036
Packet Retrans:	2771	35.4037
Timeout:	2772	35.4037
Packet Loss:	2772	35.4037
Packet Retrans:	2772	35.4038
Timeout:	2773	35.4038
Packet Loss:	2773	35.4038
Packet Retrans:	2773	35.4039
Packet Loss:	2775	35.4139
Packet Retrans:	2775	35.414
Timeout:	2767	35.4301
Packet Loss:	2767	35.4301
Packet Send:	2777	35.4303
Packet Send:	2778	35.4304
Timeout:	2769	35.4835
Packet Loss:	2769	35.4835
Timeout:	2770	35.4836
Packet Loss:	2770	35.4836
Timeout:	2771	35.4837
Packet Loss:	2771	35.4837
Timeout:	2772	35.4838
Packet Loss:	2772	35.4838
Timeout:	2773	35.4839
Packet Loss:	2773	35.4839
Packet Send:	2779	35.4841
Packet Send:	2780	35.4842
Packet Send:	2781	35.4843
Packet Send:	2782	35.4844
Packet Send:	2783	35.4845
Packet Send:	2784	35.4846
Timeout:	2775	35.494
Packet Loss:	2775	35.494
Packet Send:	2785	35.4942
Packet Send:	2786	35.4943
Timeout:	2777	35.5103
Packet Loss:	2777	35.5103
Packet Retrans:	2777	35.5104
Timeout:	2778	35.5104
Packet Loss:	2778	35.5104
Packet Retrans:	2778	35.5105
Packet Loss:	2779	35.5159
Packet Loss:	2780	35.5159
Packet Loss:	2781	35.5159
Packet Retrans:	2779	35.516
Packet Retrans:	2780	35.5161
Packet Retrans:	2781	35.5162
Timeout:	2783	35.5645
Packet Loss:	2783	35.5645
Packet Retrans:	2783	35.5646
Timeout:	2784	35.5646
Packet Loss:	2784	35.5646
Packet Retrans:	2784	35.5647
Timeout:	2785	35.5742
Packet Loss:	2785	35.5742
Packet Retrans:	2785	35.5743
Timeout:	2786	35.5743
Packet Loss:	2786	35.5743
Packet Retrans:	2786	35.5744
Timeout:	2777	35.5904
Packet Loss:	2777	35.5904
Timeout:	2778	35.5905
Packet Loss:	2778	35.5905
Packet Send:	2787	35.5907
Packet Send:	2788	35.5908
Timeout:	2779	35.596
Packet Loss:	2779	35.596
Timeout:	2780	35.5961
Packet Loss:	2780	35.5961
Timeout:	2781	35.5962
Packet Loss:	2781	35.5962
Packet Send:	2789	35.5964
Packet Send:	2790	35.5965
Packet Send:	2791	35.5966
Packet Send:	2792	35.5967
Timeout:	2783	35.6446
Packet Loss:	2783	35.6446
Timeout:	2784	35.6447
Packet Loss:	2784	35.6447
Packet Send:	2793	35.6449
Packet Send:	2794	35.645
Timeout:	2785	35.6543
Packet Loss:	2785	35.6543
Packet Send:	2795	35.6545
Packet Send:	2796	35.6546
Packet Send:	2797	35.6547
Timeout:	2788	35.6708
Packet Loss:	2788	35.6708
Packet Retrans:	2788	35.6709
Packet Loss:	2789	35.6733
Packet Loss:	2790	35.6733
Packet Loss:	2791	35.6733
Packet Loss:	2792	35.6733
Packet Loss:	2793	35.6733
Packet Retrans:	2789	35.6734
Packet Retrans:	2790	35.6735
Packet Retrans:	2791	35.6736
Packet Retrans:	2792	35.6737
Packet Retrans:	2793	35.6738
Receive Retrans Packet:	2788	35.6976
Packet Send:	2798	35.6977
Receive Retrans Packet:	2792	35.7052
Timeout:	2796	35.7346
Packet Loss:	2796	35.7346
Packet Retrans:	2796	35.7347
Timeout:	2797	35.7347
Packet Loss:	2797	35.7347
Packet Retrans:	2797	35.7348
Timeout:	2789	35.7534
Packet Loss:	2789	35.7534
Timeout:	2790	35.7535
Packet Loss:	2790	35.7535
Timeout:	2791	35.7536
Packet Loss:	2791	35.7536
Packet Send:	2799	35.7538
Timeout:	2793	35.7538
Packet Loss:	2793	35.7538
Packet Send:	2800	35.754
Packet Send:	2801	35.7541
Packet Send:	2802	35.7542
Packet Send:	2803	35.7543
Packet Send:	2804	35.7544
Packet Send:	2805	35.7545
Timeout:	2798	35.7777
Packet Loss:	2798	35.7777
Packet Retrans:	2798	35.7778
Timeout:	2796	35.8147
Packet Loss:	2796	35.8147
Timeout:	2797	35.8148
Packet Loss:	2797	35.8148
Packet Send:	2806	35.815
Packet Send:	2807	35.8151
Timeout:	2802	35.8342
Packet Loss:	2802	35.8342
Packet Retrans:	2802	35.8343
Timeout:	2803	35.8343
Packet Loss:	2803	35.8343
Packet Retrans:	2803	35.8344
Timeout:	2804	35.8344
Packet Loss:	2804	35.8344
Packet Retrans:	2804	35.8345
Timeout:	2805	35.8345
Packet Loss:	2805	35.8345
Packet Retrans:	2805	35.8346
Timeout:	2798	35.8578
Packet Loss:	2798	35.8578
Packet Send:	2808	35.858
Packet Send:	2809	35.8581
Packet Send:	2810	35.8582
Packet Send:	2811	35.8583
Timeout:	2807	35.8951
Packet Loss:	2807	35.8951
Packet Retrans:	2807	35.8952
Timeout:	2802	35.9143
Packet Loss:	2802	35.9143
Timeout:	2803	35.9144
Packet Loss:	2803	35.9144
Timeout:	2804	35.9145
Packet Loss:	2804	35.9145
Timeout:	2805	35.9146
Packet Loss:	2805	35.9146
Packet Send:	2812	35.9148
Packet Send:	2813	35.9149
Packet Send:	2814	35.915
Packet Send:	2815	35.9151
Packet Send:	2816	35.9152
Timeout:	2808	35.938
Packet Loss:	2808	35.938
Packet Retrans:	2808	35.9381
Timeout:	2809	35.9381
Packet Loss:	2809	35.9381
Packet Retrans:	2809	35.9382
Timeout:	2810	35.9382
Packet Loss:	2810	35.9382
Packet Retrans:	2810	35.9383
Timeout:	2811	35.9383
Packet Loss:	2811	35.9383
Packet Retrans:	2811	35.9384
Receive Retrans Packet:	2808	35.9648
Receive Retrans Packet:	2810	35.9682
Timeout:	2807	35.9752
Packet Loss:	2807	35.9752
Packet Send:	2817	35.9754
Packet Send:	2818	35.9755
Timeout:	2814	35.995
Packet Loss:	2814	35.995
Packet Retrans:	2814	35.9951
Timeout:	2815	35.9951
Packet Loss:	2815	35.9951
Packet Retrans:	2815	35.9952
Timeout:	2816	35.9952
Packet Loss:	2816	35.9952
Packet Retrans:	2816	35.9953
Timeout:	2809	36.0182
Packet Loss:	2809	36.0182
Packet Send:	2819	36.0183
Timeout:	2811	36.0184
Packet Loss:	2811	36.0184
Packet Send:	2820	36.0185
Packet Send:	2821	36.0186
Packet Send:	2822	36.0187
Packet Send:	2823	36.0188
Packet Loss:	2817	36.0451
Packet Loss:	2818	36.0451
Packet Retrans:	2817	36.0451
Packet Retrans:	2818	36.0452
Packet Loss:	2820	36.0502
Packet Loss:	2821	36.0502
Packet Retrans:	2820	36.0502
Packet Retrans:	2821	36.0503
Receive Retrans Packet:	2817	36.0719
Timeout:	2814	36.0751
Packet Loss:	2814	36.0751
Timeout:	2815	36.0752
Packet Loss:	2815	36.0752
Timeout:	2816	36.0753
Packet Loss:	2816	36.0753
Packet Send:	2824	36.0754
Packet Send:	2825	36.0755
Packet Send:	2826	36.0756
Packet Send:	2827	36.0757
Receive Retrans Packet:	2820	36.077
Timeout:	2823	36.0988
Packet Loss:	2823	36.0988
Packet Retrans:	2823	36.0989
Packet Loss:	2824	36.1056
Packet Loss:	2825	36.1056
Packet Retrans:	2824	36.1056
Packet Retrans:	2825	36.1057
Timeout:	2818	36.1252
Packet Loss:	2818	36.1252
Packet Send:	2828	36.1254
Packet Send:	2829	36.1255
Packet Send:	2830	36.1256
Timeout:	2821	36.1303
Packet Loss:	2821	36.1303
Packet Send:	2831	36.1305
Packet Send:	2832	36.1306
Receive Retrans Packet:	2825	36.1341
Packet Loss:	2827	36.1556
Packet Loss:	2828	36.1556
Packet Loss:	2829	36.1556
Packet Retrans:	2827	36.1556
Packet Retrans:	2828	36.1557
Packet Retrans:	2829	36.1558
Timeout:	2823	36.1789
Packet Loss:	2823	36.1789
Packet Send:	2833	36.1791
Receive Retrans Packet:	2827	36.1824
Timeout:	2824	36.1856
Packet Loss:	2824	36.1856
Receive Retrans Packet:	2829	36.1858
Packet Send:	2834	36.1858
Packet Send:	2835	36.1859
Packet Send:	2836	36.186
Packet Send:	2837	36.1861
Packet Loss:	2835	36.2177
Packet Loss:	2836	36.2177
Packet Retrans:	2835	36.2177
Packet Retrans:	2836	36.2178
Timeout:	2828	36.2357
Packet Loss:	2828	36.2357
Packet Send:	2838	36.2359
Packet Send:	2839	36.236
Packet Send:	2840	36.2361
Packet Send:	2841	36.2362
Packet Send:	2842	36.2363
Packet Send:	2843	36.2364
Packet Send:	2844	36.2365
Receive Retrans Packet:	2835	36.2445
Packet Send:	2845	36.2445
Receive Retrans Packet:	2836	36.2462
Packet Send:	2846	36.2462
Packet Send:	2847	36.2463
Packet Loss:	2838	36.2644
Packet Retrans:	2838	36.2644
Packet Loss:	2843	36.2729
Packet Retrans:	2843	36.2729
Packet Loss:	2845	36.278
Packet Loss:	2846	36.278
Packet Retrans:	2845	36.278
Packet Retrans:	2846	36.2781
Receive Retrans Packet:	2843	36.2997
Timeout:	2838	36.3444
Packet Loss:	2838	36.3444
Packet Send:	2848	36.3446
Packet Send:	2849	36.3447
Packet Send:	2850	36.3448
Packet Send:	2851	36.3449
Packet Send:	2852	36.345
Packet Send:	2853	36.3451
Packet Send:	2854	36.3452
Timeout:	2845	36.358
Packet Loss:	2845	36.358
Timeout:	2846	36.3581
Packet Loss:	2846	36.3581
Packet Send:	2855	36.3583
Packet Send:	2856	36.3584
Packet Send:	2857	36.3585
Packet Send:	2858	36.3714
Packet Loss:	2849	36.3982
Packet Loss:	2850	36.3982
Packet Loss:	2851	36.3982
Packet Loss:	2852	36.3982
Packet Loss:	2853	36.3982
Packet Loss:	2854	36.3982
Packet Loss:	2855	36.3982
Packet Loss:	2856	36.3982
Packet Loss:	2857	36.3982
Packet Retrans:	2849	36.3982
Packet Retrans:	2850	36.3983
Packet Retrans:	2851	36.3984
Packet Retrans:	2852	36.3985
Packet Retrans:	2853	36.3986
Packet Retrans:	2854	36.3987
Packet Retrans:	2855	36.3988
Packet Retrans:	2856	36.3989
Packet Retrans:	2857	36.399
Receive Retrans Packet:	2849	36.425
Packet Send:	2859	36.425
Receive Retrans Packet:	2852	36.4301
Timeout:	2850	36.4783
Packet Loss:	2850	36.4783
Timeout:	2851	36.4784
Packet Loss:	2851	36.4784
Packet Send:	2860	36.4786
Timeout:	2853	36.4786
Packet Loss:	2853	36.4786
Timeout:	2854	36.4787
Packet Loss:	2854	36.4787
Timeout:	2855	36.4788
Packet Loss:	2855	36.4788
Timeout:	2856	36.4789
Packet Loss:	2856	36.4789
Timeout:	2857	36.479
Packet Loss:	2857	36.479
Packet Send:	2861	36.4792
Packet Send:	2862	36.4793
Packet Send:	2863	36.4794
Packet Send:	2864	36.4795
Packet Send:	2865	36.4796
Packet Send:	2866	36.4797
Packet Send:	2867	36.4798
Packet Send:	2868	36.4799
Packet Send:	2869	36.48
Timeout:	2860	36.5586
Packet Loss:	2860	36.5586
Packet Retrans:	2860	36.5587
Timeout:	2861	36.5592
Packet Loss:	2861	36.5592
Packet Retrans:	2861	36.5593
Timeout:	2862	36.5593
Packet Loss:	2862	36.5593
Packet Retrans:	2862	36.5594
Timeout:	2863	36.5594
Packet Loss:	2863	36.5594
Packet Retrans:	2863	36.5595
Timeout:	2864	36.5595
Packet Loss:	2864	36.5595
Packet Retrans:	2864	36.5596
Timeout:	2865	36.5596
Packet Loss:	2865	36.5596
Packet Retrans:	2865	36.5597
Timeout:	2866	36.5597
Packet Loss:	2866	36.5597
Packet Retrans:	2866	36.5598
Timeout:	2867	36.5598
Packet Loss:	2867	36.5598
Packet Retrans:	2867	36.5599
Timeout:	2868	36.5599
Packet Loss:	2868	36.5599
Packet Retrans:	2868	36.56
Timeout:	2869	36.56
Packet Loss:	2869	36.56
Packet Retrans:	2869	36.5601
Timeout:	2860	36.6387
Packet Loss:	2860	36.6387
Packet Send:	2870	36.6389
Timeout:	2861	36.6393
Packet Loss:	2861	36.6393
Timeout:	2862	36.6394
Packet Loss:	2862	36.6394
Packet Send:	2871	36.6396
Packet Send:	2872	36.6397
Timeout:	2865	36.6397
Packet Loss:	2865	36.6397
Timeout:	2866	36.6398
Packet Loss:	2866	36.6398
Packet Send:	2873	36.64
Packet Send:	2874	36.6401
Timeout:	2869	36.6401
Packet Loss:	2869	36.6401
Packet Send:	2875	36.6403
Packet Send:	2876	36.6404
Packet Send:	2877	36.6405
Packet Send:	2878	36.6406
Packet Send:	2879	36.6407
Packet Loss:	2870	36.6691
Packet Loss:	2871	36.6691
Packet Retrans:	2870	36.6691
Packet Retrans:	2871	36.6692
Packet Loss:	2874	36.6776
Packet Loss:	2875	36.6776
Packet Loss:	2876	36.6776
Packet Retrans:	2874	36.6776
Packet Retrans:	2875	36.6777
Packet Retrans:	2876	36.6778
Receive Retrans Packet:	2871	36.6976
Receive Retrans Packet:	2875	36.7061
Timeout:	2870	36.7491
Packet Loss:	2870	36.7491
Packet Send:	2880	36.7493
Packet Send:	2881	36.7494
Packet Send:	2882	36.7495
Packet Send:	2883	36.7496
Timeout:	2874	36.7576
Packet Loss:	2874	36.7576
Packet Send:	2884	36.7578
Timeout:	2876	36.7578
Packet Loss:	2876	36.7578
Packet Send:	2885	36.758
Packet Send:	2886	36.7581
Packet Send:	2887	36.7582
Packet Send:	2888	36.7583
Packet Send:	2889	36.7584
Packet Loss:	2880	36.7795
Packet Loss:	2881	36.7795
Packet Retrans:	2880	36.7795
Packet Retrans:	2881	36.7796
Timeout:	2885	36.838
Packet Loss:	2885	36.838
Packet Retrans:	2885	36.8381
Timeout:	2886	36.8381
Packet Loss:	2886	36.8381
Packet Retrans:	2886	36.8382
Timeout:	2887	36.8382
Packet Loss:	2887	36.8382
Packet Retrans:	2887	36.8383
Timeout:	2888	36.8383
Packet Loss:	2888	36.8383
Packet Retrans:	2888	36.8384
Timeout:	2889	36.8384
Packet Loss:	2889	36.8384
Packet Retrans:	2889	36.8385
Timeout:	2880	36.8595
Packet Loss:	2880	36.8595
Timeout:	2881	36.8596
Packet Loss:	2881	36.8596
Packet Send:	2890	36.8598
Packet Send:	2891	36.8599
Packet Send:	2892	36.86
Packet Send:	2893	36.8601
Packet Send:	2894	36.8602
Packet Send:	2895	36.8649
Packet Send:	2896	36.8666
Packet Send:	2897	36.8683
Packet Loss:	2890	36.8883
Packet Retrans:	2890	36.8883
Packet Loss:	2892	36.8917
Packet Retrans:	2892	36.8917
Packet Loss:	2894	36.8985
Packet Loss:	2895	36.8985
Packet Loss:	2896	36.8985
Packet Retrans:	2894	36.8985
Packet Retrans:	2895	36.8986
Packet Retrans:	2896	36.8987
Receive Retrans Packet:	2890	36.9151
Timeout:	2888	36.9184
Packet Loss:	2888	36.9184
Packet Send:	2898	36.9186
Packet Send:	2899	36.9187
Packet Send:	2900	36.9188
Packet Send:	2901	36.9189
Receive Retrans Packet:	2894	36.9253
Receive Retrans Packet:	2896	36.9287
Timeout:	2892	36.9717
Packet Loss:	2892	36.9717
Packet Send:	2902	36.9719
Packet Send:	2903	36.972
Packet Send:	2904	36.9721
Timeout:	2895	36.9786
Packet Loss:	2895	36.9786
Packet Send:	2905	36.9788
Packet Send:	2906	36.9789
Packet Send:	2907	36.979
Packet Send:	2908	36.9791
Packet Send:	2909	36.9792
Packet Loss:	2900	36.9987
Packet Loss:	2901	36.9987
Packet Retrans:	2900	36.9987
Packet Retrans:	2901	36.9988
Receive Retrans Packet:	2900	37.0255
Packet Send:	2910	37.0255
Timeout:	2903	37.052
Packet Loss:	2903	37.052
Packet Retrans:	2903	37.0521
Timeout:	2904	37.0521
Packet Loss:	2904	37.0521
Packet Retrans:	2904	37.0522
Timeout:	2905	37.0588
Packet Loss:	2905	37.0588
Packet Retrans:	2905	37.0589
Timeout:	2906	37.0589
Packet Loss:	2906	37.0589
Packet Retrans:	2906	37.059
Timeout:	2907	37.059
Packet Loss:	2907	37.059
Packet Retrans:	2907	37.0591
Timeout:	2908	37.0591
Packet Loss:	2908	37.0591
Packet Retrans:	2908	37.0592
Timeout:	2909	37.0592
Packet Loss:	2909	37.0592
Packet Retrans:	2909	37.0593
Timeout:	2901	37.0788
Packet Loss:	2901	37.0788
Packet Send:	2911	37.079
Packet Send:	2912	37.0791
Timeout:	2903	37.1321
Packet Loss:	2903	37.1321
Timeout:	2904	37.1322
Packet Loss:	2904	37.1322
Packet Send:	2913	37.1324
Packet Send:	2914	37.1325
Timeout:	2905	37.1389
Packet Loss:	2905	37.1389
Timeout:	2906	37.139
Packet Loss:	2906	37.139
Timeout:	2907	37.1391
Packet Loss:	2907	37.1391
Timeout:	2908	37.1392
Packet Loss:	2908	37.1392
Timeout:	2909	37.1393
Packet Loss:	2909	37.1393
Packet Send:	2915	37.1395
Packet Send:	2916	37.1396
Packet Send:	2917	37.1397
Packet Send:	2918	37.1398
Packet Send:	2919	37.1399
Packet Send:	2920	37.14
Timeout:	2911	37.159
Packet Loss:	2911	37.159
Packet Retrans:	2911	37.1591
Timeout:	2912	37.1591
Packet Loss:	2912	37.1591
Packet Retrans:	2912	37.1592
Receive Retrans Packet:	2906	37.1605
Timeout:	2913	37.2124
Packet Loss:	2913	37.2124
Packet Retrans:	2913	37.2125
Timeout:	2914	37.2125
Packet Loss:	2914	37.2125
Packet Retrans:	2914	37.2126
Timeout:	2915	37.2195
Packet Loss:	2915	37.2195
Packet Retrans:	2915	37.2196
Timeout:	2916	37.2196
Packet Loss:	2916	37.2196
Packet Retrans:	2916	37.2197
Timeout:	2917	37.2197
Packet Loss:	2917	37.2197
Packet Retrans:	2917	37.2198
Timeout:	2918	37.2198
Packet Loss:	2918	37.2198
Packet Retrans:	2918	37.2199
Timeout:	2919	37.2199
Packet Loss:	2919	37.2199
Packet Retrans:	2919	37.22
Timeout:	2920	37.22
Packet Loss:	2920	37.22
Packet Retrans:	2920	37.2201
Timeout:	2911	37.2391
Packet Loss:	2911	37.2391
Timeout:	2912	37.2392
Packet Loss:	2912	37.2392
Packet Send:	2921	37.2394
Packet Send:	2922	37.2395
Timeout:	2913	37.2925
Packet Loss:	2913	37.2925
Timeout:	2914	37.2926
Packet Loss:	2914	37.2926
Packet Send:	2923	37.2928
Packet Send:	2924	37.2929
Timeout:	2915	37.2996
Packet Loss:	2915	37.2996
Timeout:	2916	37.2997
Packet Loss:	2916	37.2997
Timeout:	2917	37.2998
Packet Loss:	2917	37.2998
Timeout:	2918	37.2999
Packet Loss:	2918	37.2999
Timeout:	2919	37.3
Packet Loss:	2919	37.3
Timeout:	2920	37.3001
Packet Loss:	2920	37.3001
Packet Send:	2925	37.3003
Packet Send:	2926	37.3004
Packet Send:	2927	37.3005
Packet Send:	2928	37.3006
Packet Send:	2929	37.3007
Packet Send:	2930	37.3008
Timeout:	2921	37.3194
Packet Loss:	2921	37.3194
Packet Retrans:	2921	37.3195
Timeout:	2922	37.3195
Packet Loss:	2922	37.3195
Packet Retrans:	2922	37.3196
Timeout:	2923	37.3728
Packet Loss:	2923	37.3728
Packet Retrans:	2923	37.3729
Timeout:	2924	37.3729
Packet Loss:	2924	37.3729
Packet Retrans:	2924	37.373
Timeout:	2925	37.3803
Packet Loss:	2925	37.3803
Packet Retrans:	2925	37.3804
Timeout:	2926	37.3804
Packet Loss:	2926	37.3804
Packet Retrans:	2926	37.3805
Timeout:	2927	37.3805
Packet Loss:	2927	37.3805
Packet Retrans:	2927	37.3806
Timeout:	2928	37.3806
Packet Loss:	2928	37.3806
Packet Retrans:	2928	37.3807
Timeout:	2929	37.3807
Packet Loss:	2929	37.3807
Packet Retrans:	2929	37.3808
Timeout:	2930	37.3808
Packet Loss:	2930	37.3808
Packet Retrans:	2930	37.3809
Receive Retrans Packet:	2911	37.3958
Timeout:	2921	37.3995
Packet Loss:	2921	37.3995
Timeout:	2922	37.3996
Packet Loss:	2922	37.3996
Packet Send:	2931	37.3998
Packet Send:	2932	37.3999
Timeout:	2923	37.4529
Packet Loss:	2923	37.4529
Timeout:	2924	37.453
Packet Loss:	2924	37.453
Packet Send:	2933	37.4532
Packet Send:	2934	37.4533
Timeout:	2925	37.4604
Packet Loss:	2925	37.4604
Timeout:	2926	37.4605
Packet Loss:	2926	37.4605
Timeout:	2927	37.4606
Packet Loss:	2927	37.4606
Timeout:	2928	37.4607
Packet Loss:	2928	37.4607
Timeout:	2929	37.4608
Packet Loss:	2929	37.4608
Timeout:	2930	37.4609
Packet Loss:	2930	37.4609
Packet Send:	2935	37.4611
Packet Send:	2936	37.4612
Packet Send:	2937	37.4613
Packet Send:	2938	37.4614
Packet Send:	2939	37.4615
Packet Send:	2940	37.4616
Timeout:	2931	37.4798
Packet Loss:	2931	37.4798
Packet Retrans:	2931	37.4799
Timeout:	2932	37.4799
Packet Loss:	2932	37.4799
Packet Retrans:	2932	37.48
Receive Retrans Packet:	2913	37.5128
Receive Retrans Packet:	2914	37.5145
Timeout:	2933	37.5332
Packet Loss:	2933	37.5332
Packet Retrans:	2933	37.5333
Timeout:	2934	37.5333
Packet Loss:	2934	37.5333
Packet Retrans:	2934	37.5334
Receive Retrans Packet:	2917	37.5343
Receive Retrans Packet:	2918	37.5369
Receive Retrans Packet:	2919	37.5386
Receive Retrans Packet:	2920	37.5403
Timeout:	2935	37.5411
Packet Loss:	2935	37.5411
Packet Retrans:	2935	37.5412
Timeout:	2936	37.5412
Packet Loss:	2936	37.5412
Packet Retrans:	2936	37.5413
Timeout:	2937	37.5413
Packet Loss:	2937	37.5413
Packet Retrans:	2937	37.5414
Timeout:	2938	37.5414
Packet Loss:	2938	37.5414
Packet Retrans:	2938	37.5415
Timeout:	2939	37.5415
Packet Loss:	2939	37.5415
Packet Retrans:	2939	37.5416
Timeout:	2940	37.5416
Packet Loss:	2940	37.5416
Packet Retrans:	2940	37.5417
Timeout:	2931	37.5599
Packet Loss:	2931	37.5599
Timeout:	2932	37.56
Packet Loss:	2932	37.56
Packet Send:	2941	37.5602
Packet Send:	2942	37.5603
Timeout:	2933	37.6133
Packet Loss:	2933	37.6133
Timeout:	2934	37.6134
Packet Loss:	2934	37.6134
Packet Send:	2943	37.6136
Packet Send:	2944	37.6137
Timeout:	2935	37.6212
Packet Loss:	2935	37.6212
Timeout:	2936	37.6213
Packet Loss:	2936	37.6213
Timeout:	2937	37.6214
Packet Loss:	2937	37.6214
Timeout:	2938	37.6215
Packet Loss:	2938	37.6215
Timeout:	2939	37.6216
Packet Loss:	2939	37.6216
Timeout:	2940	37.6217
Packet Loss:	2940	37.6217
Packet Send:	2945	37.6219
Packet Send:	2946	37.622
Packet Send:	2947	37.6221
Packet Send:	2948	37.6222
Packet Send:	2949	37.6223
Packet Send:	2950	37.6224
Timeout:	2941	37.6402
Packet Loss:	2941	37.6402
Packet Retrans:	2941	37.6403
Timeout:	2942	37.6403
Packet Loss:	2942	37.6403
Packet Retrans:	2942	37.6404
Timeout:	2943	37.6936
Packet Loss:	2943	37.6936
Packet Retrans:	2943	37.6937
Timeout:	2944	37.6937
Packet Loss:	2944	37.6937
Packet Retrans:	2944	37.6938
Timeout:	2945	37.7019
Packet Loss:	2945	37.7019
Packet Retrans:	2945	37.702
Timeout:	2946	37.702
Packet Loss:	2946	37.702
Packet Retrans:	2946	37.7021
Timeout:	2947	37.7021
Packet Loss:	2947	37.7021
Packet Retrans:	2947	37.7022
Timeout:	2948	37.7022
Packet Loss:	2948	37.7022
Packet Retrans:	2948	37.7023
Timeout:	2949	37.7023
Packet Loss:	2949	37.7023
Packet Retrans:	2949	37.7024
Timeout:	2950	37.7024
Packet Loss:	2950	37.7024
Packet Retrans:	2950	37.7025
Timeout:	2941	37.7203
Packet Loss:	2941	37.7203
Timeout:	2942	37.7204
Packet Loss:	2942	37.7204
Packet Send:	2951	37.7206
Packet Send:	2952	37.7207
Receive Retrans Packet:	2922	37.7297
Receive Retrans Packet:	2931	37.7619
Timeout:	2943	37.7737
Packet Loss:	2943	37.7737
Timeout:	2944	37.7738
Packet Loss:	2944	37.7738
Packet Send:	2953	37.774
Packet Send:	2954	37.7741
Timeout:	2945	37.782
Packet Loss:	2945	37.782
Timeout:	2946	37.7821
Packet Loss:	2946	37.7821
Timeout:	2947	37.7822
Packet Loss:	2947	37.7822
Timeout:	2948	37.7823
Packet Loss:	2948	37.7823
Timeout:	2949	37.7824
Packet Loss:	2949	37.7824
Timeout:	2950	37.7825
Packet Loss:	2950	37.7825
Packet Send:	2955	37.7827
Packet Send:	2956	37.7828
Packet Send:	2957	37.7829
Packet Send:	2958	37.783
Packet Send:	2959	37.7831
Packet Send:	2960	37.7832
Timeout:	2951	37.8006
Packet Loss:	2951	37.8006
Packet Retrans:	2951	37.8007
Timeout:	2952	37.8007
Packet Loss:	2952	37.8007
Receive Retrans Packet:	2944	37.8008
Packet Retrans:	2952	37.8008
Receive Retrans Packet:	2945	37.8025
Receive Retrans Packet:	2948	37.8076
Packet Loss:	2953	37.8177
Packet Retrans:	2953	37.8178
Timeout:	2955	37.8627
Packet Loss:	2955	37.8627
Packet Retrans:	2955	37.8628
Timeout:	2956	37.8628
Packet Loss:	2956	37.8628
Packet Retrans:	2956	37.8629
Timeout:	2957	37.8629
Packet Loss:	2957	37.8629
Packet Retrans:	2957	37.863
Timeout:	2958	37.863
Packet Loss:	2958	37.863
Packet Retrans:	2958	37.8631
Timeout:	2959	37.8631
Packet Loss:	2959	37.8631
Packet Retrans:	2959	37.8632
Timeout:	2960	37.8632
Packet Loss:	2960	37.8632
Packet Retrans:	2960	37.8633
Timeout:	2951	37.8807
Packet Loss:	2951	37.8807
Timeout:	2952	37.8808
Packet Loss:	2952	37.8808
Packet Send:	2961	37.881
Packet Send:	2962	37.8811
Timeout:	2953	37.8978
Packet Loss:	2953	37.8978
Packet Send:	2963	37.898
Packet Send:	2964	37.8981
Packet Send:	2965	37.8982
Packet Loss:	2962	37.9248
Packet Retrans:	2962	37.9248
Packet Loss:	2964	37.9282
Packet Retrans:	2964	37.9282
Timeout:	2956	37.9429
Packet Loss:	2956	37.9429
Timeout:	2957	37.943
Packet Loss:	2957	37.943
Packet Send:	2966	37.9432
Packet Send:	2967	37.9433
Packet Send:	2968	37.9434
Packet Send:	2969	37.9435
Packet Send:	2970	37.9436
Packet Send:	2971	37.9437
Timeout:	2962	38.0048
Packet Loss:	2962	38.0048
Packet Send:	2972	38.005
Packet Send:	2973	38.0051
Timeout:	2964	38.0082
Packet Loss:	2964	38.0082
Packet Send:	2974	38.0084
Packet Send:	2975	38.0085
Packet Send:	2976	38.0086
Timeout:	2967	38.0233
Packet Loss:	2967	38.0233
Packet Retrans:	2967	38.0234
Timeout:	2968	38.0234
Packet Loss:	2968	38.0234
Packet Retrans:	2968	38.0235
Timeout:	2969	38.0235
Packet Loss:	2969	38.0235
Packet Retrans:	2969	38.0236
Timeout:	2970	38.0236
Packet Loss:	2970	38.0236
Packet Retrans:	2970	38.0237
Timeout:	2971	38.0237
Packet Loss:	2971	38.0237
Packet Retrans:	2971	38.0238
Packet Loss:	2973	38.0352
Packet Retrans:	2973	38.0352
Receive Retrans Packet:	2971	38.057
Timeout:	2976	38.0886
Packet Loss:	2976	38.0886
Packet Retrans:	2976	38.0887
Timeout:	2967	38.1034
Packet Loss:	2967	38.1034
Timeout:	2968	38.1035
Packet Loss:	2968	38.1035
Timeout:	2969	38.1036
Packet Loss:	2969	38.1036
Timeout:	2970	38.1037
Packet Loss:	2970	38.1037
Packet Send:	2977	38.1039
Packet Send:	2978	38.104
Packet Send:	2979	38.1041
Packet Send:	2980	38.1042
Packet Send:	2981	38.1043
Packet Send:	2982	38.1044
Timeout:	2973	38.1152
Packet Loss:	2973	38.1152
Packet Send:	2983	38.1154
Packet Send:	2984	38.1155
Packet Send:	2985	38.1156
Packet Loss:	2977	38.1341
Packet Loss:	2978	38.1341
Packet Retrans:	2977	38.1341
Packet Retrans:	2978	38.1342
Packet Loss:	2981	38.1456
Packet Loss:	2982	38.1456
Packet Loss:	2983	38.1456
Packet Loss:	2984	38.1456
Packet Retrans:	2981	38.1456
Packet Retrans:	2982	38.1457
Packet Retrans:	2983	38.1458
Packet Retrans:	2984	38.1459
Timeout:	2976	38.1687
Packet Loss:	2976	38.1687
Packet Send:	2986	38.1689
Receive Retrans Packet:	2981	38.1724
Receive Retrans Packet:	2982	38.1741
Timeout:	2977	38.2141
Packet Loss:	2977	38.2141
Timeout:	2978	38.2142
Packet Loss:	2978	38.2142
Packet Send:	2987	38.2144
Packet Send:	2988	38.2145
Packet Send:	2989	38.2146
Packet Send:	2990	38.2147
Packet Send:	2991	38.2148
Packet Send:	2992	38.2149
Timeout:	2983	38.2258
Packet Loss:	2983	38.2258
Timeout:	2984	38.2259
Packet Loss:	2984	38.2259
Packet Send:	2993	38.2261
Packet Send:	2994	38.2262
Packet Send:	2995	38.2263
Packet Loss:	2986	38.2446
Packet Loss:	2987	38.2446
Packet Loss:	2988	38.2446
Packet Retrans:	2986	38.2446
Packet Retrans:	2987	38.2447
Packet Retrans:	2988	38.2448
Packet Loss:	2990	38.2546
Packet Loss:	2991	38.2546
Packet Loss:	2992	38.2546
Packet Loss:	2993	38.2546
Packet Retrans:	2990	38.2546
Packet Retrans:	2991	38.2547
Packet Retrans:	2992	38.2548
Packet Retrans:	2993	38.2549
Receive Retrans Packet:	2987	38.2731
Receive Retrans Packet:	2992	38.2848
Timeout:	2986	38.3246
Packet Loss:	2986	38.3246
Packet Send:	2996	38.3248
Timeout:	2988	38.3248
Packet Loss:	2988	38.3248
Packet Send:	2997	38.325
Packet Send:	2998	38.3251
Packet Send:	2999	38.3252
Timeout:	2990	38.3346
Packet Loss:	2990	38.3346
Timeout:	2991	38.3347
Packet Loss:	2991	38.3347
Packet Send:	3000	38.3349
Timeout:	2993	38.3349
Packet Loss:	2993	38.3349
Packet Send:	3001	38.3351
Packet Send:	3002	38.3352
Packet Send:	3003	38.3353
Packet Send:	3004	38.3354
Packet Send:	3005	38.3355
Packet Loss:	2996	38.3533
Packet Retrans:	2996	38.3533
Packet Loss:	2999	38.3617
Packet Retrans:	2999	38.3617
Packet Loss:	3001	38.3651
Packet Retrans:	3001	38.3651
Packet Loss:	3004	38.3702
Packet Retrans:	3004	38.3702
Receive Retrans Packet:	2996	38.3801
Packet Send:	3006	38.3801
Packet Send:	3007	38.3802
Packet Send:	3008	38.3803
Receive Retrans Packet:	3001	38.3919
Packet Loss:	3006	38.4103
Packet Loss:	3007	38.4103
Packet Retrans:	3006	38.4103
Packet Retrans:	3007	38.4104
Timeout:	2999	38.4417
Packet Loss:	2999	38.4417
Packet Send:	3009	38.4419
Packet Send:	3010	38.442
Packet Send:	3011	38.4421
Packet Send:	3012	38.4422
Packet Send:	3013	38.4423
Timeout:	3004	38.4502
Packet Loss:	3004	38.4502
Packet Send:	3014	38.4504
Packet Send:	3015	38.4505
Packet Loss:	3009	38.4755
Packet Loss:	3010	38.4755
Packet Loss:	3011	38.4755
Packet Loss:	3012	38.4755
Packet Retrans:	3009	38.4755
Packet Retrans:	3010	38.4756
Packet Retrans:	3011	38.4757
Packet Retrans:	3012	38.4758
Timeout:	3006	38.4903
Packet Loss:	3006	38.4903
Timeout:	3007	38.4904
Packet Loss:	3007	38.4904
Packet Send:	3016	38.4906
Packet Send:	3017	38.4907
Packet Send:	3018	38.4908
Receive Retrans Packet:	3009	38.5023
Packet Send:	3019	38.5023
Timeout:	3010	38.5556
Packet Loss:	3010	38.5556
Timeout:	3011	38.5557
Packet Loss:	3011	38.5557
Timeout:	3012	38.5558
Packet Loss:	3012	38.5558
Packet Send:	3020	38.556
Packet Send:	3021	38.5561
Packet Send:	3022	38.5562
Packet Send:	3023	38.5563
Packet Send:	3024	38.5564
Packet Send:	3025	38.5565
Packet Send:	3026	38.5566
Packet Send:	3027	38.5567
Timeout:	3018	38.5708
Packet Loss:	3018	38.5708
Packet Retrans:	3018	38.5709
Timeout:	3019	38.5823
Packet Loss:	3019	38.5823
Packet Retrans:	3019	38.5824
Packet Loss:	3020	38.5845
Packet Retrans:	3020	38.5845
Packet Loss:	3023	38.5896
Packet Retrans:	3023	38.5896
Receive Retrans Packet:	3018	38.5977
Packet Send:	3028	38.5977
Receive Retrans Packet:	3019	38.6092
Packet Send:	3029	38.6092
Receive Retrans Packet:	3023	38.6164
Timeout:	3020	38.6645
Packet Loss:	3020	38.6645
Packet Send:	3030	38.6647
Packet Send:	3031	38.6648
Packet Send:	3032	38.6649
Packet Send:	3033	38.665
Packet Send:	3034	38.6651
Packet Send:	3035	38.6652
Packet Send:	3036	38.6653
Packet Send:	3037	38.6654
Packet Send:	3038	38.6655
Timeout:	3029	38.6892
Packet Loss:	3029	38.6892
Packet Retrans:	3029	38.6893
Packet Loss:	3031	38.6966
Packet Loss:	3032	38.6966
Packet Retrans:	3031	38.6966
Packet Retrans:	3032	38.6967
Receive Retrans Packet:	3032	38.7251
Timeout:	3034	38.7451
Packet Loss:	3034	38.7451
Packet Retrans:	3034	38.7452
Timeout:	3035	38.7452
Packet Loss:	3035	38.7452
Packet Retrans:	3035	38.7453
Timeout:	3036	38.7453
Packet Loss:	3036	38.7453
Packet Retrans:	3036	38.7454
Timeout:	3037	38.7454
Packet Loss:	3037	38.7454
Packet Retrans:	3037	38.7455
Timeout:	3038	38.7455
Packet Loss:	3038	38.7455
Packet Retrans:	3038	38.7456
Timeout:	3029	38.7693
Packet Loss:	3029	38.7693
Packet Send:	3039	38.7695
Packet Send:	3040	38.7696
Timeout:	3031	38.7766
Packet Loss:	3031	38.7766
Packet Send:	3041	38.7768
Packet Send:	3042	38.7769
Packet Send:	3043	38.777
Packet Loss:	3039	38.798
Packet Retrans:	3039	38.798
Receive Retrans Packet:	3039	38.8248
Timeout:	3034	38.8252
Packet Loss:	3034	38.8252
Timeout:	3035	38.8253
Packet Loss:	3035	38.8253
Packet Send:	3044	38.8255
Timeout:	3037	38.8255
Packet Loss:	3037	38.8255
Timeout:	3038	38.8256
Packet Loss:	3038	38.8256
Packet Send:	3045	38.8258
Packet Send:	3046	38.8259
Packet Send:	3047	38.826
Packet Send:	3048	38.8261
Packet Send:	3049	38.8262
Packet Send:	3050	38.8263
Timeout:	3041	38.8568
Packet Loss:	3041	38.8568
Packet Retrans:	3041	38.8569
Timeout:	3042	38.8569
Packet Loss:	3042	38.8569
Packet Retrans:	3042	38.857
Timeout:	3043	38.857
Packet Loss:	3043	38.857
Packet Retrans:	3043	38.8571
Packet Loss:	3044	38.8591
Packet Loss:	3045	38.8591
Packet Loss:	3046	38.8591
Packet Loss:	3047	38.8591
Packet Retrans:	3044	38.8591
Packet Retrans:	3045	38.8592
Packet Retrans:	3046	38.8593
Packet Retrans:	3047	38.8594
Receive Retrans Packet:	3043	38.8871
Receive Retrans Packet:	3044	38.8888
Receive Retrans Packet:	3046	38.8922
Timeout:	3049	38.9062
Packet Loss:	3049	38.9062
Packet Retrans:	3049	38.9063
Timeout:	3050	38.9063
Packet Loss:	3050	38.9063
Packet Retrans:	3050	38.9064
Timeout:	3041	38.9369
Packet Loss:	3041	38.9369
Timeout:	3042	38.937
Packet Loss:	3042	38.937
Packet Send:	3051	38.9372
Packet Send:	3052	38.9373
Packet Send:	3053	38.9374
Packet Send:	3054	38.9375
Timeout:	3045	38.9392
Packet Loss:	3045	38.9392
Packet Send:	3055	38.9394
Timeout:	3047	38.9394
Packet Loss:	3047	38.9394
Packet Send:	3056	38.9396
Packet Send:	3057	38.9397
Packet Send:	3058	38.9398
Packet Loss:	3051	38.9674
Packet Loss:	3052	38.9674
Packet Retrans:	3051	38.9674
Packet Retrans:	3052	38.9675
Packet Loss:	3054	38.9725
Packet Loss:	3055	38.9725
Packet Retrans:	3054	38.9725
Packet Retrans:	3055	38.9726
Timeout:	3049	38.9863
Packet Loss:	3049	38.9863
Timeout:	3050	38.9864
Packet Loss:	3050	38.9864
Packet Send:	3059	38.9866
Packet Send:	3060	38.9867
Receive Retrans Packet:	3054	38.9993
Timeout:	3057	39.0197
Packet Loss:	3057	39.0197
Packet Retrans:	3057	39.0198
Timeout:	3058	39.0198
Packet Loss:	3058	39.0198
Packet Retrans:	3058	39.0199
Timeout:	3051	39.0474
Packet Loss:	3051	39.0474
Timeout:	3052	39.0475
Packet Loss:	3052	39.0475
Packet Send:	3061	39.0477
Packet Send:	3062	39.0478
Packet Send:	3063	39.0479
Packet Send:	3064	39.048
Timeout:	3055	39.0526
Packet Loss:	3055	39.0526
Packet Send:	3065	39.0528
Packet Send:	3066	39.0529
Packet Send:	3067	39.053
Timeout:	3059	39.0666
Packet Loss:	3059	39.0666
Packet Retrans:	3059	39.0667
Timeout:	3060	39.0667
Packet Loss:	3060	39.0667
Packet Retrans:	3060	39.0668
Packet Loss:	3065	39.0846
Packet Loss:	3066	39.0846
Packet Retrans:	3065	39.0847
Packet Retrans:	3066	39.0848
Receive Retrans Packet:	3060	39.0952
Timeout:	3058	39.0999
Packet Loss:	3058	39.0999
Packet Send:	3068	39.1001
Receive Retrans Packet:	3066	39.1132
Timeout:	3059	39.1467
Packet Loss:	3059	39.1467
Packet Send:	3069	39.1469
Packet Send:	3070	39.147
Packet Send:	3071	39.1471
Packet Send:	3072	39.1472
Packet Send:	3073	39.1473
Packet Send:	3074	39.1474
Timeout:	3065	39.1647
Packet Loss:	3065	39.1647
Packet Send:	3075	39.1649
Packet Send:	3076	39.165
Packet Send:	3077	39.1651
Packet Send:	3078	39.1652
Packet Loss:	3069	39.1754
Packet Retrans:	3069	39.1754
Packet Loss:	3071	39.1822
Packet Loss:	3072	39.1822
Packet Loss:	3073	39.1822
Packet Retrans:	3071	39.1822
Packet Retrans:	3072	39.1823
Packet Retrans:	3073	39.1824
Packet Loss:	3075	39.1951
Packet Loss:	3076	39.1951
Packet Retrans:	3075	39.1951
Packet Retrans:	3076	39.1952
Receive Retrans Packet:	3073	39.2124
Receive Retrans Packet:	3075	39.2219
Receive Retrans Packet:	3076	39.2236
Timeout:	3078	39.2452
Packet Loss:	3078	39.2452
Packet Retrans:	3078	39.2453
Timeout:	3069	39.2554
Packet Loss:	3069	39.2554
Packet Send:	3079	39.2556
Packet Send:	3080	39.2557
Timeout:	3071	39.2622
Packet Loss:	3071	39.2622
Timeout:	3072	39.2623
Packet Loss:	3072	39.2623
Packet Send:	3081	39.2625
Packet Send:	3082	39.2626
Packet Send:	3083	39.2627
Packet Send:	3084	39.2628
Packet Send:	3085	39.2629
Packet Send:	3086	39.263
Packet Send:	3087	39.2631
Packet Send:	3088	39.2721
Packet Send:	3089	39.2824
Packet Loss:	3080	39.2978
Packet Loss:	3081	39.2978
Packet Loss:	3082	39.2978
Packet Loss:	3083	39.2978
Packet Loss:	3084	39.2978
Packet Loss:	3085	39.2978
Packet Retrans:	3080	39.2978
Packet Retrans:	3081	39.2979
Packet Retrans:	3082	39.298
Packet Retrans:	3083	39.2981
Packet Retrans:	3084	39.2982
Packet Retrans:	3085	39.2983
Receive Retrans Packet:	3080	39.3246
Packet Send:	3090	39.3246
Receive Retrans Packet:	3082	39.328
Timeout:	3087	39.3431
Packet Loss:	3087	39.3431
Packet Retrans:	3087	39.3432
Timeout:	3088	39.3521
Packet Loss:	3088	39.3521
Packet Retrans:	3088	39.3522
Timeout:	3089	39.3624
Packet Loss:	3089	39.3624
Packet Retrans:	3089	39.3625
Timeout:	3081	39.3779
Packet Loss:	3081	39.3779
Packet Send:	3091	39.3781
Timeout:	3083	39.3781
Packet Loss:	3083	39.3781
Timeout:	3084	39.3782
Packet Loss:	3084	39.3782
Timeout:	3085	39.3783
Packet Loss:	3085	39.3783
Packet Send:	3092	39.3785
Packet Send:	3093	39.3786
Packet Send:	3094	39.3787
Packet Send:	3095	39.3788
Packet Send:	3096	39.3789
Timeout:	3090	39.4046
Packet Loss:	3090	39.4046
Packet Retrans:	3090	39.4047
Packet Loss:	3091	39.4083
Packet Loss:	3092	39.4083
Packet Retrans:	3091	39.4083
Packet Retrans:	3092	39.4084
Timeout:	3087	39.4232
Packet Loss:	3087	39.4232
Packet Send:	3097	39.4234
Timeout:	3088	39.4322
Packet Loss:	3088	39.4322
Packet Send:	3098	39.4324
Timeout:	3089	39.4425
Packet Loss:	3089	39.4425
Packet Send:	3099	39.4427
Packet Loss:	3094	39.4502
Packet Loss:	3095	39.4502
Packet Loss:	3096	39.4502
Packet Retrans:	3094	39.4502
Packet Retrans:	3095	39.4503
Packet Retrans:	3096	39.4504
Packet Loss:	3098	39.4695
Packet Retrans:	3098	39.4695
Receive Retrans Packet:	3095	39.4787
Timeout:	3090	39.4847
Packet Loss:	3090	39.4847
Packet Send:	3100	39.4849
Timeout:	3091	39.4883
Packet Loss:	3091	39.4883
Timeout:	3092	39.4884
Packet Loss:	3092	39.4884
Packet Send:	3101	39.4886
Packet Send:	3102	39.4887
Packet Send:	3103	39.4888
Receive Retrans Packet:	3098	39.4963
Timeout:	3094	39.5302
Packet Loss:	3094	39.5302
Packet Send:	3104	39.5304
Timeout:	3096	39.5304
Packet Loss:	3096	39.5304
Packet Send:	3105	39.5306
Packet Send:	3106	39.5307
Packet Send:	3107	39.5308
Packet Send:	3108	39.5309
Packet Send:	3109	39.531
Packet Send:	3110	39.5311
Packet Loss:	3101	39.5572
Packet Loss:	3102	39.5572
Packet Loss:	3103	39.5572
Packet Retrans:	3101	39.5572
Packet Retrans:	3102	39.5573
Packet Retrans:	3103	39.5574
Packet Loss:	3106	39.5623
Packet Retrans:	3106	39.5623
Packet Loss:	3108	39.5673
Packet Loss:	3109	39.5673
Packet Retrans:	3108	39.5674
Packet Retrans:	3109	39.5675
Receive Retrans Packet:	3102	39.5857
Receive Retrans Packet:	3103	39.5874
Receive Retrans Packet:	3106	39.5891
Timeout:	3101	39.6372
Packet Loss:	3101	39.6372
Packet Send:	3111	39.6374
Packet Send:	3112	39.6375
Packet Send:	3113	39.6376
Packet Send:	3114	39.6377
Packet Send:	3115	39.6378
Packet Send:	3116	39.6379
Packet Send:	3117	39.638
Timeout:	3108	39.6474
Packet Loss:	3108	39.6474
Timeout:	3109	39.6475
Packet Loss:	3109	39.6475
Packet Send:	3118	39.6477
Packet Send:	3119	39.6478
Packet Send:	3120	39.6479
Packet Loss:	3111	39.6659
Packet Retrans:	3111	39.6659
Packet Loss:	3115	39.6726
Packet Retrans:	3115	39.6727
Packet Loss:	3117	39.676
Packet Retrans:	3117	39.6761
Timeout:	3119	39.7278
Packet Loss:	3119	39.7278
Packet Retrans:	3119	39.7279
Timeout:	3120	39.7279
Packet Loss:	3120	39.7279
Packet Retrans:	3120	39.728
Timeout:	3111	39.7459
Packet Loss:	3111	39.7459
Packet Send:	3121	39.7461
Packet Send:	3122	39.7462
Packet Send:	3123	39.7463
Packet Send:	3124	39.7464
Timeout:	3115	39.7527
Packet Loss:	3115	39.7527
Packet Send:	3125	39.7529
Packet Send:	3126	39.753
Timeout:	3117	39.7561
Packet Loss:	3117	39.7561
Packet Send:	3127	39.7563
Packet Send:	3128	39.7564
Timeout:	3119	39.8079
Packet Loss:	3119	39.8079
Timeout:	3120	39.808
Packet Loss:	3120	39.808
Packet Send:	3129	39.8082
Packet Send:	3130	39.8083
Packet Send:	3131	39.8084
Timeout:	3122	39.8262
Packet Loss:	3122	39.8262
Packet Retrans:	3122	39.8263
Timeout:	3123	39.8263
Packet Loss:	3123	39.8263
Packet Retrans:	3123	39.8264
Timeout:	3124	39.8264
Packet Loss:	3124	39.8264
Packet Retrans:	3124	39.8265
Timeout:	3125	39.8329
Packet Loss:	3125	39.8329
Packet Retrans:	3125	39.833
Timeout:	3126	39.833
Packet Loss:	3126	39.833
Packet Retrans:	3126	39.8331
Packet Loss:	3127	39.835
Packet Loss:	3128	39.835
Packet Retrans:	3127	39.835
Packet Retrans:	3128	39.8351
Receive Retrans Packet:	3124	39.8565
Receive Retrans Packet:	3128	39.8649
Timeout:	3130	39.8883
Packet Loss:	3130	39.8883
Packet Retrans:	3130	39.8884
Timeout:	3131	39.8884
Packet Loss:	3131	39.8884
Packet Retrans:	3131	39.8885
Timeout:	3122	39.9063
Packet Loss:	3122	39.9063
Timeout:	3123	39.9064
Packet Loss:	3123	39.9064
Packet Send:	3132	39.9066
Packet Send:	3133	39.9067
Packet Send:	3134	39.9068
Timeout:	3125	39.913
Packet Loss:	3125	39.913
Timeout:	3126	39.9131
Packet Loss:	3126	39.9131
Packet Send:	3135	39.9133
Packet Send:	3136	39.9134
Timeout:	3127	39.915
Packet Loss:	3127	39.915
Packet Send:	3137	39.9152
Packet Send:	3138	39.9153
Packet Send:	3139	39.9154
Packet Send:	3140	39.9155
Packet Loss:	3133	39.9401
Packet Loss:	3134	39.9401
Packet Retrans:	3133	39.9401
Packet Retrans:	3134	39.9402
Timeout:	3131	39.9685
Packet Loss:	3131	39.9685
Packet Send:	3141	39.9687
Packet Send:	3142	39.9688
Timeout:	3138	39.9953
Packet Loss:	3138	39.9953
Packet Retrans:	3138	39.9954
Timeout:	3139	39.9954
Packet Loss:	3139	39.9954
Packet Loss:	3139	39.9955
Packet Loss:	3140	39.9955
Packet Retrans:	3139	39.9955
Packet Retrans:	3140	39.9957
Timeout:	3133	40.0201
Packet Loss:	3133	40.0201
Timeout:	3134	40.0202
Packet Loss:	3134	40.0202
Packet Send:	3143	40.0204
Packet Send:	3144	40.0205
Packet Send:	3145	40.0206
Packet Send:	3146	40.0207
Packet Send:	3147	40.0208
Receive Retrans Packet:	3138	40.0222
Packet Send:	3148	40.0222
Receive Retrans Packet:	3139	40.0239
Packet Send:	3149	40.0239
Receive Retrans Packet:	3140	40.0256
Packet Send:	3150	40.0256
Packet Send:	3151	40.0257
Packet Send:	3152	40.0258
Packet Loss:	3143	40.054
Packet Loss:	3144	40.054
Packet Loss:	3145	40.054
Packet Loss:	3146	40.054
Packet Retrans:	3143	40.054
Packet Retrans:	3144	40.0541
Packet Retrans:	3145	40.0542
Packet Retrans:	3146	40.0543
Packet Loss:	3149	40.059
Packet Retrans:	3149	40.0591
Timeout:	3143	40.134
Packet Loss:	3143	40.134
Timeout:	3144	40.1341
Packet Loss:	3144	40.1341
Timeout:	3145	40.1342
Packet Loss:	3145	40.1342
Timeout:	3146	40.1343
Packet Loss:	3146	40.1343
Packet Send:	3153	40.1345
Packet Send:	3154	40.1346
Packet Send:	3155	40.1347
Packet Send:	3156	40.1348
Packet Send:	3157	40.1349
Packet Send:	3158	40.135
Timeout:	3149	40.1391
Packet Loss:	3149	40.1391
Packet Send:	3159	40.1393
Packet Send:	3160	40.1394
Packet Send:	3161	40.1395
Packet Send:	3162	40.1396
Packet Loss:	3153	40.1664
Packet Loss:	3154	40.1664
Packet Loss:	3155	40.1664
Packet Retrans:	3153	40.1664
Packet Retrans:	3154	40.1665
Packet Retrans:	3155	40.1666
Packet Loss:	3159	40.1731
Packet Retrans:	3159	40.1732
Receive Retrans Packet:	3153	40.1932
Packet Send:	3163	40.1932
Receive Retrans Packet:	3155	40.1966
Receive Retrans Packet:	3159	40.2
Timeout:	3162	40.2196
Packet Loss:	3162	40.2196
Packet Retrans:	3162	40.2197
Timeout:	3154	40.2465
Packet Loss:	3154	40.2465
Packet Send:	3164	40.2467
Packet Send:	3165	40.2468
Packet Send:	3166	40.2469
Packet Send:	3167	40.247
Packet Send:	3168	40.2471
Packet Send:	3169	40.2472
Packet Send:	3170	40.2473
Packet Send:	3171	40.2474
Packet Loss:	3164	40.2819
Packet Loss:	3165	40.2819
Packet Loss:	3166	40.2819
Packet Loss:	3167	40.2819
Packet Loss:	3168	40.2819
Packet Retrans:	3164	40.282
Packet Retrans:	3165	40.2821
Packet Retrans:	3166	40.2822
Packet Retrans:	3167	40.2823
Packet Retrans:	3168	40.2824
Timeout:	3162	40.2997
Packet Loss:	3162	40.2997
Packet Send:	3172	40.2999
Packet Send:	3173	40.3
Packet Loss:	3171	40.3267
Packet Retrans:	3171	40.3267
Timeout:	3164	40.362
Packet Loss:	3164	40.362
Timeout:	3165	40.3621
Packet Loss:	3165	40.3621
Timeout:	3166	40.3622
Packet Loss:	3166	40.3622
Timeout:	3167	40.3623
Packet Loss:	3167	40.3623
Timeout:	3168	40.3624
Packet Loss:	3168	40.3624
Packet Send:	3174	40.3626
Packet Send:	3175	40.3627
Packet Send:	3176	40.3628
Packet Send:	3177	40.3629
Packet Send:	3178	40.363
Packet Send:	3179	40.3631
Packet Send:	3180	40.3632
Timeout:	3173	40.38
Packet Loss:	3173	40.38
Packet Retrans:	3173	40.3801
Receive Retrans Packet:	3171	40.3864
Packet Send:	3181	40.3865
Packet Send:	3182	40.3866
Timeout:	3174	40.4426
Packet Loss:	3174	40.4426
Packet Retrans:	3174	40.4427
Timeout:	3175	40.4427
Packet Loss:	3175	40.4427
Packet Retrans:	3175	40.4428
Timeout:	3176	40.4428
Packet Loss:	3176	40.4428
Packet Retrans:	3176	40.4429
Timeout:	3177	40.4429
Packet Loss:	3177	40.4429
Packet Retrans:	3177	40.443
Timeout:	3178	40.443
Packet Loss:	3178	40.443
Packet Retrans:	3178	40.4431
Timeout:	3179	40.4431
Packet Loss:	3179	40.4431
Packet Retrans:	3179	40.4432
Timeout:	3180	40.4432
Packet Loss:	3180	40.4432
Packet Retrans:	3180	40.4433
Timeout:	3173	40.4601
Packet Loss:	3173	40.4601
Packet Send:	3183	40.4603
Timeout:	3181	40.4665
Packet Loss:	3181	40.4665
Packet Retrans:	3181	40.4666
Timeout:	3182	40.4666
Packet Loss:	3182	40.4666
Packet Retrans:	3182	40.4667
Timeout:	3174	40.5227
Packet Loss:	3174	40.5227
Timeout:	3175	40.5228
Packet Loss:	3175	40.5228
Timeout:	3176	40.5229
Packet Loss:	3176	40.5229
Timeout:	3177	40.523
Packet Loss:	3177	40.523
Packet Send:	3184	40.5232
Timeout:	3179	40.5232
Packet Loss:	3179	40.5232
Packet Send:	3185	40.5234
Packet Send:	3186	40.5235
Packet Send:	3187	40.5236
Packet Send:	3188	40.5237
Packet Send:	3189	40.5238
Packet Send:	3190	40.5239
Packet Send:	3191	40.5283
Timeout:	3183	40.5403
Packet Loss:	3183	40.5403
Packet Retrans:	3183	40.5404
Timeout:	3182	40.5467
Packet Loss:	3182	40.5467
Packet Send:	3192	40.5469
Timeout:	3184	40.6032
Packet Loss:	3184	40.6032
Packet Retrans:	3184	40.6033
Timeout:	3185	40.6034
Packet Loss:	3185	40.6034
Packet Retrans:	3185	40.6035
Timeout:	3186	40.6035
Packet Loss:	3186	40.6035
Packet Retrans:	3186	40.6036
Timeout:	3187	40.6036
Packet Loss:	3187	40.6036
Packet Retrans:	3187	40.6037
Timeout:	3188	40.6037
Packet Loss:	3188	40.6037
Packet Retrans:	3188	40.6038
Timeout:	3189	40.6038
Packet Loss:	3189	40.6038
Packet Retrans:	3189	40.6039
Timeout:	3190	40.6039
Packet Loss:	3190	40.6039
Packet Retrans:	3190	40.604
Timeout:	3191	40.6083
Packet Loss:	3191	40.6083
Packet Retrans:	3191	40.6084
Timeout:	3183	40.6204
Packet Loss:	3183	40.6204
Packet Send:	3193	40.6206
Timeout:	3192	40.6269
Packet Loss:	3192	40.6269
Packet Retrans:	3192	40.627
Receive Retrans Packet:	3174	40.6513
Receive Retrans Packet:	3176	40.6547
Receive Retrans Packet:	3179	40.6607
Receive Retrans Packet:	3180	40.6624
Timeout:	3184	40.6833
Packet Loss:	3184	40.6833
Packet Send:	3194	40.6835
Timeout:	3185	40.6835
Packet Loss:	3185	40.6835
Timeout:	3186	40.6836
Packet Loss:	3186	40.6836
Timeout:	3187	40.6837
Packet Loss:	3187	40.6837
Timeout:	3188	40.6838
Packet Loss:	3188	40.6838
Timeout:	3189	40.6839
Packet Loss:	3189	40.6839
Timeout:	3190	40.684
Packet Loss:	3190	40.684
Packet Send:	3195	40.6842
Packet Send:	3196	40.6843
Packet Send:	3197	40.6844
Packet Send:	3198	40.6845
Packet Send:	3199	40.6846
Packet Send:	3200	40.6847
Timeout:	3191	40.6884
Packet Loss:	3191	40.6884
Packet Send:	3201	40.6886
Timeout:	3193	40.7006
Packet Loss:	3193	40.7006
Packet Retrans:	3193	40.7007
Timeout:	3192	40.707
Packet Loss:	3192	40.707
Packet Send:	3202	40.7072
Receive Retrans Packet:	3182	40.7169
Timeout:	3194	40.7635
Packet Loss:	3194	40.7635
Packet Retrans:	3194	40.7636
Timeout:	3195	40.7642
Packet Loss:	3195	40.7642
Packet Retrans:	3195	40.7643
Timeout:	3196	40.7643
Packet Loss:	3196	40.7643
Packet Retrans:	3196	40.7644
Timeout:	3197	40.7644
Packet Loss:	3197	40.7644
Packet Retrans:	3197	40.7645
Timeout:	3198	40.7645
Packet Loss:	3198	40.7645
Packet Retrans:	3198	40.7646
Timeout:	3199	40.7646
Packet Loss:	3199	40.7646
Packet Retrans:	3199	40.7647
Timeout:	3200	40.7647
Packet Loss:	3200	40.7647
Packet Retrans:	3200	40.7648
Timeout:	3201	40.7686
Packet Loss:	3201	40.7686
Packet Retrans:	3201	40.7687
Timeout:	3193	40.7807
Packet Loss:	3193	40.7807
Packet Send:	3203	40.7809
Timeout:	3202	40.7872
Packet Loss:	3202	40.7872
Packet Retrans:	3202	40.7873
Timeout:	3194	40.8436
Packet Loss:	3194	40.8436
Packet Send:	3204	40.8438
Timeout:	3195	40.8443
Packet Loss:	3195	40.8443
Timeout:	3196	40.8444
Packet Loss:	3196	40.8444
Timeout:	3197	40.8445
Packet Loss:	3197	40.8445
Timeout:	3198	40.8446
Packet Loss:	3198	40.8446
Timeout:	3199	40.8447
Packet Loss:	3199	40.8447
Timeout:	3200	40.8448
Packet Loss:	3200	40.8448
Packet Send:	3205	40.845
Packet Send:	3206	40.8451
Packet Send:	3207	40.8452
Packet Send:	3208	40.8453
Packet Send:	3209	40.8454
Packet Send:	3210	40.8455
Timeout:	3201	40.8487
Packet Loss:	3201	40.8487
Packet Send:	3211	40.8489
Timeout:	3203	40.8609
Packet Loss:	3203	40.8609
Packet Retrans:	3203	40.861
Timeout:	3202	40.8673
Packet Loss:	3202	40.8673
Packet Send:	3212	40.8675
Timeout:	3204	40.9238
Packet Loss:	3204	40.9238
Packet Retrans:	3204	40.9239
Timeout:	3205	40.925
Packet Loss:	3205	40.925
Packet Retrans:	3205	40.9251
Timeout:	3206	40.9251
Packet Loss:	3206	40.9251
Packet Retrans:	3206	40.9252
Timeout:	3207	40.9252
Packet Loss:	3207	40.9252
Packet Retrans:	3207	40.9253
Timeout:	3208	40.9253
Packet Loss:	3208	40.9253
Packet Retrans:	3208	40.9254
Timeout:	3209	40.9254
Packet Loss:	3209	40.9254
Packet Retrans:	3209	40.9255
Timeout:	3210	40.9255
Packet Loss:	3210	40.9255
Packet Retrans:	3210	40.9256
Timeout:	3211	40.9289
Packet Loss:	3211	40.9289
Packet Retrans:	3211	40.929
Timeout:	3203	40.941
Packet Loss:	3203	40.941
Packet Send:	3213	40.9412
Timeout:	3212	40.9475
Packet Loss:	3212	40.9475
Packet Retrans:	3212	40.9476
Timeout:	3204	41.0039
Packet Loss:	3204	41.0039
Packet Send:	3214	41.0041
Timeout:	3205	41.0051
Packet Loss:	3205	41.0051
Timeout:	3206	41.0052
Packet Loss:	3206	41.0052
Timeout:	3207	41.0053
Packet Loss:	3207	41.0053
Timeout:	3208	41.0054
Packet Loss:	3208	41.0054
Timeout:	3209	41.0055
Packet Loss:	3209	41.0055
Timeout:	3210	41.0056
Packet Loss:	3210	41.0056
Packet Send:	3215	41.0058
Packet Send:	3216	41.0059
Packet Send:	3217	41.006
Packet Send:	3218	41.0061
Packet Send:	3219	41.0062
Packet Send:	3220	41.0063
Timeout:	3211	41.009
Packet Loss:	3211	41.009
Packet Send:	3221	41.0092
Receive Retrans Packet:	3184	41.0182
Receive Retrans Packet:	3185	41.0199
Timeout:	3213	41.0212
Packet Loss:	3213	41.0212
Packet Retrans:	3213	41.0213
Receive Retrans Packet:	3186	41.0216
Receive Retrans Packet:	3188	41.025
Timeout:	3212	41.0276
Packet Loss:	3212	41.0276
Packet Send:	3222	41.0278
Receive Retrans Packet:	3191	41.03
Receive Retrans Packet:	3192	41.0334
Receive Retrans Packet:	3193	41.0487
Receive Retrans Packet:	3195	41.0537
Timeout:	3214	41.0841
Packet Loss:	3214	41.0841
Packet Retrans:	3214	41.0842
Timeout:	3215	41.0858
Packet Loss:	3215	41.0858
Packet Retrans:	3215	41.0859
Timeout:	3216	41.0859
Packet Loss:	3216	41.0859
Packet Retrans:	3216	41.086
Timeout:	3217	41.086
Packet Loss:	3217	41.086
Packet Retrans:	3217	41.0861
Timeout:	3218	41.0861
Packet Loss:	3218	41.0861
Packet Retrans:	3218	41.0862
Timeout:	3219	41.0862
Packet Loss:	3219	41.0862
Packet Retrans:	3219	41.0863
Timeout:	3220	41.0863
Packet Loss:	3220	41.0863
Packet Retrans:	3220	41.0864
Receive Retrans Packet:	3205	41.0876
Timeout:	3221	41.0892
Packet Loss:	3221	41.0892
Packet Retrans:	3221	41.0893
Receive Retrans Packet:	3207	41.091
Receive Retrans Packet:	3210	41.0961
Receive Retrans Packet:	3211	41.0978
Receive Retrans Packet:	3212	41.1011
Timeout:	3213	41.1013
Packet Loss:	3213	41.1013
Packet Send:	3223	41.1015
Timeout:	3222	41.1078
Packet Loss:	3222	41.1078
Packet Retrans:	3222	41.1079
Receive Retrans Packet:	3213	41.1164
Timeout:	3214	41.1642
Packet Loss:	3214	41.1642
Packet Send:	3224	41.1644
Packet Send:	3225	41.1645
Packet Send:	3226	41.1646
Packet Send:	3227	41.1647
Packet Send:	3228	41.1648
Packet Send:	3229	41.1649
Timeout:	3220	41.1664
Packet Loss:	3220	41.1664
Packet Send:	3230	41.1666
Timeout:	3221	41.1693
Packet Loss:	3221	41.1693
Packet Send:	3231	41.1695
Timeout:	3223	41.1815
Packet Loss:	3223	41.1815
Packet Retrans:	3223	41.1816
Timeout:	3222	41.1879
Packet Loss:	3222	41.1879
Packet Send:	3232	41.1881
Packet Loss:	3224	41.1962
Packet Loss:	3225	41.1962
Packet Loss:	3226	41.1962
Packet Retrans:	3224	41.1963
Packet Retrans:	3225	41.1964
Packet Retrans:	3226	41.1965
Packet Loss:	3228	41.203
Packet Loss:	3229	41.203
Packet Loss:	3230	41.203
Packet Retrans:	3228	41.2031
Packet Retrans:	3229	41.2032
Packet Retrans:	3230	41.2033
Receive Retrans Packet:	3224	41.2231
Receive Retrans Packet:	3226	41.2265
Timeout:	3223	41.2616
Packet Loss:	3223	41.2616
Packet Send:	3233	41.2618
Packet Send:	3234	41.2619
Timeout:	3225	41.2764
Packet Loss:	3225	41.2764
Packet Send:	3235	41.2766
Packet Send:	3236	41.2767
Packet Send:	3237	41.2768
Timeout:	3228	41.2831
Packet Loss:	3228	41.2831
Timeout:	3229	41.2832
Packet Loss:	3229	41.2832
Timeout:	3230	41.2833
Packet Loss:	3230	41.2833
Packet Send:	3238	41.2835
Packet Send:	3239	41.2836
Packet Send:	3240	41.2837
Packet Send:	3241	41.2838
Packet Send:	3242	41.2839
Packet Loss:	3233	41.3051
Packet Loss:	3234	41.3051
Packet Loss:	3235	41.3051
Packet Retrans:	3233	41.3051
Packet Retrans:	3234	41.3052
Packet Retrans:	3235	41.3053
Receive Retrans Packet:	3235	41.3353
Timeout:	3238	41.3635
Packet Loss:	3238	41.3635
Packet Retrans:	3238	41.3636
Timeout:	3239	41.3636
Packet Loss:	3239	41.3636
Packet Retrans:	3239	41.3637
Timeout:	3240	41.3637
Packet Loss:	3240	41.3637
Packet Retrans:	3240	41.3638
Timeout:	3241	41.3638
Packet Loss:	3241	41.3638
Packet Retrans:	3241	41.3639
Timeout:	3242	41.3639
Packet Loss:	3242	41.3639
Packet Retrans:	3242	41.364
Timeout:	3233	41.3851
Packet Loss:	3233	41.3851
Timeout:	3234	41.3852
Packet Loss:	3234	41.3852
Packet Send:	3243	41.3854
Packet Send:	3244	41.3855
Packet Send:	3245	41.3856
Packet Send:	3246	41.3857
Packet Send:	3247	41.3858
Packet Loss:	3243	41.4156
Packet Loss:	3244	41.4156
Packet Retrans:	3243	41.4156
Packet Retrans:	3244	41.4157
Timeout:	3238	41.4436
Packet Loss:	3238	41.4436
Timeout:	3239	41.4437
Packet Loss:	3239	41.4437
Packet Send:	3248	41.4439
Timeout:	3241	41.4439
Packet Loss:	3241	41.4439
Timeout:	3242	41.444
Packet Loss:	3242	41.444
Packet Send:	3249	41.4442
Packet Send:	3250	41.4443
Packet Send:	3251	41.4444
Packet Send:	3252	41.4445
Timeout:	3246	41.4657
Packet Loss:	3246	41.4657
Packet Retrans:	3246	41.4658
Timeout:	3247	41.4658
Packet Loss:	3247	41.4658
Packet Retrans:	3247	41.4659
Timeout:	3243	41.4956
Packet Loss:	3243	41.4956
Timeout:	3244	41.4957
Packet Loss:	3244	41.4957
Packet Send:	3253	41.4959
Packet Send:	3254	41.496
Packet Send:	3255	41.4961
Timeout:	3248	41.5239
Packet Loss:	3248	41.5239
Packet Retrans:	3248	41.524
Timeout:	3249	41.5242
Packet Loss:	3249	41.5242
Packet Retrans:	3249	41.5243
Timeout:	3250	41.5243
Packet Loss:	3250	41.5243
Packet Loss:	3250	41.5244
Packet Loss:	3251	41.5244
Packet Loss:	3252	41.5244
Packet Loss:	3253	41.5244
Packet Retrans:	3250	41.5244
Packet Retrans:	3251	41.5246
Packet Retrans:	3252	41.5247
Packet Retrans:	3253	41.5248
Timeout:	3246	41.5458
Packet Loss:	3246	41.5458
Timeout:	3247	41.5459
Packet Loss:	3247	41.5459
Packet Send:	3256	41.5461
Packet Send:	3257	41.5462
Receive Retrans Packet:	3249	41.5525
Receive Retrans Packet:	3252	41.5575
Receive Retrans Packet:	3253	41.5592
Timeout:	3248	41.604
Packet Loss:	3248	41.604
Packet Send:	3258	41.6042
Packet Send:	3259	41.6043
Timeout:	3250	41.6044
Packet Loss:	3250	41.6044
Packet Send:	3260	41.6046
Timeout:	3251	41.6046
Packet Loss:	3251	41.6046
Packet Send:	3261	41.6048
Packet Send:	3262	41.6049
Packet Send:	3263	41.605
Packet Send:	3264	41.6051
Packet Send:	3265	41.6052
Packet Send:	3266	41.6053
Packet Send:	3267	41.6054
Packet Loss:	3258	41.6327
Packet Retrans:	3258	41.6327
Packet Loss:	3260	41.6394
Packet Loss:	3261	41.6394
Packet Loss:	3262	41.6394
Packet Retrans:	3260	41.6395
Packet Retrans:	3261	41.6396
Packet Retrans:	3262	41.6397
Receive Retrans Packet:	3260	41.6663
Timeout:	3265	41.6852
Packet Loss:	3265	41.6852
Packet Retrans:	3265	41.6853
Timeout:	3266	41.6853
Packet Loss:	3266	41.6853
Packet Retrans:	3266	41.6854
Timeout:	3267	41.6854
Packet Loss:	3267	41.6854
Packet Retrans:	3267	41.6855
Timeout:	3258	41.7127
Packet Loss:	3258	41.7127
Packet Send:	3268	41.7129
Packet Send:	3269	41.713
Packet Send:	3270	41.7131
Timeout:	3261	41.7196
Packet Loss:	3261	41.7196
Timeout:	3262	41.7197
Packet Loss:	3262	41.7197
Packet Send:	3271	41.7199
Packet Send:	3272	41.72
Packet Send:	3273	41.7201
Packet Send:	3274	41.7202
Timeout:	3265	41.7653
Packet Loss:	3265	41.7653
Packet Send:	3275	41.7655
Timeout:	3267	41.7655
Packet Loss:	3267	41.7655
Packet Send:	3276	41.7657
Packet Send:	3277	41.7658
Packet Send:	3278	41.7659
Packet Send:	3279	41.766
Packet Send:	3280	41.7661
Packet Send:	3281	41.7662
Packet Loss:	3272	41.7923
Packet Loss:	3273	41.7923
Packet Loss:	3274	41.7923
Packet Retrans:	3272	41.7923
Packet Retrans:	3273	41.7924
Packet Retrans:	3274	41.7925
Timeout:	3276	41.8457
Packet Loss:	3276	41.8457
Packet Retrans:	3276	41.8458
Timeout:	3277	41.8458
Packet Loss:	3277	41.8458
Packet Retrans:	3277	41.8459
Timeout:	3278	41.8459
Packet Loss:	3278	41.8459
Packet Retrans:	3278	41.846
Timeout:	3279	41.846
Packet Loss:	3279	41.846
Packet Retrans:	3279	41.8461
Timeout:	3280	41.8461
Packet Loss:	3280	41.8461
Packet Retrans:	3280	41.8462
Timeout:	3281	41.8462
Packet Loss:	3281	41.8462
Packet Retrans:	3281	41.8463
Timeout:	3272	41.8723
Packet Loss:	3272	41.8723
Timeout:	3273	41.8724
Packet Loss:	3273	41.8724
Timeout:	3274	41.8725
Packet Loss:	3274	41.8725
Packet Send:	3282	41.8727
Packet Send:	3283	41.8728
Packet Send:	3284	41.8729
Packet Send:	3285	41.873
Timeout:	3276	41.9258
Packet Loss:	3276	41.9258
Timeout:	3277	41.9259
Packet Loss:	3277	41.9259
Timeout:	3278	41.926
Packet Loss:	3278	41.926
Timeout:	3279	41.9261
Packet Loss:	3279	41.9261
Timeout:	3280	41.9262
Packet Loss:	3280	41.9262
Timeout:	3281	41.9263
Packet Loss:	3281	41.9263
Packet Send:	3286	41.9265
Packet Send:	3287	41.9266
Packet Send:	3288	41.9267
Packet Send:	3289	41.9268
Packet Send:	3290	41.9269
Packet Send:	3291	41.927
Timeout:	3282	41.9527
Packet Loss:	3282	41.9527
Packet Retrans:	3282	41.9528
Timeout:	3283	41.9528
Packet Loss:	3283	41.9528
Packet Retrans:	3283	41.9529
Timeout:	3284	41.9529
Packet Loss:	3284	41.9529
Packet Retrans:	3284	41.953
Timeout:	3285	41.953
Packet Loss:	3285	41.953
Packet Retrans:	3285	41.9531
Packet Loss:	3286	41.9566
Packet Loss:	3287	41.9566
Packet Retrans:	3286	41.9567
Packet Retrans:	3287	41.9568
Receive Retrans Packet:	3284	41.9829
Receive Retrans Packet:	3285	41.9846
Receive Retrans Packet:	3286	41.9863
Timeout:	3290	42.0069
Packet Loss:	3290	42.0069
Packet Retrans:	3290	42.007
Timeout:	3291	42.007
Packet Loss:	3291	42.007
Packet Retrans:	3291	42.0071
Timeout:	3282	42.0328
Packet Loss:	3282	42.0328
Timeout:	3283	42.0329
Packet Loss:	3283	42.0329
Packet Send:	3292	42.0331
Packet Send:	3293	42.0332
Packet Send:	3294	42.0333
Packet Send:	3295	42.0334
Packet Send:	3296	42.0335
Timeout:	3287	42.0368
Packet Loss:	3287	42.0368
Packet Send:	3297	42.037
Packet Send:	3298	42.0371
Packet Send:	3299	42.0372
Packet Loss:	3293	42.0666
Packet Loss:	3294	42.0666
Packet Loss:	3295	42.0666
Packet Retrans:	3293	42.0667
Packet Retrans:	3294	42.0668
Packet Retrans:	3295	42.0669
Timeout:	3290	42.087
Packet Loss:	3290	42.087
Packet Send:	3300	42.0872
Packet Send:	3301	42.0873
Packet Send:	3302	42.0874
Timeout:	3297	42.117
Packet Loss:	3297	42.117
Packet Retrans:	3297	42.1171
Timeout:	3298	42.1171
Packet Loss:	3298	42.1171
Packet Retrans:	3298	42.1172
Timeout:	3299	42.1172
Packet Loss:	3299	42.1172
Packet Retrans:	3299	42.1173
Timeout:	3293	42.1467
Packet Loss:	3293	42.1467
Timeout:	3294	42.1468
Packet Loss:	3294	42.1468
Timeout:	3295	42.1469
Packet Loss:	3295	42.1469
Packet Send:	3303	42.1471
Packet Send:	3304	42.1472
Packet Send:	3305	42.1473
Packet Send:	3306	42.1474
Timeout:	3300	42.1672
Packet Loss:	3300	42.1672
Packet Retrans:	3300	42.1673
Timeout:	3301	42.1673
Packet Loss:	3301	42.1673
Packet Retrans:	3301	42.1674
Timeout:	3302	42.1674
Packet Loss:	3302	42.1674
Packet Retrans:	3302	42.1675
Packet Loss:	3303	42.1772
Packet Loss:	3304	42.1772
Packet Retrans:	3303	42.1773
Packet Retrans:	3304	42.1774
Receive Retrans Packet:	3300	42.1941
Receive Retrans Packet:	3301	42.1958
Timeout:	3297	42.1971
Packet Loss:	3297	42.1971
Packet Send:	3307	42.1973
Timeout:	3299	42.1973
Packet Loss:	3299	42.1973
Receive Retrans Packet:	3302	42.1974
Packet Send:	3308	42.1975
Packet Send:	3309	42.1976
Packet Send:	3310	42.1977
Packet Send:	3311	42.1978
Packet Send:	3312	42.1979
Receive Retrans Packet:	3303	42.2041
Packet Send:	3313	42.2041
Receive Retrans Packet:	3304	42.2058
Packet Send:	3314	42.2058
Packet Send:	3315	42.2059
Packet Loss:	3306	42.2258
Packet Loss:	3307	42.2258
Packet Retrans:	3306	42.2258
Packet Retrans:	3307	42.2259
Packet Loss:	3313	42.2359
Packet Retrans:	3313	42.236
Receive Retrans Packet:	3307	42.2543
Timeout:	3315	42.2859
Packet Loss:	3315	42.2859
Packet Retrans:	3315	42.286
Timeout:	3306	42.3058
Packet Loss:	3306	42.3058
Packet Send:	3316	42.306
Packet Send:	3317	42.3061
Packet Send:	3318	42.3062
Packet Send:	3319	42.3063
Packet Send:	3320	42.3064
Packet Send:	3321	42.3065
Packet Send:	3322	42.3066
Timeout:	3313	42.316
Packet Loss:	3313	42.316
Packet Send:	3323	42.3162
Packet Send:	3324	42.3163
Packet Loss:	3316	42.3345
Packet Retrans:	3316	42.3345
Packet Loss:	3319	42.3429
Packet Loss:	3320	42.3429
Packet Loss:	3321	42.3429
Packet Retrans:	3319	42.343
Packet Retrans:	3320	42.3431
Packet Retrans:	3321	42.3432
Receive Retrans Packet:	3316	42.3613
Timeout:	3315	42.366
Packet Loss:	3315	42.366
Packet Send:	3325	42.3662
Packet Send:	3326	42.3663
Packet Send:	3327	42.3664
Packet Send:	3328	42.3665
Receive Retrans Packet:	3320	42.3715
Receive Retrans Packet:	3321	42.3731
Packet Loss:	3323	42.393
Packet Loss:	3324	42.393
Packet Retrans:	3323	42.393
Packet Retrans:	3324	42.3931
Receive Retrans Packet:	3323	42.4198
Timeout:	3319	42.423
Packet Loss:	3319	42.423
Packet Send:	3329	42.4232
Packet Send:	3330	42.4233
Packet Send:	3331	42.4234
Packet Send:	3332	42.4235
Packet Send:	3333	42.4236
Timeout:	3327	42.4464
Packet Loss:	3327	42.4464
Packet Retrans:	3327	42.4465
Timeout:	3328	42.4465
Packet Loss:	3328	42.4465
Packet Retrans:	3328	42.4466
Packet Loss:	3330	42.4533
Packet Retrans:	3330	42.4534
Timeout:	3324	42.4731
Packet Loss:	3324	42.4731
Packet Send:	3334	42.4733
Packet Send:	3335	42.4734
Packet Send:	3336	42.4735
Receive Retrans Packet:	3328	42.4749
Timeout:	3327	42.5265
Packet Loss:	3327	42.5265
Packet Send:	3337	42.5267
Packet Send:	3338	42.5268
Packet Send:	3339	42.5269
Timeout:	3330	42.5334
Packet Loss:	3330	42.5334
Packet Send:	3340	42.5336
Packet Send:	3341	42.5337
Packet Send:	3342	42.5338
Packet Send:	3343	42.5339
Packet Send:	3344	42.534
Timeout:	3335	42.5534
Packet Loss:	3335	42.5534
Packet Loss:	3335	42.5535
Packet Loss:	3336	42.5535
Packet Retrans:	3335	42.5535
Packet Retrans:	3336	42.5537
Packet Loss:	3338	42.562
Packet Loss:	3339	42.562
Packet Loss:	3340	42.562
Packet Retrans:	3338	42.5621
Packet Retrans:	3339	42.5622
Packet Retrans:	3340	42.5623
Packet Loss:	3342	42.5654
Packet Retrans:	3342	42.5655
Receive Retrans Packet:	3338	42.5889
Receive Retrans Packet:	3340	42.5922
Timeout:	3344	42.614
Packet Loss:	3344	42.614
Packet Retrans:	3344	42.6141
Timeout:	3335	42.6335
Packet Loss:	3335	42.6335
Packet Send:	3345	42.6337
Timeout:	3336	42.6337
Packet Loss:	3336	42.6337
Packet Send:	3346	42.6339
Packet Send:	3347	42.634
Packet Send:	3348	42.6341
Timeout:	3339	42.6422
Packet Loss:	3339	42.6422
Packet Send:	3349	42.6424
Packet Send:	3350	42.6425
Packet Send:	3351	42.6426
Timeout:	3342	42.6455
Packet Loss:	3342	42.6455
Packet Send:	3352	42.6457
Packet Send:	3353	42.6458
Packet Send:	3354	42.6459
Packet Loss:	3345	42.6692
Packet Loss:	3346	42.6692
Packet Loss:	3347	42.6692
Packet Loss:	3348	42.6692
Packet Retrans:	3345	42.6692
Packet Retrans:	3346	42.6693
Packet Retrans:	3347	42.6694
Packet Retrans:	3348	42.6695
Receive Retrans Packet:	3345	42.696
Packet Send:	3355	42.696
Receive Retrans Packet:	3348	42.701
Timeout:	3351	42.7226
Packet Loss:	3351	42.7226
Packet Retrans:	3351	42.7227
Packet Loss:	3352	42.7228
Packet Loss:	3353	42.7228
Packet Loss:	3354	42.7228
Packet Retrans:	3352	42.7228
Packet Retrans:	3353	42.7229
Packet Retrans:	3354	42.723
Timeout:	3346	42.7493
Packet Loss:	3346	42.7493
Timeout:	3347	42.7494
Packet Loss:	3347	42.7494
Packet Send:	3356	42.7496
Packet Send:	3357	42.7497
Packet Send:	3358	42.7498
Packet Send:	3359	42.7499
Packet Send:	3360	42.75
Receive Retrans Packet:	3352	42.7511
Receive Retrans Packet:	3354	42.7545
Packet Loss:	3356	42.7797
Packet Loss:	3357	42.7797
Packet Retrans:	3356	42.7798
Packet Retrans:	3357	42.7799
Timeout:	3351	42.8027
Packet Loss:	3351	42.8027
Packet Send:	3361	42.8029
Timeout:	3353	42.8029
Packet Loss:	3353	42.8029
Packet Send:	3362	42.8031
Packet Send:	3363	42.8032
Packet Send:	3364	42.8033
Packet Send:	3365	42.8034
Packet Loss:	3359	42.8297
Packet Loss:	3360	42.8297
Packet Retrans:	3359	42.8297
Packet Retrans:	3360	42.8298
Receive Retrans Packet:	3360	42.8581
Timeout:	3356	42.8598
Packet Loss:	3356	42.8598
Timeout:	3357	42.8599
Packet Loss:	3357	42.8599
Packet Send:	3366	42.8601
Packet Send:	3367	42.8602
Packet Send:	3368	42.8603
Timeout:	3362	42.8831
Packet Loss:	3362	42.8831
Packet Retrans:	3362	42.8832
Timeout:	3363	42.8832
Packet Loss:	3363	42.8832
Packet Retrans:	3363	42.8833
Timeout:	3364	42.8833
Packet Loss:	3364	42.8833
Packet Retrans:	3364	42.8834
Timeout:	3365	42.8834
Packet Loss:	3365	42.8834
Packet Retrans:	3365	42.8835
Timeout:	3359	42.9097
Packet Loss:	3359	42.9097
Packet Send:	3369	42.9099
Packet Send:	3370	42.91
Packet Send:	3371	42.9101
Receive Retrans Packet:	3363	42.9116
Receive Retrans Packet:	3364	42.9133
Timeout:	3367	42.9402
Packet Loss:	3367	42.9402
Packet Retrans:	3367	42.9403
Timeout:	3368	42.9403
Packet Loss:	3368	42.9403
Packet Retrans:	3368	42.9404
Timeout:	3362	42.9632
Packet Loss:	3362	42.9632
Packet Send:	3372	42.9634
Packet Send:	3373	42.9635
Timeout:	3365	42.9635
Packet Loss:	3365	42.9635
Packet Send:	3374	42.9637
Packet Send:	3375	42.9638
Packet Send:	3376	42.9639
Timeout:	3369	42.9899
Packet Loss:	3369	42.9899
Packet Retrans:	3369	42.99
Timeout:	3370	42.99
Packet Loss:	3370	42.99
Packet Retrans:	3370	42.9901
Timeout:	3371	42.9901
Packet Loss:	3371	42.9901
Packet Loss:	3371	42.9902
Packet Retrans:	3371	42.9902
Receive Retrans Packet:	3370	43.0184
Receive Retrans Packet:	3371	43.0201
Timeout:	3367	43.0203
Packet Loss:	3367	43.0203
Timeout:	3368	43.0204
Packet Loss:	3368	43.0204
Packet Send:	3377	43.0206
Packet Send:	3378	43.0207
Timeout:	3373	43.0435
Packet Loss:	3373	43.0435
Packet Retrans:	3373	43.0436
Timeout:	3374	43.0437
Packet Loss:	3374	43.0437
Packet Retrans:	3374	43.0438
Timeout:	3375	43.0438
Packet Loss:	3375	43.0438
Packet Retrans:	3375	43.0439
Timeout:	3376	43.0439
Packet Loss:	3376	43.0439
Packet Retrans:	3376	43.044
Timeout:	3369	43.07
Packet Loss:	3369	43.07
Packet Send:	3379	43.0702
Packet Send:	3380	43.0703
Packet Send:	3381	43.0704
Packet Send:	3382	43.0705
Receive Retrans Packet:	3375	43.0737
Receive Retrans Packet:	3376	43.0754
Packet Loss:	3378	43.097
Packet Retrans:	3378	43.097
Timeout:	3373	43.1236
Packet Loss:	3373	43.1236
Packet Send:	3383	43.1238
Timeout:	3374	43.1238
Packet Loss:	3374	43.1238
Packet Send:	3384	43.124
Packet Send:	3385	43.1241
Packet Send:	3386	43.1242
Packet Send:	3387	43.1243
Timeout:	3380	43.1503
Packet Loss:	3380	43.1503
Packet Retrans:	3380	43.1504
Timeout:	3381	43.1504
Packet Loss:	3381	43.1504
Packet Retrans:	3381	43.1505
Timeout:	3382	43.1505
Packet Loss:	3382	43.1505
Packet Retrans:	3382	43.1506
Timeout:	3378	43.177
Packet Loss:	3378	43.177
Packet Send:	3388	43.1772
Packet Send:	3389	43.1773
Timeout:	3383	43.2038
Packet Loss:	3383	43.2038
Packet Retrans:	3383	43.2039
Timeout:	3384	43.204
Packet Loss:	3384	43.204
Packet Retrans:	3384	43.2041
Timeout:	3385	43.2041
Packet Loss:	3385	43.2041
Packet Retrans:	3385	43.2042
Timeout:	3386	43.2042
Packet Loss:	3386	43.2042
Packet Retrans:	3386	43.2043
Timeout:	3387	43.2043
Packet Loss:	3387	43.2043
Packet Retrans:	3387	43.2044
Timeout:	3380	43.2304
Packet Loss:	3380	43.2304
Packet Send:	3390	43.2306
Timeout:	3382	43.2306
Packet Loss:	3382	43.2306
Packet Send:	3391	43.2308
Packet Send:	3392	43.2309
Timeout:	3388	43.2572
Packet Loss:	3388	43.2572
Packet Retrans:	3388	43.2573
Timeout:	3389	43.2573
Packet Loss:	3389	43.2573
Packet Retrans:	3389	43.2574
Packet Loss:	3390	43.259
Packet Retrans:	3390	43.2591
Timeout:	3383	43.2839
Packet Loss:	3383	43.2839
Packet Send:	3393	43.2841
Timeout:	3384	43.2841
Packet Loss:	3384	43.2841
Timeout:	3385	43.2842
Packet Loss:	3385	43.2842
Timeout:	3386	43.2843
Packet Loss:	3386	43.2843
Packet Send:	3394	43.2845
Packet Send:	3395	43.2846
Packet Send:	3396	43.2847
Packet Send:	3397	43.2848
Timeout:	3388	43.3373
Packet Loss:	3388	43.3373
Timeout:	3389	43.3374
Packet Loss:	3389	43.3374
Packet Send:	3398	43.3376
Packet Send:	3399	43.3377
Timeout:	3390	43.3391
Packet Loss:	3390	43.3391
Packet Send:	3400	43.3393
Packet Send:	3401	43.3394
Packet Send:	3402	43.3395
Timeout:	3393	43.3641
Packet Loss:	3393	43.3641
Packet Retrans:	3393	43.3642
Timeout:	3394	43.3645
Packet Loss:	3394	43.3645
Packet Retrans:	3394	43.3646
Timeout:	3395	43.3646
Packet Loss:	3395	43.3646
Packet Retrans:	3395	43.3647
Timeout:	3396	43.3647
Packet Loss:	3396	43.3647
Packet Retrans:	3396	43.3648
Timeout:	3397	43.3648
Packet Loss:	3397	43.3648
Packet Retrans:	3397	43.3649
Packet Loss:	3398	43.3677
Packet Loss:	3399	43.3677
Packet Retrans:	3398	43.3678
Packet Retrans:	3399	43.3679
Receive Retrans Packet:	3397	43.3977
Receive Retrans Packet:	3398	43.3994
Timeout:	3402	43.4195
Packet Loss:	3402	43.4195
Packet Retrans:	3402	43.4196
Timeout:	3393	43.4442
Packet Loss:	3393	43.4442
Packet Send:	3403	43.4444
Timeout:	3394	43.4446
Packet Loss:	3394	43.4446
Timeout:	3395	43.4447
Packet Loss:	3395	43.4447
Timeout:	3396	43.4448
Packet Loss:	3396	43.4448
Packet Send:	3404	43.445
Packet Send:	3405	43.4451
Packet Send:	3406	43.4452
Packet Send:	3407	43.4453
Packet Send:	3408	43.4454
Timeout:	3399	43.4479
Packet Loss:	3399	43.4479
Packet Send:	3409	43.4481
Packet Send:	3410	43.4482
Packet Send:	3411	43.4483
Packet Loss:	3403	43.4745
Packet Loss:	3404	43.4745
Packet Retrans:	3403	43.4746
Packet Retrans:	3404	43.4747
Packet Loss:	3406	43.4813
Packet Loss:	3407	43.4813
Packet Loss:	3408	43.4813
Packet Retrans:	3406	43.4814
Packet Retrans:	3407	43.4815
Packet Retrans:	3408	43.4816
Timeout:	3402	43.4996
Packet Loss:	3402	43.4996
Packet Send:	3412	43.4998
Receive Retrans Packet:	3406	43.5081
Timeout:	3411	43.5283
Packet Loss:	3411	43.5283
Packet Retrans:	3411	43.5284
Timeout:	3403	43.5546
Packet Loss:	3403	43.5546
Timeout:	3404	43.5547
Packet Loss:	3404	43.5547
Packet Send:	3413	43.5549
Packet Send:	3414	43.555
Packet Send:	3415	43.5551
Packet Send:	3416	43.5552
Timeout:	3407	43.5615
Packet Loss:	3407	43.5615
Timeout:	3408	43.5616
Packet Loss:	3408	43.5616
Packet Send:	3417	43.5618
Packet Send:	3418	43.5619
Packet Send:	3419	43.562
Packet Send:	3420	43.5621
Timeout:	3412	43.5798
Packet Loss:	3412	43.5798
Packet Retrans:	3412	43.5799
Packet Loss:	3413	43.585
Packet Loss:	3414	43.585
Packet Retrans:	3413	43.5851
Packet Retrans:	3414	43.5852
Packet Loss:	3416	43.5902
Packet Loss:	3417	43.5902
Packet Retrans:	3416	43.5903
Packet Retrans:	3417	43.5904
Packet Loss:	3419	43.5936
Packet Retrans:	3419	43.5937
Timeout:	3411	43.6084
Packet Loss:	3411	43.6084
Packet Send:	3421	43.6086
Receive Retrans Packet:	3413	43.6118
Receive Retrans Packet:	3417	43.6187
Timeout:	3412	43.6599
Packet Loss:	3412	43.6599
Packet Send:	3422	43.6601
Packet Send:	3423	43.6602
Timeout:	3414	43.6652
Packet Loss:	3414	43.6652
Packet Send:	3424	43.6654
Packet Send:	3425	43.6655
Timeout:	3416	43.6703
Packet Loss:	3416	43.6703
Packet Send:	3426	43.6705
Packet Send:	3427	43.6706
Packet Send:	3428	43.6707
Timeout:	3419	43.6737
Packet Loss:	3419	43.6737
Packet Send:	3429	43.6739
Packet Send:	3430	43.674
Packet Send:	3431	43.6741
Timeout:	3422	43.7401
Packet Loss:	3422	43.7401
Packet Retrans:	3422	43.7402
Timeout:	3423	43.7402
Packet Loss:	3423	43.7402
Packet Retrans:	3423	43.7403
Timeout:	3424	43.7454
Packet Loss:	3424	43.7454
Packet Retrans:	3424	43.7455
Timeout:	3425	43.7455
Packet Loss:	3425	43.7455
Packet Retrans:	3425	43.7456
Timeout:	3426	43.7505
Packet Loss:	3426	43.7505
Packet Retrans:	3426	43.7506
Timeout:	3427	43.7506
Packet Loss:	3427	43.7506
Packet Retrans:	3427	43.7507
Timeout:	3428	43.7507
Packet Loss:	3428	43.7507
Packet Retrans:	3428	43.7508
Timeout:	3429	43.7539
Packet Loss:	3429	43.7539
Packet Retrans:	3429	43.754
Timeout:	3430	43.754
Packet Loss:	3430	43.754
Packet Retrans:	3430	43.7541
Timeout:	3431	43.7541
Packet Loss:	3431	43.7541
Packet Retrans:	3431	43.7542
Timeout:	3422	43.8202
Packet Loss:	3422	43.8202
Timeout:	3423	43.8203
Packet Loss:	3423	43.8203
Packet Send:	3432	43.8205
Packet Send:	3433	43.8206
Timeout:	3424	43.8255
Packet Loss:	3424	43.8255
Timeout:	3425	43.8256
Packet Loss:	3425	43.8256
Packet Send:	3434	43.8258
Packet Send:	3435	43.8259
Timeout:	3426	43.8306
Packet Loss:	3426	43.8306
Packet Send:	3436	43.8308
Timeout:	3428	43.8308
Packet Loss:	3428	43.8308
Packet Send:	3437	43.831
Packet Send:	3438	43.8311
Packet Send:	3439	43.8312
Packet Send:	3440	43.8313
Packet Send:	3441	43.8314
Timeout:	3432	43.9005
Packet Loss:	3432	43.9005
Packet Retrans:	3432	43.9006
Timeout:	3433	43.9006
Packet Loss:	3433	43.9006
Packet Retrans:	3433	43.9007
Timeout:	3434	43.9058
Packet Loss:	3434	43.9058
Packet Retrans:	3434	43.9059
Timeout:	3435	43.9059
Packet Loss:	3435	43.9059
Packet Retrans:	3435	43.906
Timeout:	3436	43.9108
Packet Loss:	3436	43.9108
Packet Retrans:	3436	43.9109
Timeout:	3437	43.911
Packet Loss:	3437	43.911
Packet Retrans:	3437	43.9111
Timeout:	3438	43.9111
Packet Loss:	3438	43.9111
Packet Retrans:	3438	43.9112
Timeout:	3439	43.9112
Packet Loss:	3439	43.9112
Packet Retrans:	3439	43.9113
Timeout:	3440	43.9113
Packet Loss:	3440	43.9113
Packet Retrans:	3440	43.9114
Timeout:	3441	43.9114
Packet Loss:	3441	43.9114
Packet Retrans:	3441	43.9115
Receive Retrans Packet:	3424	43.957
Receive Retrans Packet:	3428	43.9751
Timeout:	3432	43.9806
Packet Loss:	3432	43.9806
Timeout:	3433	43.9807
Packet Loss:	3433	43.9807
Packet Send:	3442	43.9809
Packet Send:	3443	43.981
Receive Retrans Packet:	3430	43.9854
Timeout:	3434	43.9859
Packet Loss:	3434	43.9859
Timeout:	3435	43.986
Packet Loss:	3435	43.986
Packet Send:	3444	43.9862
Packet Send:	3445	43.9863
Timeout:	3436	43.9909
Packet Loss:	3436	43.9909
Packet Send:	3446	43.9911
Timeout:	3437	43.9911
Packet Loss:	3437	43.9911
Timeout:	3438	43.9912
Packet Loss:	3438	43.9912
Timeout:	3439	43.9913
Packet Loss:	3439	43.9913
Timeout:	3440	43.9914
Packet Loss:	3440	43.9914
Timeout:	3441	43.9915
Packet Loss:	3441	43.9915
Packet Send:	3447	43.9917
Packet Send:	3448	43.9918
Packet Send:	3449	43.9919
Packet Send:	3450	43.992
Packet Send:	3451	43.9921
Timeout:	3442	44.0609
Packet Loss:	3442	44.0609
Packet Retrans:	3442	44.061
Timeout:	3443	44.061
Packet Loss:	3443	44.061
Packet Retrans:	3443	44.0611
Timeout:	3444	44.0662
Packet Loss:	3444	44.0662
Packet Retrans:	3444	44.0663
Timeout:	3445	44.0663
Packet Loss:	3445	44.0663
Packet Retrans:	3445	44.0664
Timeout:	3446	44.0711
Packet Loss:	3446	44.0711
Packet Retrans:	3446	44.0712
Timeout:	3447	44.0717
Packet Loss:	3447	44.0717
Packet Retrans:	3447	44.0718
Timeout:	3448	44.0718
Packet Loss:	3448	44.0718
Packet Retrans:	3448	44.0719
Timeout:	3449	44.0719
Packet Loss:	3449	44.0719
Packet Retrans:	3449	44.072
Timeout:	3450	44.072
Packet Loss:	3450	44.072
Packet Retrans:	3450	44.0721
Timeout:	3451	44.0721
Packet Loss:	3451	44.0721
Packet Retrans:	3451	44.0722
Timeout:	3442	44.141
Packet Loss:	3442	44.141
Timeout:	3443	44.1411
Packet Loss:	3443	44.1411
Packet Send:	3452	44.1413
Packet Send:	3453	44.1414
Timeout:	3444	44.1463
Packet Loss:	3444	44.1463
Timeout:	3445	44.1464
Packet Loss:	3445	44.1464
Packet Send:	3454	44.1466
Packet Send:	3455	44.1467
Timeout:	3446	44.1512
Packet Loss:	3446	44.1512
Packet Send:	3456	44.1514
Timeout:	3447	44.1518
Packet Loss:	3447	44.1518
Timeout:	3448	44.1519
Packet Loss:	3448	44.1519
Timeout:	3449	44.152
Packet Loss:	3449	44.152
Timeout:	3450	44.1521
Packet Loss:	3450	44.1521
Timeout:	3451	44.1522
Packet Loss:	3451	44.1522
Packet Send:	3457	44.1524
Packet Send:	3458	44.1525
Packet Send:	3459	44.1526
Packet Send:	3460	44.1527
Packet Send:	3461	44.1528
Timeout:	3452	44.2213
Packet Loss:	3452	44.2213
Packet Retrans:	3452	44.2214
Timeout:	3453	44.2214
Packet Loss:	3453	44.2214
Packet Retrans:	3453	44.2215
Timeout:	3454	44.2266
Packet Loss:	3454	44.2266
Packet Retrans:	3454	44.2267
Timeout:	3455	44.2267
Packet Loss:	3455	44.2267
Packet Retrans:	3455	44.2268
Timeout:	3456	44.2314
Packet Loss:	3456	44.2314
Packet Retrans:	3456	44.2315
Timeout:	3457	44.2324
Packet Loss:	3457	44.2324
Packet Retrans:	3457	44.2325
Timeout:	3458	44.2325
Packet Loss:	3458	44.2325
Packet Retrans:	3458	44.2326
Timeout:	3459	44.2326
Packet Loss:	3459	44.2326
Packet Retrans:	3459	44.2327
Timeout:	3460	44.2327
Packet Loss:	3460	44.2327
Packet Retrans:	3460	44.2328
Timeout:	3461	44.2328
Packet Loss:	3461	44.2328
Packet Retrans:	3461	44.2329
Timeout:	3452	44.3014
Packet Loss:	3452	44.3014
Timeout:	3453	44.3015
Packet Loss:	3453	44.3015
Packet Send:	3462	44.3017
Packet Send:	3463	44.3018
Timeout:	3454	44.3067
Packet Loss:	3454	44.3067
Timeout:	3455	44.3068
Packet Loss:	3455	44.3068
Packet Send:	3464	44.307
Packet Send:	3465	44.3071
Timeout:	3456	44.3115
Packet Loss:	3456	44.3115
Packet Send:	3466	44.3117
Timeout:	3457	44.3125
Packet Loss:	3457	44.3125
Timeout:	3458	44.3126
Packet Loss:	3458	44.3126
Timeout:	3459	44.3127
Packet Loss:	3459	44.3127
Timeout:	3460	44.3128
Packet Loss:	3460	44.3128
Timeout:	3461	44.3129
Packet Loss:	3461	44.3129
Packet Send:	3467	44.3131
Packet Send:	3468	44.3132
Packet Send:	3469	44.3133
Packet Send:	3470	44.3134
Packet Send:	3471	44.3135
Receive Retrans Packet:	3436	44.3212
Receive Retrans Packet:	3437	44.3229
Receive Retrans Packet:	3442	44.3483
Receive Retrans Packet:	3443	44.35
Receive Retrans Packet:	3448	44.3584
Receive Retrans Packet:	3449	44.3601
Timeout:	3462	44.3817
Packet Loss:	3462	44.3817
Packet Retrans:	3462	44.3818
Timeout:	3463	44.3818
Packet Loss:	3463	44.3818
Packet Retrans:	3463	44.3819
Receive Retrans Packet:	3452	44.3821
Receive Retrans Packet:	3453	44.3838
Receive Retrans Packet:	3454	44.3855
Timeout:	3464	44.387
Packet Loss:	3464	44.387
Packet Retrans:	3464	44.3871
Timeout:	3465	44.3871
Packet Loss:	3465	44.3871
Packet Retrans:	3465	44.3872
Receive Retrans Packet:	3455	44.3872
Receive Retrans Packet:	3456	44.3889
Receive Retrans Packet:	3457	44.3906
Timeout:	3466	44.3917
Packet Loss:	3466	44.3917
Packet Retrans:	3466	44.3918
Timeout:	3467	44.3931
Packet Loss:	3467	44.3931
Packet Retrans:	3467	44.3932
Timeout:	3468	44.3932
Packet Loss:	3468	44.3932
Packet Retrans:	3468	44.3933
Timeout:	3469	44.3933
Packet Loss:	3469	44.3933
Packet Retrans:	3469	44.3934
Timeout:	3470	44.3934
Packet Loss:	3470	44.3934
Packet Retrans:	3470	44.3935
Timeout:	3471	44.3935
Packet Loss:	3471	44.3935
Packet Retrans:	3471	44.3936
Receive Retrans Packet:	3460	44.3957
Packet Send:	3472	44.3991
Receive Retrans Packet:	3465	44.4211
Receive Retrans Packet:	3467	44.4244
Receive Retrans Packet:	3468	44.4261
Receive Retrans Packet:	3470	44.4295
Timeout:	3463	44.4619
Packet Loss:	3463	44.4619
Packet Send:	3473	44.4621
Timeout:	3464	44.4671
Packet Loss:	3464	44.4671
Packet Send:	3474	44.4673
Packet Send:	3475	44.4674
Packet Send:	3476	44.4675
Packet Send:	3477	44.4676
Packet Send:	3478	44.4677
Timeout:	3469	44.4734
Packet Loss:	3469	44.4734
Packet Send:	3479	44.4736
Packet Send:	3480	44.4737
Packet Send:	3481	44.4738
Packet Send:	3482	44.4739
Packet Send:	3483	44.4889
Packet Loss:	3474	44.4957
Packet Retrans:	3474	44.4958
Packet Loss:	3476	44.5008
Packet Loss:	3477	44.5008
Packet Retrans:	3476	44.5009
Packet Retrans:	3477	44.501
Packet Loss:	3479	44.5042
Packet Retrans:	3479	44.5043
Packet Loss:	3481	44.5156
Packet Loss:	3482	44.5156
Packet Retrans:	3481	44.5157
Packet Retrans:	3482	44.5158
Receive Retrans Packet:	3476	44.5276
Receive Retrans Packet:	3477	44.5293
Receive Retrans Packet:	3479	44.531
Receive Retrans Packet:	3481	44.5424
Timeout:	3474	44.5758
Packet Loss:	3474	44.5758
Packet Send:	3484	44.576
Packet Send:	3485	44.5761
Packet Send:	3486	44.5762
Packet Send:	3487	44.5763
Packet Send:	3488	44.5764
Packet Send:	3489	44.5765
Packet Send:	3490	44.5766
Packet Send:	3491	44.5767
Timeout:	3482	44.5958
Packet Loss:	3482	44.5958
Packet Send:	3492	44.596
Packet Send:	3493	44.5961
Packet Send:	3494	44.6028
Packet Loss:	3485	44.6078
Packet Loss:	3486	44.6078
Packet Retrans:	3485	44.6079
Packet Retrans:	3486	44.608
Packet Loss:	3489	44.6129
Packet Retrans:	3489	44.613
Packet Loss:	3491	44.6244
Packet Loss:	3492	44.6244
Packet Retrans:	3491	44.6245
Packet Retrans:	3492	44.6246
Receive Retrans Packet:	3486	44.6363
Timeout:	3494	44.6828
Packet Loss:	3494	44.6828
Packet Retrans:	3494	44.6829
Timeout:	3485	44.6879
Packet Loss:	3485	44.6879
Packet Send:	3495	44.6881
Packet Send:	3496	44.6882
Packet Send:	3497	44.6883
Packet Send:	3498	44.6884
Timeout:	3489	44.693
Packet Loss:	3489	44.693
Packet Send:	3499	44.6932
Packet Send:	3500	44.6933
Timeout:	3491	44.7045
Packet Loss:	3491	44.7045
Timeout:	3492	44.7046
Packet Loss:	3492	44.7046
Packet Send:	3501	44.7048
Packet Send:	3502	44.7049
Packet Send:	3503	44.705
Packet Send:	3504	44.7097
Packet Send:	3505	44.7149
Packet Loss:	3496	44.7199
Packet Loss:	3497	44.7199
Packet Retrans:	3496	44.72
Packet Retrans:	3497	44.7201
Packet Loss:	3499	44.7315
Packet Loss:	3500	44.7315
Packet Retrans:	3499	44.7316
Packet Retrans:	3500	44.7317
Packet Loss:	3502	44.7366
Packet Loss:	3503	44.7366
Packet Retrans:	3502	44.7367
Packet Retrans:	3503	44.7368
Receive Retrans Packet:	3499	44.7583
Receive Retrans Packet:	3503	44.7651
Timeout:	3505	44.7949
Packet Loss:	3505	44.7949
Packet Retrans:	3505	44.795
Timeout:	3496	44.8
Packet Loss:	3496	44.8
Timeout:	3497	44.8001
Packet Loss:	3497	44.8001
Packet Send:	3506	44.8003
Packet Send:	3507	44.8004
Packet Send:	3508	44.8005
Packet Send:	3509	44.8006
Timeout:	3500	44.8117
Packet Loss:	3500	44.8117
Packet Send:	3510	44.8119
Packet Send:	3511	44.812
Timeout:	3502	44.8167
Packet Loss:	3502	44.8167
Packet Send:	3512	44.8169
Packet Send:	3513	44.817
Packet Send:	3514	44.8171
Packet Send:	3515	44.8218
Packet Send:	3516	44.8271
Packet Loss:	3507	44.8321
Packet Loss:	3508	44.8321
Packet Retrans:	3507	44.8322
Packet Retrans:	3508	44.8323
Packet Loss:	3511	44.8436
Packet Retrans:	3511	44.8437
Packet Loss:	3513	44.8487
Packet Loss:	3514	44.8487
Packet Retrans:	3513	44.8488
Packet Retrans:	3514	44.8489
Receive Retrans Packet:	3514	44.8772
Timeout:	3507	44.9122
Packet Loss:	3507	44.9122
Timeout:	3508	44.9123
Packet Loss:	3508	44.9123
Packet Send:	3517	44.9125
Packet Send:	3518	44.9126
Packet Send:	3519	44.9127
Packet Send:	3520	44.9128
Timeout:	3511	44.9237
Packet Loss:	3511	44.9237
Packet Send:	3521	44.9239
Packet Send:	3522	44.924
Timeout:	3513	44.9288
Packet Loss:	3513	44.9288
Packet Send:	3523	44.929
Packet Send:	3524	44.9291
Packet Send:	3525	44.9292
Packet Send:	3526	44.9293
Packet Send:	3527	44.9393
Packet Loss:	3518	44.9443
Packet Loss:	3519	44.9443
Packet Retrans:	3518	44.9444
Packet Retrans:	3519	44.9445
Packet Loss:	3523	44.966
Packet Loss:	3524	44.966
Packet Loss:	3525	44.966
Packet Loss:	3526	44.966
Packet Retrans:	3523	44.9661
Packet Retrans:	3524	44.9662
Packet Retrans:	3525	44.9663
Packet Retrans:	3526	44.9664
Receive Retrans Packet:	3523	44.9928
Timeout:	3518	45.0244
Packet Loss:	3518	45.0244
Timeout:	3519	45.0245
Packet Loss:	3519	45.0245
Packet Send:	3528	45.0247
Packet Send:	3529	45.0248
Packet Send:	3530	45.0249
Packet Send:	3531	45.025
Packet Send:	3532	45.0251
Packet Send:	3533	45.0252
Timeout:	3524	45.0462
Packet Loss:	3524	45.0462
Timeout:	3525	45.0463
Packet Loss:	3525	45.0463
Timeout:	3526	45.0464
Packet Loss:	3526	45.0464
Packet Send:	3534	45.0466
Packet Send:	3535	45.0467
Packet Send:	3536	45.0468
Packet Send:	3537	45.0469
Packet Send:	3538	45.0515
Packet Send:	3539	45.0532
Packet Loss:	3530	45.0565
Packet Retrans:	3530	45.0566
Packet Loss:	3534	45.0767
Packet Loss:	3535	45.0767
Packet Retrans:	3534	45.0768
Packet Retrans:	3535	45.0769
Timeout:	3539	45.1332
Packet Loss:	3539	45.1332
Packet Retrans:	3539	45.1333
Timeout:	3530	45.1366
Packet Loss:	3530	45.1366
Packet Send:	3540	45.1368
Packet Send:	3541	45.1369
Packet Send:	3542	45.137
Packet Send:	3543	45.1371
Timeout:	3534	45.1568
Packet Loss:	3534	45.1568
Timeout:	3535	45.1569
Packet Loss:	3535	45.1569
Packet Send:	3544	45.1571
Packet Send:	3545	45.1572
Packet Send:	3546	45.1573
Packet Send:	3547	45.1574
Packet Send:	3548	45.1575
Packet Send:	3549	45.1601
Packet Loss:	3540	45.1652
Packet Retrans:	3540	45.1653
Packet Loss:	3543	45.1838
Packet Retrans:	3543	45.1839
Packet Loss:	3546	45.1889
Packet Retrans:	3546	45.189
Receive Retrans Packet:	3543	45.2106
Timeout:	3549	45.2401
Packet Loss:	3549	45.2401
Packet Retrans:	3549	45.2402
Timeout:	3540	45.2453
Packet Loss:	3540	45.2453
Packet Send:	3550	45.2455
Packet Send:	3551	45.2456
Packet Send:	3552	45.2457
Packet Send:	3553	45.2458
Packet Send:	3554	45.2459
Packet Send:	3555	45.246
Timeout:	3546	45.269
Packet Loss:	3546	45.269
Packet Send:	3556	45.2692
Packet Send:	3557	45.2693
Packet Send:	3558	45.2694
Packet Loss:	3550	45.2959
Packet Loss:	3551	45.2959
Packet Loss:	3552	45.2959
Packet Loss:	3553	45.2959
Packet Loss:	3554	45.2959
Packet Loss:	3555	45.2959
Packet Retrans:	3550	45.296
Packet Retrans:	3551	45.2961
Packet Retrans:	3552	45.2962
Packet Retrans:	3553	45.2963
Packet Retrans:	3554	45.2964
Packet Retrans:	3555	45.2965
Timeout:	3549	45.3202
Packet Loss:	3549	45.3202
Packet Send:	3559	45.3204
Receive Retrans Packet:	3553	45.3278
Receive Retrans Packet:	3555	45.3312
Timeout:	3550	45.376
Packet Loss:	3550	45.376
Timeout:	3551	45.3761
Packet Loss:	3551	45.3761
Timeout:	3552	45.3762
Packet Loss:	3552	45.3762
Packet Send:	3560	45.3764
Timeout:	3554	45.3764
Packet Loss:	3554	45.3764
Packet Send:	3561	45.3766
Packet Send:	3562	45.3767
Packet Send:	3563	45.3768
Packet Send:	3564	45.3769
Packet Send:	3565	45.377
Packet Send:	3566	45.3771
Packet Send:	3567	45.3772
Packet Send:	3568	45.3773
Packet Send:	3569	45.3774
Packet Loss:	3560	45.4082
Packet Loss:	3561	45.4082
Packet Loss:	3562	45.4082
Packet Retrans:	3560	45.4083
Packet Retrans:	3561	45.4084
Packet Retrans:	3562	45.4085
Packet Loss:	3565	45.4167
Packet Loss:	3566	45.4167
Packet Loss:	3567	45.4167
Packet Retrans:	3565	45.4168
Packet Retrans:	3566	45.4169
Packet Retrans:	3567	45.417
Receive Retrans Packet:	3561	45.4367
Timeout:	3560	45.4883
Packet Loss:	3560	45.4883
Packet Send:	3570	45.4885
Timeout:	3562	45.4885
Packet Loss:	3562	45.4885
Packet Send:	3571	45.4887
Packet Send:	3572	45.4888
Packet Send:	3573	45.4889
Packet Send:	3574	45.489
Timeout:	3565	45.4968
Packet Loss:	3565	45.4968
Timeout:	3566	45.4969
Packet Loss:	3566	45.4969
Timeout:	3567	45.497
Packet Loss:	3567	45.497
Packet Send:	3575	45.4972
Packet Send:	3576	45.4973
Packet Send:	3577	45.4974
Packet Send:	3578	45.4975
Packet Send:	3579	45.4976
Packet Loss:	3570	45.5203
Packet Loss:	3571	45.5203
Packet Loss:	3572	45.5203
Packet Retrans:	3570	45.5204
Packet Retrans:	3571	45.5205
Packet Retrans:	3572	45.5206
Packet Loss:	3574	45.5256
Packet Loss:	3575	45.5256
Packet Retrans:	3574	45.5257
Packet Retrans:	3575	45.5258
Receive Retrans Packet:	3571	45.5488
Timeout:	3577	45.5774
Packet Loss:	3577	45.5774
Packet Retrans:	3577	45.5775
Timeout:	3578	45.5775
Packet Loss:	3578	45.5775
Packet Retrans:	3578	45.5776
Timeout:	3579	45.5776
Packet Loss:	3579	45.5776
Packet Retrans:	3579	45.5777
Timeout:	3570	45.6004
Packet Loss:	3570	45.6004
Packet Send:	3580	45.6006
Timeout:	3572	45.6006
Packet Loss:	3572	45.6006
Packet Send:	3581	45.6008
Packet Send:	3582	45.6009
Packet Send:	3583	45.601
Timeout:	3574	45.6057
Packet Loss:	3574	45.6057
Timeout:	3575	45.6058
Packet Loss:	3575	45.6058
Packet Send:	3584	45.606
Packet Send:	3585	45.6061
Packet Send:	3586	45.6062
Packet Loss:	3580	45.6358
Packet Loss:	3581	45.6358
Packet Loss:	3582	45.6358
Packet Loss:	3583	45.6358
Packet Loss:	3584	45.6358
Packet Retrans:	3580	45.6359
Packet Retrans:	3581	45.636
Packet Retrans:	3582	45.6361
Packet Retrans:	3583	45.6362
Packet Retrans:	3584	45.6363
Timeout:	3577	45.6575
Packet Loss:	3577	45.6575
Timeout:	3578	45.6576
Packet Loss:	3578	45.6576
Packet Send:	3587	45.6578
Packet Send:	3588	45.6579
Packet Send:	3589	45.658
Receive Retrans Packet:	3581	45.6643
Receive Retrans Packet:	3583	45.6677
Timeout:	3586	45.6862
Packet Loss:	3586	45.6862
Packet Retrans:	3586	45.6863
Timeout:	3580	45.7159
Packet Loss:	3580	45.7159
Packet Send:	3590	45.7161
Timeout:	3582	45.7161
Packet Loss:	3582	45.7161
Packet Send:	3591	45.7163
Timeout:	3584	45.7163
Packet Loss:	3584	45.7163
Packet Send:	3592	45.7165
Packet Send:	3593	45.7166
Packet Send:	3594	45.7167
Packet Send:	3595	45.7168
Packet Send:	3596	45.7169
Timeout:	3587	45.7378
Packet Loss:	3587	45.7378
Packet Retrans:	3587	45.7379
Timeout:	3588	45.7379
Packet Loss:	3588	45.7379
Packet Retrans:	3588	45.738
Timeout:	3589	45.738
Packet Loss:	3589	45.738
Packet Retrans:	3589	45.7381
Packet Loss:	3590	45.7445
Packet Retrans:	3590	45.7446
Receive Retrans Packet:	3587	45.7646
Packet Send:	3597	45.7647
Timeout:	3592	45.7965
Packet Loss:	3592	45.7965
Packet Retrans:	3592	45.7966
Timeout:	3593	45.7966
Packet Loss:	3593	45.7966
Packet Retrans:	3593	45.7967
Timeout:	3594	45.7967
Packet Loss:	3594	45.7967
Packet Retrans:	3594	45.7968
Timeout:	3595	45.7968
Packet Loss:	3595	45.7968
Packet Retrans:	3595	45.7969
Timeout:	3596	45.7969
Packet Loss:	3596	45.7969
Packet Retrans:	3596	45.797
Timeout:	3588	45.818
Packet Loss:	3588	45.818
Timeout:	3589	45.8181
Packet Loss:	3589	45.8181
Packet Send:	3598	45.8183
Packet Send:	3599	45.8184
Timeout:	3590	45.8246
Packet Loss:	3590	45.8246
Packet Send:	3600	45.8248
Packet Send:	3601	45.8249
Packet Send:	3602	45.825
Packet Send:	3603	45.8251
Packet Send:	3604	45.8268
Packet Send:	3605	45.8285
Timeout:	3597	45.8447
Packet Loss:	3597	45.8447
Packet Retrans:	3597	45.8448
Packet Loss:	3598	45.8515
Packet Loss:	3599	45.8515
Packet Retrans:	3598	45.8516
Packet Retrans:	3599	45.8517
Packet Loss:	3601	45.8549
Packet Retrans:	3601	45.855
Packet Loss:	3604	45.86
Packet Retrans:	3604	45.8601
Timeout:	3596	45.877
Packet Loss:	3596	45.877
Packet Send:	3606	45.8772
Receive Retrans Packet:	3598	45.8783
Receive Retrans Packet:	3599	45.88
Timeout:	3597	45.9248
Packet Loss:	3597	45.9248
Packet Send:	3607	45.925
Packet Send:	3608	45.9251
Packet Send:	3609	45.9252
Packet Send:	3610	45.9253
Timeout:	3601	45.935
Packet Loss:	3601	45.935
Packet Send:	3611	45.9352
Packet Send:	3612	45.9353
Packet Send:	3613	45.9354
Timeout:	3604	45.9401
Packet Loss:	3604	45.9401
Packet Send:	3614	45.9403
Packet Send:	3615	45.9404
Packet Send:	3616	45.9405
Packet Loss:	3607	45.9619
Packet Loss:	3608	45.9619
Packet Loss:	3609	45.9619
Packet Loss:	3610	45.9619
Packet Retrans:	3607	45.962
Packet Retrans:	3608	45.9621
Packet Retrans:	3609	45.9622
Packet Retrans:	3610	45.9623
Receive Retrans Packet:	3608	45.9904
Timeout:	3612	46.0153
Packet Loss:	3612	46.0153
Packet Retrans:	3612	46.0153
Timeout:	3613	46.0154
Packet Loss:	3613	46.0154
Packet Retrans:	3613	46.0154
Timeout:	3614	46.0203
Packet Loss:	3614	46.0203
Packet Retrans:	3614	46.0203
Timeout:	3615	46.0204
Packet Loss:	3615	46.0204
Packet Retrans:	3615	46.0204
Timeout:	3616	46.0205
Packet Loss:	3616	46.0205
Packet Retrans:	3616	46.0205
Timeout:	3607	46.042
Packet Loss:	3607	46.042
Packet Send:	3617	46.0421
Timeout:	3609	46.0422
Packet Loss:	3609	46.0422
Timeout:	3610	46.0423
Packet Loss:	3610	46.0423
Packet Send:	3618	46.0424
Packet Send:	3619	46.0425
Packet Send:	3620	46.0426
Packet Send:	3621	46.0427
Timeout:	3612	46.0953
Packet Loss:	3612	46.0953
Packet Send:	3622	46.0955
Packet Send:	3623	46.0956
Packet Send:	3624	46.0957
Timeout:	3615	46.1004
Packet Loss:	3615	46.1004
Timeout:	3616	46.1005
Packet Loss:	3616	46.1005
Packet Send:	3625	46.1007
Packet Send:	3626	46.1008
Timeout:	3617	46.1221
Packet Loss:	3617	46.1221
Packet Retrans:	3617	46.1222
Timeout:	3618	46.1224
Packet Loss:	3618	46.1224
Packet Retrans:	3618	46.1225
Timeout:	3619	46.1225
Packet Loss:	3619	46.1225
Packet Retrans:	3619	46.1226
Timeout:	3620	46.1226
Packet Loss:	3620	46.1226
Packet Retrans:	3620	46.1227
Timeout:	3621	46.1227
Packet Loss:	3621	46.1227
Packet Retrans:	3621	46.1228
Packet Loss:	3622	46.124
Packet Retrans:	3622	46.124
Packet Loss:	3624	46.1275
Packet Retrans:	3624	46.1275
Receive Retrans Packet:	3622	46.1575
Timeout:	3626	46.1808
Packet Loss:	3626	46.1808
Packet Retrans:	3626	46.1809
Timeout:	3617	46.2022
Packet Loss:	3617	46.2022
Packet Send:	3627	46.2024
Timeout:	3618	46.2025
Packet Loss:	3618	46.2025
Timeout:	3619	46.2026
Packet Loss:	3619	46.2026
Timeout:	3620	46.2027
Packet Loss:	3620	46.2027
Timeout:	3621	46.2028
Packet Loss:	3621	46.2028
Packet Send:	3628	46.203
Packet Send:	3629	46.2031
Packet Send:	3630	46.2032
Packet Send:	3631	46.2033
Packet Send:	3632	46.2034
Packet Send:	3633	46.2035
Timeout:	3624	46.2075
Packet Loss:	3624	46.2075
Packet Send:	3634	46.2077
Packet Send:	3635	46.2078
Packet Loss:	3627	46.2309
Packet Retrans:	3627	46.2309
Packet Loss:	3629	46.2343
Packet Retrans:	3629	46.2343
Packet Loss:	3631	46.2377
Packet Retrans:	3631	46.2377
Timeout:	3626	46.2609
Packet Loss:	3626	46.2609
Receive Retrans Packet:	3629	46.2611
Packet Send:	3636	46.2611
Receive Retrans Packet:	3631	46.2645
Timeout:	3633	46.2835
Packet Loss:	3633	46.2835
Packet Retrans:	3633	46.2836
Timeout:	3634	46.2877
Packet Loss:	3634	46.2877
Packet Retrans:	3634	46.2878
Timeout:	3635	46.2878
Packet Loss:	3635	46.2878
Packet Retrans:	3635	46.2879
Timeout:	3627	46.3109
Packet Loss:	3627	46.3109
Packet Send:	3637	46.3111
Packet Send:	3638	46.3112
Packet Send:	3639	46.3113
Packet Send:	3640	46.3114
Packet Send:	3641	46.3115
Packet Send:	3642	46.3116
Packet Loss:	3636	46.3379
Packet Retrans:	3636	46.3379
Packet Loss:	3638	46.3413
Packet Retrans:	3638	46.3413
Packet Loss:	3640	46.3447
Packet Retrans:	3640	46.3447
Timeout:	3633	46.3636
Packet Loss:	3633	46.3636
Packet Send:	3643	46.3638
Receive Retrans Packet:	3636	46.3647
Timeout:	3634	46.3678
Packet Loss:	3634	46.3678
Timeout:	3635	46.3679
Packet Loss:	3635	46.3679
Packet Send:	3644	46.3681
Packet Send:	3645	46.3682
Packet Send:	3646	46.3683
Packet Send:	3647	46.3684
Timeout:	3642	46.3916
Packet Loss:	3642	46.3916
Packet Retrans:	3642	46.3917
Timeout:	3638	46.4213
Packet Loss:	3638	46.4213
Packet Send:	3648	46.4215
Packet Send:	3649	46.4216
Timeout:	3640	46.4247
Packet Loss:	3640	46.4247
Packet Send:	3650	46.4249
Packet Send:	3651	46.425
Packet Send:	3652	46.4251
Timeout:	3643	46.4438
Packet Loss:	3643	46.4438
Packet Retrans:	3643	46.4439
Timeout:	3644	46.4481
Packet Loss:	3644	46.4481
Packet Retrans:	3644	46.4482
Timeout:	3645	46.4482
Packet Loss:	3645	46.4482
Packet Loss:	3645	46.4483
Packet Loss:	3646	46.4483
Packet Loss:	3647	46.4483
Packet Retrans:	3645	46.4483
Packet Retrans:	3646	46.4485
Packet Retrans:	3647	46.4486
Packet Loss:	3649	46.4517
Packet Retrans:	3649	46.4517
Receive Retrans Packet:	3646	46.4784
Timeout:	3643	46.5239
Packet Loss:	3643	46.5239
Packet Send:	3653	46.5241
Timeout:	3644	46.5282
Packet Loss:	3644	46.5282
Timeout:	3645	46.5283
Packet Loss:	3645	46.5283
Packet Send:	3654	46.5285
Packet Send:	3655	46.5286
Timeout:	3647	46.5286
Packet Loss:	3647	46.5286
Packet Send:	3656	46.5288
Packet Send:	3657	46.5289
Packet Send:	3658	46.529
Timeout:	3649	46.5317
Packet Loss:	3649	46.5317
Packet Send:	3659	46.5319
Packet Send:	3660	46.532
Packet Send:	3661	46.5321
Packet Send:	3662	46.5322
Packet Loss:	3653	46.557
Packet Loss:	3654	46.557
Packet Retrans:	3653	46.557
Packet Retrans:	3654	46.5571
Packet Loss:	3658	46.5672
Packet Loss:	3659	46.5672
Packet Loss:	3660	46.5672
Packet Retrans:	3658	46.5672
Packet Retrans:	3659	46.5673
Packet Retrans:	3660	46.5674
Receive Retrans Packet:	3654	46.5855
Receive Retrans Packet:	3659	46.5957
Timeout:	3662	46.6122
Packet Loss:	3662	46.6122
Packet Retrans:	3662	46.6123
Timeout:	3653	46.637
Packet Loss:	3653	46.637
Packet Send:	3663	46.6372
Packet Send:	3664	46.6373
Packet Send:	3665	46.6374
Packet Send:	3666	46.6375
Packet Send:	3667	46.6376
Timeout:	3658	46.6472
Packet Loss:	3658	46.6472
Packet Send:	3668	46.6474
Timeout:	3660	46.6474
Packet Loss:	3660	46.6474
Packet Send:	3669	46.6476
Packet Send:	3670	46.6477
Packet Send:	3671	46.6478
Packet Send:	3672	46.6479
Packet Loss:	3663	46.6657
Packet Retrans:	3663	46.6657
Packet Loss:	3665	46.6691
Packet Retrans:	3665	46.6691
Packet Loss:	3667	46.6759
Packet Loss:	3668	46.6759
Packet Retrans:	3667	46.6759
Packet Retrans:	3668	46.676
Receive Retrans Packet:	3668	46.7044
Timeout:	3672	46.7279
Packet Loss:	3672	46.7279
Packet Retrans:	3672	46.728
Timeout:	3663	46.7457
Packet Loss:	3663	46.7457
Packet Send:	3673	46.7459
Packet Send:	3674	46.746
Timeout:	3665	46.7491
Packet Loss:	3665	46.7491
Packet Send:	3675	46.7493
Packet Send:	3676	46.7494
Timeout:	3667	46.7559
Packet Loss:	3667	46.7559
Packet Send:	3677	46.7561
Packet Send:	3678	46.7562
Packet Send:	3679	46.7563
Packet Send:	3680	46.7564
Packet Send:	3681	46.7565
Packet Loss:	3673	46.7744
Packet Retrans:	3673	46.7744
Packet Loss:	3675	46.7778
Packet Retrans:	3675	46.7778
Receive Retrans Packet:	3673	46.8012
Receive Retrans Packet:	3675	46.8046
Timeout:	3672	46.808
Packet Loss:	3672	46.808
Packet Send:	3682	46.8082
Packet Send:	3683	46.8083
Packet Send:	3684	46.8084
Packet Send:	3685	46.8085
Packet Send:	3686	46.8086
Packet Loss:	3677	46.835
Packet Loss:	3678	46.835
Packet Loss:	3679	46.835
Packet Loss:	3680	46.835
Packet Loss:	3681	46.835
Packet Retrans:	3677	46.835
Packet Retrans:	3678	46.8351
Packet Retrans:	3679	46.8352
Packet Retrans:	3680	46.8353
Packet Retrans:	3681	46.8354
Packet Loss:	3683	46.8401
Packet Loss:	3684	46.8401
Packet Retrans:	3683	46.8401
Packet Retrans:	3684	46.8402
Receive Retrans Packet:	3679	46.8652
Receive Retrans Packet:	3683	46.8703
Receive Retrans Packet:	3684	46.872
Timeout:	3686	46.8886
Packet Loss:	3686	46.8886
Packet Retrans:	3686	46.8887
Timeout:	3677	46.915
Packet Loss:	3677	46.915
Timeout:	3678	46.9151
Packet Loss:	3678	46.9151
Packet Send:	3687	46.9153
Timeout:	3680	46.9153
Packet Loss:	3680	46.9153
Timeout:	3681	46.9154
Packet Loss:	3681	46.9154
Packet Send:	3688	46.9156
Packet Send:	3689	46.9157
Packet Send:	3690	46.9158
Packet Send:	3691	46.9159
Packet Send:	3692	46.916
Packet Send:	3693	46.9161
Packet Send:	3694	46.9162
Packet Send:	3695	46.9163
Timeout:	3686	46.9687
Packet Loss:	3686	46.9687
Packet Send:	3696	46.9689
Packet Loss:	3687	46.9735
Packet Loss:	3688	46.9735
Packet Loss:	3689	46.9735
Packet Loss:	3690	46.9735
Packet Loss:	3691	46.9735
Packet Loss:	3692	46.9735
Packet Loss:	3693	46.9735
Packet Retrans:	3687	46.9735
Packet Retrans:	3688	46.9736
Packet Retrans:	3689	46.9737
Packet Retrans:	3690	46.9738
Packet Retrans:	3691	46.9739
Packet Retrans:	3692	46.974
Packet Retrans:	3693	46.9741
Timeout:	3696	47.0489
Packet Loss:	3696	47.0489
Packet Retrans:	3696	47.049
Timeout:	3687	47.0535
Packet Loss:	3687	47.0535
Timeout:	3688	47.0536
Packet Loss:	3688	47.0536
Timeout:	3689	47.0537
Packet Loss:	3689	47.0537
Timeout:	3690	47.0538
Packet Loss:	3690	47.0538
Timeout:	3691	47.0539
Packet Loss:	3691	47.0539
Timeout:	3692	47.054
Packet Loss:	3692	47.054
Timeout:	3693	47.0541
Packet Loss:	3693	47.0541
Packet Send:	3697	47.0543
Packet Send:	3698	47.0544
Packet Send:	3699	47.0545
Packet Send:	3700	47.0546
Packet Send:	3701	47.0547
Packet Send:	3702	47.0548
Packet Send:	3703	47.0549
Packet Send:	3704	47.055
Packet Send:	3705	47.0551
Receive Retrans Packet:	3687	47.1
Receive Retrans Packet:	3691	47.1076
Timeout:	3696	47.129
Packet Loss:	3696	47.129
Packet Send:	3706	47.1292
Timeout:	3697	47.1343
Packet Loss:	3697	47.1343
Packet Retrans:	3697	47.1344
Timeout:	3698	47.1344
Packet Loss:	3698	47.1344
Packet Retrans:	3698	47.1345
Timeout:	3699	47.1345
Packet Loss:	3699	47.1345
Packet Retrans:	3699	47.1346
Timeout:	3700	47.1346
Packet Loss:	3700	47.1346
Packet Retrans:	3700	47.1347
Timeout:	3701	47.1347
Packet Loss:	3701	47.1347
Packet Retrans:	3701	47.1348
Timeout:	3702	47.1348
Packet Loss:	3702	47.1348
Packet Retrans:	3702	47.1349
Timeout:	3703	47.1349
Packet Loss:	3703	47.1349
Packet Retrans:	3703	47.135
Timeout:	3704	47.135
Packet Loss:	3704	47.135
Packet Retrans:	3704	47.1351
Timeout:	3705	47.1351
Packet Loss:	3705	47.1351
Packet Retrans:	3705	47.1352
Timeout:	3706	47.2092
Packet Loss:	3706	47.2092
Packet Retrans:	3706	47.2093
Timeout:	3697	47.2144
Packet Loss:	3697	47.2144
Timeout:	3698	47.2145
Packet Loss:	3698	47.2145
Timeout:	3699	47.2146
Packet Loss:	3699	47.2146
Timeout:	3700	47.2147
Packet Loss:	3700	47.2147
Timeout:	3701	47.2148
Packet Loss:	3701	47.2148
Timeout:	3702	47.2149
Packet Loss:	3702	47.2149
Timeout:	3703	47.215
Packet Loss:	3703	47.215
Timeout:	3704	47.2151
Packet Loss:	3704	47.2151
Timeout:	3705	47.2152
Packet Loss:	3705	47.2152
Packet Send:	3707	47.2154
Packet Send:	3708	47.2155
Packet Send:	3709	47.2156
Packet Send:	3710	47.2157
Packet Send:	3711	47.2158
Packet Send:	3712	47.2159
Packet Send:	3713	47.216
Packet Send:	3714	47.2161
Packet Send:	3715	47.2162
Timeout:	3706	47.2893
Packet Loss:	3706	47.2893
Packet Send:	3716	47.2895
Timeout:	3707	47.2954
Packet Loss:	3707	47.2954
Packet Retrans:	3707	47.2955
Timeout:	3708	47.2955
Packet Loss:	3708	47.2955
Packet Retrans:	3708	47.2956
Timeout:	3709	47.2956
Packet Loss:	3709	47.2956
Packet Retrans:	3709	47.2957
Timeout:	3710	47.2957
Packet Loss:	3710	47.2957
Packet Retrans:	3710	47.2958
Timeout:	3711	47.2958
Packet Loss:	3711	47.2958
Packet Retrans:	3711	47.2959
Timeout:	3712	47.2959
Packet Loss:	3712	47.2959
Packet Retrans:	3712	47.296
Timeout:	3713	47.296
Packet Loss:	3713	47.296
Packet Retrans:	3713	47.2961
Timeout:	3714	47.2961
Packet Loss:	3714	47.2961
Packet Retrans:	3714	47.2962
Timeout:	3715	47.2962
Packet Loss:	3715	47.2962
Packet Retrans:	3715	47.2963
Timeout:	3716	47.3695
Packet Loss:	3716	47.3695
Packet Retrans:	3716	47.3696
Timeout:	3707	47.3755
Packet Loss:	3707	47.3755
Timeout:	3708	47.3756
Packet Loss:	3708	47.3756
Timeout:	3709	47.3757
Packet Loss:	3709	47.3757
Timeout:	3710	47.3758
Packet Loss:	3710	47.3758
Timeout:	3711	47.3759
Packet Loss:	3711	47.3759
Timeout:	3712	47.376
Packet Loss:	3712	47.376
Timeout:	3713	47.3761
Packet Loss:	3713	47.3761
Timeout:	3714	47.3762
Packet Loss:	3714	47.3762
Timeout:	3715	47.3763
Packet Loss:	3715	47.3763
Packet Send:	3717	47.3765
Packet Send:	3718	47.3766
Packet Send:	3719	47.3767
Packet Send:	3720	47.3768
Packet Send:	3721	47.3769
Packet Send:	3722	47.377
Packet Send:	3723	47.3771
Packet Send:	3724	47.3772
Packet Send:	3725	47.3773
Timeout:	3716	47.4496
Packet Loss:	3716	47.4496
Packet Send:	3726	47.4498
Timeout:	3717	47.4565
Packet Loss:	3717	47.4565
Packet Retrans:	3717	47.4566
Timeout:	3718	47.4566
Packet Loss:	3718	47.4566
Packet Retrans:	3718	47.4567
Timeout:	3719	47.4567
Packet Loss:	3719	47.4567
Packet Retrans:	3719	47.4568
Timeout:	3720	47.4568
Packet Loss:	3720	47.4568
Packet Retrans:	3720	47.4569
Timeout:	3721	47.4569
Packet Loss:	3721	47.4569
Packet Retrans:	3721	47.457
Timeout:	3722	47.457
Packet Loss:	3722	47.457
Packet Retrans:	3722	47.4571
Timeout:	3723	47.4571
Packet Loss:	3723	47.4571
Packet Retrans:	3723	47.4572
Timeout:	3724	47.4572
Packet Loss:	3724	47.4572
Packet Retrans:	3724	47.4573
Timeout:	3725	47.4573
Packet Loss:	3725	47.4573
Packet Retrans:	3725	47.4574
Receive Retrans Packet:	3697	47.4704
Timeout:	3726	47.5298
Packet Loss:	3726	47.5298
Packet Retrans:	3726	47.5299
Timeout:	3717	47.5366
Packet Loss:	3717	47.5366
Timeout:	3718	47.5367
Packet Loss:	3718	47.5367
Timeout:	3719	47.5368
Packet Loss:	3719	47.5368
Timeout:	3720	47.5369
Packet Loss:	3720	47.5369
Timeout:	3721	47.537
Packet Loss:	3721	47.537
Timeout:	3722	47.5371
Packet Loss:	3722	47.5371
Timeout:	3723	47.5372
Packet Loss:	3723	47.5372
Timeout:	3724	47.5373
Packet Loss:	3724	47.5373
Timeout:	3725	47.5374
Packet Loss:	3725	47.5374
Packet Send:	3727	47.5376
Packet Send:	3728	47.5377
Packet Send:	3729	47.5378
Packet Send:	3730	47.5379
Packet Send:	3731	47.538
Packet Send:	3732	47.5381
Packet Send:	3733	47.5382
Packet Send:	3734	47.5383
Packet Send:	3735	47.5384
Timeout:	3726	47.6099
Packet Loss:	3726	47.6099
Packet Send:	3736	47.6101
Timeout:	3727	47.6176
Packet Loss:	3727	47.6176
Packet Retrans:	3727	47.6177
Timeout:	3728	47.6177
Packet Loss:	3728	47.6177
Packet Retrans:	3728	47.6178
Timeout:	3729	47.6178
Packet Loss:	3729	47.6178
Packet Retrans:	3729	47.6179
Timeout:	3730	47.6179
Packet Loss:	3730	47.6179
Packet Retrans:	3730	47.618
Timeout:	3731	47.618
Packet Loss:	3731	47.618
Packet Retrans:	3731	47.6181
Timeout:	3732	47.6181
Packet Loss:	3732	47.6181
Packet Retrans:	3732	47.6182
Timeout:	3733	47.6182
Packet Loss:	3733	47.6182
Packet Retrans:	3733	47.6183
Timeout:	3734	47.6183
Packet Loss:	3734	47.6183
Packet Retrans:	3734	47.6184
Timeout:	3735	47.6184
Packet Loss:	3735	47.6184
Packet Retrans:	3735	47.6185
Receive Retrans Packet:	3707	47.643
Receive Retrans Packet:	3710	47.6481
Receive Retrans Packet:	3712	47.6515
Receive Retrans Packet:	3713	47.6532
Receive Retrans Packet:	3715	47.6566
Receive Retrans Packet:	3716	47.6583
Receive Retrans Packet:	3720	47.682
Receive Retrans Packet:	3721	47.6836
Timeout:	3736	47.6901
Packet Loss:	3736	47.6901
Packet Retrans:	3736	47.6902
Timeout:	3727	47.6977
Packet Loss:	3727	47.6977
Packet Send:	3737	47.6979
Timeout:	3729	47.6979
Packet Loss:	3729	47.6979
Timeout:	3730	47.698
Packet Loss:	3730	47.698
Timeout:	3731	47.6981
Packet Loss:	3731	47.6981
Timeout:	3732	47.6982
Packet Loss:	3732	47.6982
Timeout:	3733	47.6983
Packet Loss:	3733	47.6983
Timeout:	3734	47.6984
Packet Loss:	3734	47.6984
Timeout:	3735	47.6985
Packet Loss:	3735	47.6985
Packet Send:	3738	47.6987
Packet Send:	3739	47.6988
Packet Send:	3740	47.6989
Packet Send:	3741	47.699
Packet Send:	3742	47.6991
Packet Send:	3743	47.6992
Packet Send:	3744	47.6993
Packet Send:	3745	47.6994
Packet Send:	3746	47.7091
Receive Retrans Packet:	3731	47.7175
Receive Retrans Packet:	3734	47.7226
Packet Send:	3747	47.7277
Packet Send:	3748	47.7294
Packet Loss:	3739	47.7361
Packet Loss:	3740	47.7361
Packet Loss:	3741	47.7361
Packet Retrans:	3739	47.7361
Packet Retrans:	3740	47.7362
Packet Retrans:	3741	47.7363
Packet Loss:	3743	47.7562
Packet Loss:	3744	47.7562
Packet Loss:	3745	47.7562
Packet Loss:	3746	47.7562
Packet Loss:	3747	47.7562
Packet Retrans:	3743	47.7562
Packet Retrans:	3744	47.7563
Packet Retrans:	3745	47.7564
Packet Retrans:	3746	47.7565
Packet Retrans:	3747	47.7566
Receive Retrans Packet:	3740	47.7646
Receive Retrans Packet:	3747	47.7898
Timeout:	3739	47.8161
Packet Loss:	3739	47.8161
Packet Send:	3749	47.8163
Timeout:	3741	47.8163
Packet Loss:	3741	47.8163
Packet Send:	3750	47.8165
Packet Send:	3751	47.8166
Packet Send:	3752	47.8167
Timeout:	3743	47.8362
Packet Loss:	3743	47.8362
Timeout:	3744	47.8363
Packet Loss:	3744	47.8363
Timeout:	3745	47.8364
Packet Loss:	3745	47.8364
Timeout:	3746	47.8365
Packet Loss:	3746	47.8365
Packet Send:	3753	47.8367
Packet Send:	3754	47.8368
Packet Send:	3755	47.8369
Packet Send:	3756	47.837
Packet Send:	3757	47.8371
Packet Send:	3758	47.8372
Packet Loss:	3749	47.8482
Packet Loss:	3750	47.8482
Packet Loss:	3751	47.8482
Packet Retrans:	3749	47.8482
Packet Retrans:	3750	47.8483
Packet Retrans:	3751	47.8484
Receive Retrans Packet:	3750	47.8767
Timeout:	3753	47.9167
Packet Loss:	3753	47.9167
Packet Retrans:	3753	47.9168
Timeout:	3754	47.9168
Packet Loss:	3754	47.9168
Packet Retrans:	3754	47.9169
Timeout:	3755	47.9169
Packet Loss:	3755	47.9169
Packet Retrans:	3755	47.917
Timeout:	3756	47.917
Packet Loss:	3756	47.917
Packet Retrans:	3756	47.9171
Timeout:	3757	47.9171
Packet Loss:	3757	47.9171
Packet Retrans:	3757	47.9172
Timeout:	3758	47.9172
Packet Loss:	3758	47.9172
Packet Retrans:	3758	47.9173
Timeout:	3749	47.9282
Packet Loss:	3749	47.9282
Packet Send:	3759	47.9284
Timeout:	3751	47.9284
Packet Loss:	3751	47.9284
Packet Send:	3760	47.9286
Packet Send:	3761	47.9287
Packet Send:	3762	47.9288
Packet Send:	3763	47.9436
Packet Send:	3764	47.9453
Packet Send:	3765	47.947
Packet Send:	3766	47.9487
Packet Loss:	3760	47.9738
Packet Loss:	3761	47.9738
Packet Loss:	3762	47.9738
Packet Loss:	3763	47.9738
Packet Loss:	3764	47.9738
Packet Retrans:	3760	47.9738
Packet Retrans:	3761	47.9739
Packet Retrans:	3762	47.974
Packet Retrans:	3763	47.9741
Packet Retrans:	3764	47.9742
Timeout:	3757	47.9972
Packet Loss:	3757	47.9972
Timeout:	3758	47.9973
Packet Loss:	3758	47.9973
Packet Send:	3767	47.9975
Packet Send:	3768	47.9976
Packet Send:	3769	47.9977
Packet Loss:	3766	48.026
Packet Loss:	3767	48.026
Packet Retrans:	3766	48.026
Packet Retrans:	3767	48.0261
Timeout:	3760	48.0538
Packet Loss:	3760	48.0538
Timeout:	3761	48.0539
Packet Loss:	3761	48.0539
Timeout:	3762	48.054
Packet Loss:	3762	48.054
Timeout:	3763	48.0541
Packet Loss:	3763	48.0541
Timeout:	3764	48.0542
Packet Loss:	3764	48.0542
Packet Send:	3770	48.0544
Packet Send:	3771	48.0545
Packet Send:	3772	48.0546
Packet Send:	3773	48.0547
Packet Send:	3774	48.0548
Packet Send:	3775	48.0549
Timeout:	3769	48.0777
Packet Loss:	3769	48.0777
Packet Retrans:	3769	48.0778
Packet Loss:	3770	48.0863
Packet Loss:	3771	48.0863
Packet Loss:	3772	48.0863
Packet Retrans:	3770	48.0863
Packet Retrans:	3771	48.0864
Packet Retrans:	3772	48.0865
Timeout:	3766	48.106
Packet Loss:	3766	48.106
Timeout:	3767	48.1061
Packet Loss:	3767	48.1061
Packet Send:	3776	48.1063
Packet Send:	3777	48.1064
Packet Send:	3778	48.1065
Receive Retrans Packet:	3771	48.1148
Packet Loss:	3774	48.1331
Packet Loss:	3775	48.1331
Packet Retrans:	3774	48.1331
Packet Retrans:	3775	48.1332
Packet Loss:	3777	48.1365
Packet Retrans:	3777	48.1365
Timeout:	3769	48.1578
Packet Loss:	3769	48.1578
Packet Send:	3779	48.158
Receive Retrans Packet:	3774	48.1599
Receive Retrans Packet:	3775	48.1616
Timeout:	3770	48.1663
Packet Loss:	3770	48.1663
Packet Send:	3780	48.1665
Timeout:	3772	48.1665
Packet Loss:	3772	48.1665
Packet Send:	3781	48.1667
Packet Send:	3782	48.1668
Packet Send:	3783	48.1669
Packet Send:	3784	48.167
Packet Send:	3785	48.1671
Packet Send:	3786	48.1672
Packet Loss:	3779	48.195
Packet Loss:	3780	48.195
Packet Retrans:	3779	48.195
Packet Retrans:	3780	48.1951
Packet Loss:	3782	48.1984
Packet Retrans:	3782	48.1984
Timeout:	3777	48.2165
Packet Loss:	3777	48.2165
Packet Send:	3787	48.2167
Packet Send:	3788	48.2168
Packet Loss:	3784	48.2452
Packet Loss:	3785	48.2452
Packet Loss:	3786	48.2452
Packet Loss:	3787	48.2452
Packet Retrans:	3784	48.2452
Packet Retrans:	3785	48.2453
Packet Retrans:	3786	48.2454
Packet Retrans:	3787	48.2455
Receive Retrans Packet:	3784	48.272
Timeout:	3779	48.275
Packet Loss:	3779	48.275
Timeout:	3780	48.2751
Packet Loss:	3780	48.2751
Packet Send:	3789	48.2753
Packet Send:	3790	48.2754
Packet Send:	3791	48.2755
Timeout:	3782	48.2784
Packet Loss:	3782	48.2784
Packet Send:	3792	48.2786
Packet Send:	3793	48.2787
Packet Send:	3794	48.2788
Timeout:	3785	48.3253
Packet Loss:	3785	48.3253
Timeout:	3786	48.3254
Packet Loss:	3786	48.3254
Timeout:	3787	48.3255
Packet Loss:	3787	48.3255
Packet Send:	3795	48.3257
Packet Send:	3796	48.3258
Packet Send:	3797	48.3259
Packet Send:	3798	48.326
Timeout:	3789	48.3553
Packet Loss:	3789	48.3553
Packet Retrans:	3789	48.3554
Timeout:	3790	48.3554
Packet Loss:	3790	48.3554
Packet Retrans:	3790	48.3555
Timeout:	3791	48.3555
Packet Loss:	3791	48.3555
Packet Retrans:	3791	48.3556
Timeout:	3792	48.3586
Packet Loss:	3792	48.3586
Packet Retrans:	3792	48.3587
Timeout:	3793	48.3587
Packet Loss:	3793	48.3587
Packet Retrans:	3793	48.3588
Timeout:	3794	48.3588
Packet Loss:	3794	48.3588
Packet Retrans:	3794	48.3589
Timeout:	3795	48.4057
Packet Loss:	3795	48.4057
Packet Retrans:	3795	48.4058
Timeout:	3796	48.4058
Packet Loss:	3796	48.4058
Packet Retrans:	3796	48.4059
Timeout:	3797	48.4059
Packet Loss:	3797	48.4059
Packet Retrans:	3797	48.406
Timeout:	3798	48.406
Packet Loss:	3798	48.406
Packet Retrans:	3798	48.4061
Timeout:	3789	48.4354
Packet Loss:	3789	48.4354
Timeout:	3790	48.4355
Packet Loss:	3790	48.4355
Packet Send:	3799	48.4357
Packet Send:	3800	48.4358
Packet Send:	3801	48.4359
Packet Send:	3802	48.436
Timeout:	3793	48.4388
Packet Loss:	3793	48.4388
Timeout:	3794	48.4389
Packet Loss:	3794	48.4389
Packet Send:	3803	48.4391
Packet Send:	3804	48.4392
Packet Send:	3805	48.4393
Packet Send:	3806	48.4394
Packet Send:	3807	48.4395
Packet Loss:	3800	48.471
Packet Loss:	3801	48.471
Packet Loss:	3802	48.471
Packet Loss:	3803	48.471
Packet Retrans:	3800	48.471
Packet Retrans:	3801	48.4711
Packet Retrans:	3802	48.4712
Packet Retrans:	3803	48.4713
Packet Loss:	3805	48.4743
Packet Retrans:	3805	48.4744
Timeout:	3798	48.4861
Packet Loss:	3798	48.4861
Packet Send:	3808	48.4863
Packet Send:	3809	48.4864
Receive Retrans Packet:	3800	48.4978
Packet Send:	3810	48.4978
Packet Loss:	3808	48.5148
Packet Retrans:	3808	48.5148
Timeout:	3801	48.5511
Packet Loss:	3801	48.5511
Timeout:	3802	48.5512
Packet Loss:	3802	48.5512
Timeout:	3803	48.5513
Packet Loss:	3803	48.5513
Packet Send:	3811	48.5515
Packet Send:	3812	48.5516
Packet Send:	3813	48.5517
Packet Send:	3814	48.5518
Timeout:	3805	48.5544
Packet Loss:	3805	48.5544
Packet Send:	3815	48.5546
Packet Send:	3816	48.5547
Packet Send:	3817	48.5548
Timeout:	3810	48.5778
Packet Loss:	3810	48.5778
Packet Retrans:	3810	48.5779
Packet Loss:	3813	48.5885
Packet Loss:	3814	48.5885
Packet Loss:	3815	48.5885
Packet Loss:	3816	48.5885
Packet Retrans:	3813	48.5885
Packet Retrans:	3814	48.5886
Packet Retrans:	3815	48.5887
Packet Retrans:	3816	48.5888
Timeout:	3808	48.5948
Packet Loss:	3808	48.5948
Packet Send:	3818	48.595
Packet Send:	3819	48.5951
Receive Retrans Packet:	3810	48.6047
Packet Send:	3820	48.6047
Packet Send:	3821	48.6048
Packet Send:	3822	48.6049
Receive Retrans Packet:	3813	48.6153
Packet Send:	3823	48.6153
Receive Retrans Packet:	3814	48.617
Packet Send:	3824	48.617
Packet Loss:	3818	48.6349
Packet Loss:	3819	48.6349
Packet Loss:	3820	48.6349
Packet Loss:	3821	48.6349
Packet Retrans:	3818	48.6349
Packet Retrans:	3819	48.635
Packet Retrans:	3820	48.6351
Packet Retrans:	3821	48.6352
Timeout:	3815	48.6687
Packet Loss:	3815	48.6687
Timeout:	3816	48.6688
Packet Loss:	3816	48.6688
Packet Send:	3825	48.669
Packet Send:	3826	48.6691
Packet Send:	3827	48.6692
Timeout:	3818	48.7149
Packet Loss:	3818	48.7149
Timeout:	3819	48.715
Packet Loss:	3819	48.715
Timeout:	3820	48.7151
Packet Loss:	3820	48.7151
Timeout:	3821	48.7152
Packet Loss:	3821	48.7152
Packet Send:	3828	48.7154
Packet Send:	3829	48.7155
Packet Send:	3830	48.7156
Packet Send:	3831	48.7157
Packet Send:	3832	48.7158
Packet Send:	3833	48.7159
Packet Send:	3834	48.716
Packet Loss:	3825	48.7422
Packet Loss:	3826	48.7422
Packet Loss:	3827	48.7422
Packet Retrans:	3825	48.7422
Packet Retrans:	3826	48.7423
Packet Retrans:	3827	48.7424
Packet Loss:	3829	48.7456
Packet Retrans:	3829	48.7456
Receive Retrans Packet:	3827	48.7724
Timeout:	3833	48.7959
Packet Loss:	3833	48.7959
Packet Retrans:	3833	48.796
Timeout:	3834	48.796
Packet Loss:	3834	48.796
Packet Retrans:	3834	48.7961
Timeout:	3825	48.8222
Packet Loss:	3825	48.8222
Timeout:	3826	48.8223
Packet Loss:	3826	48.8223
Packet Send:	3835	48.8225
Packet Send:	3836	48.8226
Packet Send:	3837	48.8227
Packet Send:	3838	48.8228
Timeout:	3829	48.8256
Packet Loss:	3829	48.8256
Packet Send:	3839	48.8258
Packet Send:	3840	48.8259
Packet Send:	3841	48.826
Packet Send:	3842	48.8261
Packet Loss:	3836	48.8544
Packet Loss:	3837	48.8544
Packet Retrans:	3836	48.8544
Packet Retrans:	3837	48.8545
Packet Loss:	3839	48.8578
Packet Retrans:	3839	48.8578
Timeout:	3833	48.876
Packet Loss:	3833	48.876
Packet Send:	3843	48.8762
Packet Send:	3844	48.8763
Packet Send:	3845	48.8764
Receive Retrans Packet:	3836	48.8812
Packet Send:	3846	48.8812
Packet Loss:	3841	48.903
Packet Loss:	3842	48.903
Packet Retrans:	3841	48.903
Packet Retrans:	3842	48.9031
Packet Loss:	3845	48.9081
Packet Retrans:	3845	48.9081
Receive Retrans Packet:	3841	48.9298
Timeout:	3837	48.9345
Packet Loss:	3837	48.9345
Packet Send:	3847	48.9347
Packet Send:	3848	48.9348
Timeout:	3839	48.9378
Packet Loss:	3839	48.9378
Packet Send:	3849	48.938
Packet Send:	3850	48.9381
Packet Send:	3851	48.9382
Packet Loss:	3847	48.9632
Packet Retrans:	3847	48.9632
Timeout:	3842	48.9831
Packet Loss:	3842	48.9831
Packet Send:	3852	48.9833
Packet Send:	3853	48.9834
Packet Send:	3854	48.9835
Timeout:	3845	48.9881
Packet Loss:	3845	48.9881
Packet Send:	3855	48.9883
Packet Send:	3856	48.9884
Packet Loss:	3852	49.0118
Packet Retrans:	3852	49.0118
Packet Loss:	3854	49.0152
Packet Retrans:	3854	49.0152
Timeout:	3847	49.0432
Packet Loss:	3847	49.0432
Packet Send:	3857	49.0434
Packet Send:	3858	49.0435
Packet Send:	3859	49.0436
Packet Send:	3860	49.0437
Packet Send:	3861	49.0438
Packet Loss:	3858	49.0736
Packet Retrans:	3858	49.0736
Packet Loss:	3860	49.077
Packet Retrans:	3860	49.077
Timeout:	3852	49.0918
Packet Loss:	3852	49.0918
Packet Send:	3862	49.092
Packet Send:	3863	49.0921
Timeout:	3854	49.0952
Packet Loss:	3854	49.0952
Packet Send:	3864	49.0954
Packet Send:	3865	49.0955
Packet Send:	3866	49.0956
Packet Send:	3867	49.0957
Receive Retrans Packet:	3858	49.1004
Packet Send:	3868	49.1004
Packet Send:	3869	49.1005
Packet Loss:	3862	49.1256
Packet Loss:	3863	49.1256
Packet Loss:	3864	49.1256
Packet Loss:	3865	49.1256
Packet Retrans:	3862	49.1256
Packet Retrans:	3863	49.1257
Packet Retrans:	3864	49.1258
Packet Retrans:	3865	49.1259
Receive Retrans Packet:	3862	49.1524
Timeout:	3860	49.157
Packet Loss:	3860	49.157
Packet Send:	3870	49.1572
Packet Send:	3871	49.1573
Packet Send:	3872	49.1574
Timeout:	3869	49.1805
Packet Loss:	3869	49.1805
Packet Retrans:	3869	49.1806
Timeout:	3863	49.2057
Packet Loss:	3863	49.2057
Timeout:	3864	49.2058
Packet Loss:	3864	49.2058
Timeout:	3865	49.2059
Packet Loss:	3865	49.2059
Packet Send:	3873	49.2061
Packet Send:	3874	49.2062
Packet Send:	3875	49.2063
Packet Send:	3876	49.2064
Packet Send:	3877	49.2065
Packet Send:	3878	49.2066
Packet Loss:	3872	49.2329
Packet Retrans:	3872	49.2329
Packet Loss:	3874	49.2363
Packet Retrans:	3874	49.2363
Timeout:	3869	49.2606
Packet Loss:	3869	49.2606
Packet Send:	3879	49.2608
Packet Send:	3880	49.2609
Packet Send:	3881	49.261
Receive Retrans Packet:	3874	49.2631
Timeout:	3876	49.2864
Packet Loss:	3876	49.2864
Packet Retrans:	3876	49.2865
Timeout:	3877	49.2865
Packet Loss:	3877	49.2865
Packet Retrans:	3877	49.2866
Timeout:	3878	49.2866
Packet Loss:	3878	49.2866
Packet Retrans:	3878	49.2867
Timeout:	3872	49.3129
Packet Loss:	3872	49.3129
Packet Send:	3882	49.3131
Packet Send:	3883	49.3132
Packet Send:	3884	49.3133
Packet Send:	3885	49.3134
Packet Loss:	3879	49.3399
Packet Loss:	3880	49.3399
Packet Loss:	3881	49.3399
Packet Retrans:	3879	49.3399
Packet Retrans:	3880	49.34
Packet Retrans:	3881	49.3401
Packet Loss:	3883	49.3433
Packet Retrans:	3883	49.3433
Timeout:	3876	49.3665
Packet Loss:	3876	49.3665
Timeout:	3877	49.3666
Packet Loss:	3877	49.3666
Receive Retrans Packet:	3879	49.3667
Timeout:	3878	49.3667
Packet Loss:	3878	49.3667
Packet Send:	3886	49.3669
Packet Send:	3887	49.367
Packet Send:	3888	49.3671
Packet Send:	3889	49.3672
Packet Loss:	3886	49.3971
Packet Loss:	3887	49.3971
Packet Retrans:	3886	49.3971
Packet Retrans:	3887	49.3972
Timeout:	3880	49.42
Packet Loss:	3880	49.42
Timeout:	3881	49.4201
Packet Loss:	3881	49.4201
Packet Send:	3890	49.4203
Packet Send:	3891	49.4204
Packet Send:	3892	49.4205
Timeout:	3883	49.4233
Packet Loss:	3883	49.4233
Packet Send:	3893	49.4235
Packet Send:	3894	49.4236
Packet Send:	3895	49.4237
Packet Loss:	3890	49.4539
Packet Loss:	3891	49.4539
Packet Loss:	3892	49.4539
Packet Loss:	3893	49.4539
Packet Retrans:	3890	49.4539
Packet Retrans:	3891	49.454
Packet Retrans:	3892	49.4541
Packet Retrans:	3893	49.4542
Timeout:	3886	49.4771
Packet Loss:	3886	49.4771
Timeout:	3887	49.4772
Packet Loss:	3887	49.4772
Packet Send:	3896	49.4774
Packet Send:	3897	49.4775
Packet Send:	3898	49.4776
Packet Send:	3899	49.4777
Receive Retrans Packet:	3890	49.4807
Packet Send:	3900	49.4807
Timeout:	3891	49.534
Packet Loss:	3891	49.534
Timeout:	3892	49.5341
Packet Loss:	3892	49.5341
Timeout:	3893	49.5342
Packet Loss:	3893	49.5342
Packet Send:	3901	49.5344
Packet Send:	3902	49.5345
Packet Send:	3903	49.5346
Packet Send:	3904	49.5347
Packet Send:	3905	49.5348
Packet Send:	3906	49.5349
Timeout:	3897	49.5575
Packet Loss:	3897	49.5575
Packet Retrans:	3897	49.5576
Timeout:	3898	49.5576
Packet Loss:	3898	49.5576
Packet Retrans:	3898	49.5577
Timeout:	3899	49.5577
Packet Loss:	3899	49.5577
Packet Retrans:	3899	49.5578
Timeout:	3900	49.5607
Packet Loss:	3900	49.5607
Packet Retrans:	3900	49.5608
Timeout:	3902	49.6145
Packet Loss:	3902	49.6145
Packet Retrans:	3902	49.6146
Timeout:	3903	49.6146
Packet Loss:	3903	49.6146
Packet Retrans:	3903	49.6147
Timeout:	3904	49.6147
Packet Loss:	3904	49.6147
Packet Retrans:	3904	49.6148
Timeout:	3905	49.6148
Packet Loss:	3905	49.6148
Packet Retrans:	3905	49.6149
Timeout:	3906	49.6149
Packet Loss:	3906	49.6149
Packet Retrans:	3906	49.615
Timeout:	3897	49.6376
Packet Loss:	3897	49.6376
Timeout:	3898	49.6377
Packet Loss:	3898	49.6377
Timeout:	3899	49.6378
Packet Loss:	3899	49.6378
Packet Send:	3907	49.638
Packet Send:	3908	49.6381
Packet Send:	3909	49.6382
Timeout:	3900	49.6408
Packet Loss:	3900	49.6408
Packet Send:	3910	49.641
Packet Send:	3911	49.6411
Packet Send:	3912	49.6414
Packet Loss:	3907	49.6699
Packet Loss:	3908	49.6699
Packet Loss:	3909	49.6699
Packet Retrans:	3907	49.6699
Packet Retrans:	3908	49.67
Packet Retrans:	3909	49.6701
Packet Loss:	3911	49.6732
Packet Retrans:	3911	49.6733
Timeout:	3903	49.6947
Packet Loss:	3903	49.6947
Packet Send:	3913	49.6949
Timeout:	3905	49.6949
Packet Loss:	3905	49.6949
Timeout:	3906	49.695
Packet Loss:	3906	49.695
Packet Send:	3914	49.6952
Packet Send:	3915	49.6953
Packet Send:	3916	49.6954
Timeout:	3907	49.7499
Packet Loss:	3907	49.7499
Timeout:	3908	49.75
Packet Loss:	3908	49.75
Timeout:	3909	49.7501
Packet Loss:	3909	49.7501
Packet Send:	3917	49.7503
Packet Send:	3918	49.7504
Packet Send:	3919	49.7505
Packet Send:	3920	49.7506
Timeout:	3911	49.7533
Packet Loss:	3911	49.7533
Packet Send:	3921	49.7535
Packet Send:	3922	49.7536
Packet Send:	3923	49.7537
Packet Send:	3924	49.7538
Timeout:	3915	49.7753
Packet Loss:	3915	49.7753
Packet Retrans:	3915	49.7754
Timeout:	3916	49.7754
Packet Loss:	3916	49.7754
Packet Retrans:	3916	49.7755
Packet Loss:	3917	49.7822
Packet Loss:	3918	49.7822
Packet Loss:	3919	49.7822
Packet Retrans:	3917	49.7822
Packet Retrans:	3918	49.7823
Packet Retrans:	3919	49.7824
Packet Loss:	3921	49.7855
Packet Retrans:	3921	49.7856
Receive Retrans Packet:	3917	49.809
Timeout:	3915	49.8554
Packet Loss:	3915	49.8554
Timeout:	3916	49.8555
Packet Loss:	3916	49.8555
Packet Send:	3925	49.8557
Packet Send:	3926	49.8558
Packet Send:	3927	49.8559
Timeout:	3918	49.8623
Packet Loss:	3918	49.8623
Timeout:	3919	49.8624
Packet Loss:	3919	49.8624
Packet Send:	3928	49.8626
Packet Send:	3929	49.8627
Packet Send:	3930	49.8628
Timeout:	3921	49.8656
Packet Loss:	3921	49.8656
Packet Send:	3931	49.8658
Packet Send:	3932	49.8659
Packet Send:	3933	49.866
Packet Send:	3934	49.8661
Packet Send:	3935	49.8825
Packet Send:	3936	49.8842
Packet Send:	3937	49.8859
Packet Loss:	3928	49.8911
Packet Retrans:	3928	49.8911
Packet Loss:	3930	49.8978
Packet Loss:	3931	49.8978
Packet Loss:	3932	49.8978
Packet Retrans:	3930	49.8979
Packet Retrans:	3931	49.898
Packet Retrans:	3932	49.8981
Packet Loss:	3934	49.9127
Packet Loss:	3935	49.9127
Packet Loss:	3936	49.9127
Packet Retrans:	3934	49.9127
Packet Retrans:	3935	49.9128
Packet Retrans:	3936	49.9129
Receive Retrans Packet:	3931	49.9264
Receive Retrans Packet:	3932	49.9281
Receive Retrans Packet:	3934	49.9395
Timeout:	3928	49.9711
Packet Loss:	3928	49.9711
Packet Send:	3938	49.9713
Packet Send:	3939	49.9714
Timeout:	3930	49.9779
Packet Loss:	3930	49.9779
Packet Send:	3940	49.9781
Packet Send:	3941	49.9782
Packet Send:	3942	49.9783
Packet Send:	3943	49.9784
Packet Send:	3944	49.9785
Timeout:	3935	49.9928
Packet Loss:	3935	49.9928
Timeout:	3936	49.9929
Packet Loss:	3936	49.9929
Packet Send:	3945	49.9931
Packet Send:	3946	49.9932
Packet Send:	3947	49.9933
Packet Loss:	3938	50.0066
Packet Loss:	3939	50.0066
Packet Loss:	3940	50.0066
Packet Retrans:	3938	50.0066
Packet Retrans:	3939	50.0067
Packet Retrans:	3940	50.0068
Packet Loss:	3942	50.0117
Packet Loss:	3943	50.0117
Packet Retrans:	3942	50.0117
Packet Retrans:	3943	50.0118
Packet Loss:	3945	50.0216
Packet Retrans:	3945	50.0216
Receive Retrans Packet:	3943	50.0402
Timeout:	3947	50.0733
Packet Loss:	3947	50.0733
Packet Retrans:	3947	50.0734
Timeout:	3938	50.0866
Packet Loss:	3938	50.0866
Timeout:	3939	50.0867
Packet Loss:	3939	50.0867
Timeout:	3940	50.0868
Packet Loss:	3940	50.0868
Packet Send:	3948	50.087
Packet Send:	3949	50.0871
Packet Send:	3950	50.0872
Packet Send:	3951	50.0873
Timeout:	3942	50.0917
Packet Loss:	3942	50.0917
Packet Send:	3952	50.0919
Packet Send:	3953	50.092
Packet Send:	3954	50.0921
Timeout:	3945	50.1016
Packet Loss:	3945	50.1016
Packet Send:	3955	50.1018
Packet Send:	3956	50.1019
Packet Loss:	3948	50.1155
Packet Retrans:	3948	50.1155
Packet Loss:	3950	50.1189
Packet Retrans:	3950	50.1189
Packet Loss:	3954	50.1303
Packet Loss:	3955	50.1303
Packet Retrans:	3954	50.1303
Packet Retrans:	3955	50.1304
Receive Retrans Packet:	3948	50.1423
Timeout:	3947	50.1534
Packet Loss:	3947	50.1534
Packet Send:	3957	50.1536
Packet Send:	3958	50.1537
Packet Send:	3959	50.1538
Receive Retrans Packet:	3955	50.1588
Timeout:	3950	50.1989
Packet Loss:	3950	50.1989
Packet Send:	3960	50.1991
Packet Send:	3961	50.1992
Packet Send:	3962	50.1993
Packet Send:	3963	50.1994
Timeout:	3954	50.2103
Packet Loss:	3954	50.2103
Packet Send:	3964	50.2105
Packet Send:	3965	50.2106
Packet Send:	3966	50.2107
Packet Loss:	3957	50.2276
Packet Loss:	3958	50.2276
Packet Loss:	3959	50.2276
Packet Loss:	3960	50.2276
Packet Retrans:	3957	50.2276
Packet Retrans:	3958	50.2277
Packet Retrans:	3959	50.2278
Packet Retrans:	3960	50.2279
Packet Loss:	3962	50.2552
Packet Loss:	3963	50.2552
Packet Retrans:	3962	50.2552
Packet Retrans:	3963	50.2553
Packet Loss:	3965	50.2595
Packet Retrans:	3965	50.2595
Receive Retrans Packet:	3959	50.3001
Timeout:	3957	50.3076
Packet Loss:	3957	50.3076
Timeout:	3958	50.3077
Packet Loss:	3958	50.3077
Packet Send:	3967	50.3079
Timeout:	3960	50.3079
Packet Loss:	3960	50.3079
Packet Send:	3968	50.3081
Packet Send:	3969	50.3082
Packet Send:	3970	50.3083
Packet Send:	3971	50.3084
Timeout:	3962	50.3352
Packet Loss:	3962	50.3352
Timeout:	3963	50.3353
Packet Loss:	3963	50.3353
Packet Send:	3972	50.3355
Packet Send:	3973	50.3356
Packet Send:	3974	50.3357
Timeout:	3965	50.3395
Packet Loss:	3965	50.3395
Packet Send:	3975	50.3397
Packet Send:	3976	50.3398
Receive Retrans Packet:	3962	50.3616
Receive Retrans Packet:	3963	50.3633
Receive Retrans Packet:	3965	50.3745
Timeout:	3967	50.3879
Packet Loss:	3967	50.3879
Packet Retrans:	3967	50.388
Timeout:	3968	50.3881
Packet Loss:	3968	50.3881
Packet Retrans:	3968	50.3882
Timeout:	3969	50.3882
Packet Loss:	3969	50.3882
Packet Retrans:	3969	50.3883
Timeout:	3970	50.3883
Packet Loss:	3970	50.3883
Packet Retrans:	3970	50.3884
Timeout:	3971	50.3884
Packet Loss:	3971	50.3884
Packet Retrans:	3971	50.3885
Timeout:	3972	50.4155
Packet Loss:	3972	50.4155
Packet Retrans:	3972	50.4156
Timeout:	3973	50.4156
Packet Loss:	3973	50.4156
Packet Retrans:	3973	50.4157
Timeout:	3974	50.4157
Packet Loss:	3974	50.4157
Packet Retrans:	3974	50.4158
Timeout:	3975	50.4197
Packet Loss:	3975	50.4197
Packet Retrans:	3975	50.4198
Timeout:	3976	50.4198
Packet Loss:	3976	50.4198
Packet Retrans:	3976	50.4199
Timeout:	3967	50.468
Packet Loss:	3967	50.468
Packet Send:	3977	50.4682
Timeout:	3968	50.4682
Packet Loss:	3968	50.4682
Timeout:	3969	50.4683
Packet Loss:	3969	50.4683
Timeout:	3970	50.4684
Packet Loss:	3970	50.4684
Timeout:	3971	50.4685
Packet Loss:	3971	50.4685
Packet Send:	3978	50.4687
Packet Send:	3979	50.4688
Packet Send:	3980	50.4689
Packet Send:	3981	50.469
Timeout:	3972	50.4956
Packet Loss:	3972	50.4956
Timeout:	3973	50.4957
Packet Loss:	3973	50.4957
Timeout:	3974	50.4958
Packet Loss:	3974	50.4958
Packet Send:	3982	50.496
Packet Send:	3983	50.4961
Packet Send:	3984	50.4962
Timeout:	3975	50.4998
Packet Loss:	3975	50.4998
Timeout:	3976	50.4999
Packet Loss:	3976	50.4999
Packet Send:	3985	50.5001
Packet Send:	3986	50.5002
Timeout:	3977	50.5482
Packet Loss:	3977	50.5482
Packet Retrans:	3977	50.5483
Timeout:	3978	50.5487
Packet Loss:	3978	50.5487
Packet Retrans:	3978	50.5488
Timeout:	3979	50.5488
Packet Loss:	3979	50.5488
Packet Retrans:	3979	50.5489
Timeout:	3980	50.5489
Packet Loss:	3980	50.5489
Packet Retrans:	3980	50.549
Timeout:	3981	50.549
Packet Loss:	3981	50.549
Packet Retrans:	3981	50.5491
Timeout:	3982	50.576
Packet Loss:	3982	50.576
Packet Retrans:	3982	50.5761
Timeout:	3983	50.5761
Packet Loss:	3983	50.5761
Packet Retrans:	3983	50.5762
Timeout:	3984	50.5762
Packet Loss:	3984	50.5762
Packet Retrans:	3984	50.5763
Timeout:	3985	50.5801
Packet Loss:	3985	50.5801
Packet Retrans:	3985	50.5802
Timeout:	3986	50.5802
Packet Loss:	3986	50.5802
Packet Retrans:	3986	50.5803
Timeout:	3977	50.6283
Packet Loss:	3977	50.6283
Packet Send:	3987	50.6285
Timeout:	3978	50.6288
Packet Loss:	3978	50.6288
Timeout:	3979	50.6289
Packet Loss:	3979	50.6289
Timeout:	3980	50.629
Packet Loss:	3980	50.629
Timeout:	3981	50.6291
Packet Loss:	3981	50.6291
Packet Send:	3988	50.6293
Packet Send:	3989	50.6294
Packet Send:	3990	50.6295
Packet Send:	3991	50.6296
Timeout:	3982	50.6561
Packet Loss:	3982	50.6561
Timeout:	3983	50.6562
Packet Loss:	3983	50.6562
Timeout:	3984	50.6563
Packet Loss:	3984	50.6563
Packet Send:	3992	50.6565
Packet Send:	3993	50.6566
Packet Send:	3994	50.6567
Timeout:	3985	50.6602
Packet Loss:	3985	50.6602
Timeout:	3986	50.6603
Packet Loss:	3986	50.6603
Packet Send:	3995	50.6605
Packet Send:	3996	50.6606
Receive Retrans Packet:	3971	50.6731
Timeout:	3987	50.7085
Packet Loss:	3987	50.7085
Packet Retrans:	3987	50.7086
Timeout:	3988	50.7093
Packet Loss:	3988	50.7093
Packet Retrans:	3988	50.7094
Timeout:	3989	50.7094
Packet Loss:	3989	50.7094
Packet Retrans:	3989	50.7095
Timeout:	3990	50.7095
Packet Loss:	3990	50.7095
Packet Retrans:	3990	50.7096
Timeout:	3991	50.7096
Packet Loss:	3991	50.7096
Packet Retrans:	3991	50.7097
Receive Retrans Packet:	3973	50.7337
Timeout:	3992	50.7365
Packet Loss:	3992	50.7365
Packet Retrans:	3992	50.7366
Timeout:	3993	50.7366
Packet Loss:	3993	50.7366
Packet Retrans:	3993	50.7367
Timeout:	3994	50.7367
Packet Loss:	3994	50.7367
Packet Retrans:	3994	50.7368
Timeout:	3995	50.7405
Packet Loss:	3995	50.7405
Packet Retrans:	3995	50.7406
Timeout:	3996	50.7406
Packet Loss:	3996	50.7406
Packet Retrans:	3996	50.7407
Timeout:	3987	50.7886
Packet Loss:	3987	50.7886
Packet Send:	3997	50.7888
Timeout:	3988	50.7894
Packet Loss:	3988	50.7894
Timeout:	3989	50.7895
Packet Loss:	3989	50.7895
Timeout:	3990	50.7896
Packet Loss:	3990	50.7896
Timeout:	3991	50.7897
Packet Loss:	3991	50.7897
Packet Send:	3998	50.7899
Packet Send:	3999	50.79
Packet Send:	4000	50.7901
Packet Send:	4001	50.7902
Timeout:	3992	50.8166
Packet Loss:	3992	50.8166
Timeout:	3993	50.8167
Packet Loss:	3993	50.8167
Timeout:	3994	50.8168
Packet Loss:	3994	50.8168
Packet Send:	4002	50.817
Packet Send:	4003	50.8171
Packet Send:	4004	50.8172
Timeout:	3995	50.8206
Packet Loss:	3995	50.8206
Timeout:	3996	50.8207
Packet Loss:	3996	50.8207
Packet Send:	4005	50.8209
Packet Send:	4006	50.821
Timeout:	3997	50.8688
Packet Loss:	3997	50.8688
Packet Retrans:	3997	50.8689
Timeout:	3998	50.8699
Packet Loss:	3998	50.8699
Packet Retrans:	3998	50.87
Timeout:	3999	50.87
Packet Loss:	3999	50.87
Packet Retrans:	3999	50.8701
Timeout:	4000	50.8701
Packet Loss:	4000	50.8701
Packet Retrans:	4000	50.8702
Timeout:	4001	50.8702
Packet Loss:	4001	50.8702
Packet Retrans:	4001	50.8703
Timeout:	4002	50.897
Packet Loss:	4002	50.897
Packet Retrans:	4002	50.8971
Timeout:	4003	50.8971
Packet Loss:	4003	50.8971
Packet Retrans:	4003	50.8972
Timeout:	4004	50.8972
Packet Loss:	4004	50.8972
Packet Retrans:	4004	50.8973
Timeout:	4005	50.9009
Packet Loss:	4005	50.9009
Packet Retrans:	4005	50.901
Timeout:	4006	50.901
Packet Loss:	4006	50.901
Packet Retrans:	4006	50.9011
Receive Retrans Packet:	3979	50.9394
Receive Retrans Packet:	3981	50.9428
Receive Retrans Packet:	3982	50.9445
Timeout:	3997	50.9489
Packet Loss:	3997	50.9489
Packet Send:	4007	50.9491
Timeout:	3998	50.95
Packet Loss:	3998	50.95
Timeout:	3999	50.9501
Packet Loss:	3999	50.9501
Timeout:	4000	50.9502
Packet Loss:	4000	50.9502
Timeout:	4001	50.9503
Packet Loss:	4001	50.9503
Packet Send:	4008	50.9505
Packet Send:	4009	50.9506
Packet Send:	4010	50.9507
Packet Send:	4011	50.9508
Receive Retrans Packet:	3987	50.9699
Receive Retrans Packet:	3988	50.9716
Receive Retrans Packet:	3989	50.9733
Timeout:	4002	50.9771
Packet Loss:	4002	50.9771
Timeout:	4003	50.9772
Packet Loss:	4003	50.9772
Timeout:	4004	50.9773
Packet Loss:	4004	50.9773
Packet Send:	4012	50.9775
Packet Send:	4013	50.9776
Packet Send:	4014	50.9777
Receive Retrans Packet:	3993	50.98
Timeout:	4005	50.981
Packet Loss:	4005	50.981
Timeout:	4006	50.9811
Packet Loss:	4006	50.9811
Packet Send:	4015	50.9813
Packet Send:	4016	50.9814
Receive Retrans Packet:	4000	51.0088
Receive Retrans Packet:	4003	51.0139
Timeout:	4007	51.0291
Packet Loss:	4007	51.0291
Packet Loss:	4007	51.0291
Packet Loss:	4008	51.0291
Packet Loss:	4009	51.0291
Packet Loss:	4010	51.0291
Packet Loss:	4011	51.0291
Packet Retrans:	4007	51.0292
Packet Retrans:	4008	51.0294
Packet Retrans:	4009	51.0295
Packet Retrans:	4010	51.0296
Packet Retrans:	4011	51.0297
Packet Loss:	4014	51.0359
Packet Loss:	4015	51.0359
Packet Retrans:	4014	51.0359
Packet Retrans:	4015	51.036
Receive Retrans Packet:	4010	51.061
Receive Retrans Packet:	4011	51.0627
Receive Retrans Packet:	4014	51.0644
Timeout:	4007	51.1092
Packet Loss:	4007	51.1092
Packet Send:	4017	51.1094
Timeout:	4008	51.1094
Packet Loss:	4008	51.1094
Timeout:	4009	51.1095
Packet Loss:	4009	51.1095
Packet Send:	4018	51.1097
Packet Send:	4019	51.1098
Packet Send:	4020	51.1099
Packet Send:	4021	51.11
Packet Send:	4022	51.1101
Packet Send:	4023	51.1102
Packet Send:	4024	51.1103
Timeout:	4015	51.116
Packet Loss:	4015	51.116
Packet Send:	4025	51.1162
Packet Send:	4026	51.1163
Packet Send:	4027	51.1362
Packet Loss:	4018	51.1412
Packet Loss:	4019	51.1412
Packet Retrans:	4018	51.1413
Packet Retrans:	4019	51.1414
Packet Loss:	4023	51.148
Packet Retrans:	4023	51.1481
Packet Loss:	4025	51.163
Packet Loss:	4026	51.163
Packet Retrans:	4025	51.163
Packet Retrans:	4026	51.1631
Receive Retrans Packet:	4025	51.1898
Timeout:	4018	51.2213
Packet Loss:	4018	51.2213
Timeout:	4019	51.2214
Packet Loss:	4019	51.2214
Packet Send:	4028	51.2216
Packet Send:	4029	51.2217
Packet Send:	4030	51.2218
Packet Send:	4031	51.2219
Packet Send:	4032	51.222
Timeout:	4023	51.2281
Packet Loss:	4023	51.2281
Packet Send:	4033	51.2283
Packet Send:	4034	51.2284
Packet Send:	4035	51.2285
Timeout:	4026	51.2431
Packet Loss:	4026	51.2431
Packet Send:	4036	51.2433
Packet Send:	4037	51.2434
Packet Send:	4038	51.2484
Packet Loss:	4029	51.2551
Packet Loss:	4030	51.2551
Packet Loss:	4031	51.2551
Packet Retrans:	4029	51.2552
Packet Retrans:	4030	51.2553
Packet Retrans:	4031	51.2554
Packet Loss:	4035	51.2701
Packet Retrans:	4035	51.2701
Receive Retrans Packet:	4029	51.282
Packet Send:	4039	51.282
Receive Retrans Packet:	4031	51.2854
Packet Loss:	4037	51.3088
Packet Loss:	4038	51.3088
Packet Retrans:	4037	51.3088
Packet Retrans:	4038	51.3089
Timeout:	4030	51.3353
Packet Loss:	4030	51.3353
Packet Send:	4040	51.3355
Packet Send:	4041	51.3356
Packet Send:	4042	51.3357
Packet Send:	4043	51.3358
Packet Send:	4044	51.3359
Receive Retrans Packet:	4038	51.3373
Timeout:	4035	51.3501
Packet Loss:	4035	51.3501
Packet Send:	4045	51.3503
Packet Send:	4046	51.3504
Packet Loss:	4042	51.3673
Packet Retrans:	4042	51.3674
Packet Loss:	4044	51.3771
Packet Retrans:	4044	51.3771
Timeout:	4037	51.3888
Packet Loss:	4037	51.3888
Packet Send:	4047	51.389
Packet Send:	4048	51.3891
Packet Send:	4049	51.3892
Packet Send:	4050	51.3893
Packet Send:	4051	51.3894
Packet Loss:	4046	51.4192
Packet Loss:	4047	51.4192
Packet Loss:	4048	51.4192
Packet Retrans:	4046	51.4192
Packet Retrans:	4047	51.4193
Packet Retrans:	4048	51.4194
Timeout:	4042	51.4474
Packet Loss:	4042	51.4474
Packet Send:	4052	51.4476
Packet Send:	4053	51.4477
Receive Retrans Packet:	4048	51.4494
Timeout:	4044	51.4571
Packet Loss:	4044	51.4571
Packet Send:	4054	51.4573
Packet Send:	4055	51.4574
Timeout:	4050	51.4693
Packet Loss:	4050	51.4693
Packet Retrans:	4050	51.4694
Timeout:	4051	51.4694
Packet Loss:	4051	51.4694
Packet Retrans:	4051	51.4695
Packet Loss:	4052	51.4761
Packet Retrans:	4052	51.4761
Timeout:	4046	51.4992
Packet Loss:	4046	51.4992
Timeout:	4047	51.4993
Packet Loss:	4047	51.4993
Packet Send:	4056	51.4995
Packet Send:	4057	51.4996
Packet Send:	4058	51.4997
Packet Send:	4059	51.4998
Packet Loss:	4054	51.5263
Packet Loss:	4055	51.5263
Packet Retrans:	4054	51.5263
Packet Retrans:	4055	51.5264
Packet Loss:	4057	51.5313
Packet Loss:	4058	51.5313
Packet Retrans:	4057	51.5314
Packet Retrans:	4058	51.5315
Timeout:	4050	51.5494
Packet Loss:	4050	51.5494
Timeout:	4051	51.5495
Packet Loss:	4051	51.5495
Packet Send:	4060	51.5497
Packet Send:	4061	51.5498
Timeout:	4052	51.5561
Packet Loss:	4052	51.5561
Packet Send:	4062	51.5563
Packet Send:	4063	51.5564
Timeout:	4054	51.6063
Packet Loss:	4054	51.6063
Timeout:	4055	51.6064
Packet Loss:	4055	51.6064
Packet Send:	4064	51.6066
Packet Send:	4065	51.6067
Packet Send:	4066	51.6068
Timeout:	4057	51.6114
Packet Loss:	4057	51.6114
Timeout:	4058	51.6115
Packet Loss:	4058	51.6115
Packet Send:	4067	51.6117
Packet Send:	4068	51.6118
Packet Send:	4069	51.6119
Packet Send:	4070	51.612
Packet Send:	4071	51.6121
Packet Send:	4072	51.6122
Packet Loss:	4063	51.6351
Packet Loss:	4064	51.6351
Packet Retrans:	4063	51.6351
Packet Retrans:	4064	51.6352
Receive Retrans Packet:	4063	51.6619
Packet Send:	4073	51.6619
Receive Retrans Packet:	4064	51.6636
Packet Send:	4074	51.6636
Packet Send:	4075	51.6637
Packet Send:	4076	51.6638
Packet Send:	4077	51.6639
Timeout:	4068	51.6918
Packet Loss:	4068	51.6918
Packet Retrans:	4068	51.6919
Timeout:	4069	51.6919
Packet Loss:	4069	51.6919
Packet Retrans:	4069	51.692
Timeout:	4070	51.692
Packet Loss:	4070	51.692
Packet Loss:	4070	51.6921
Packet Loss:	4071	51.6921
Packet Loss:	4072	51.6921
Packet Loss:	4073	51.6921
Packet Loss:	4074	51.6921
Packet Retrans:	4070	51.6921
Packet Retrans:	4071	51.6923
Packet Retrans:	4072	51.6924
Packet Retrans:	4073	51.6925
Packet Retrans:	4074	51.6926
Packet Loss:	4076	51.6954
Packet Retrans:	4076	51.6955
Receive Retrans Packet:	4069	51.7204
Receive Retrans Packet:	4074	51.7288
Receive Retrans Packet:	4076	51.7305
Timeout:	4068	51.7719
Packet Loss:	4068	51.7719
Packet Send:	4078	51.7721
Timeout:	4070	51.7721
Packet Loss:	4070	51.7721
Packet Send:	4079	51.7723
Timeout:	4071	51.7723
Packet Loss:	4071	51.7723
Timeout:	4072	51.7724
Packet Loss:	4072	51.7724
Timeout:	4073	51.7725
Packet Loss:	4073	51.7725
Packet Send:	4080	51.7727
Packet Send:	4081	51.7728
Packet Send:	4082	51.7729
Packet Send:	4083	51.773
Packet Send:	4084	51.7731
Packet Send:	4085	51.7732
Packet Send:	4086	51.7733
Packet Send:	4087	51.7734
Packet Loss:	4078	51.8006
Packet Retrans:	4078	51.8006
Packet Loss:	4080	51.8056
Packet Loss:	4081	51.8056
Packet Retrans:	4080	51.8057
Packet Retrans:	4081	51.8058
Receive Retrans Packet:	4078	51.8274
Packet Send:	4088	51.8274
Packet Send:	4089	51.8275
Timeout:	4083	51.853
Packet Loss:	4083	51.853
Packet Retrans:	4083	51.8531
Timeout:	4084	51.8531
Packet Loss:	4084	51.8531
Packet Retrans:	4084	51.8532
Timeout:	4085	51.8532
Packet Loss:	4085	51.8532
Packet Retrans:	4085	51.8533
Timeout:	4086	51.8533
Packet Loss:	4086	51.8533
Packet Retrans:	4086	51.8534
Timeout:	4087	51.8534
Packet Loss:	4087	51.8534
Packet Retrans:	4087	51.8535
Timeout:	4080	51.8857
Packet Loss:	4080	51.8857
Timeout:	4081	51.8858
Packet Loss:	4081	51.8858
Packet Send:	4090	51.886
Packet Send:	4091	51.8861
Packet Send:	4092	51.8862
Timeout:	4088	51.9074
Packet Loss:	4088	51.9074
Packet Retrans:	4088	51.9075
Timeout:	4089	51.9075
Packet Loss:	4089	51.9075
Packet Retrans:	4089	51.9076
Timeout:	4083	51.9331
Packet Loss:	4083	51.9331
Timeout:	4084	51.9332
Packet Loss:	4084	51.9332
Timeout:	4085	51.9333
Packet Loss:	4085	51.9333
Timeout:	4086	51.9334
Packet Loss:	4086	51.9334
Timeout:	4087	51.9335
Packet Loss:	4087	51.9335
Packet Send:	4093	51.9337
Packet Send:	4094	51.9338
Packet Send:	4095	51.9339
Packet Send:	4096	51.934
Packet Send:	4097	51.9341
Receive Retrans Packet:	4088	51.9343
Packet Send:	4098	51.9343
Packet Loss:	4091	51.9605
Packet Loss:	4092	51.9605
Packet Retrans:	4091	51.9605
Packet Retrans:	4092	51.9606
Timeout:	4089	51.9876
Packet Loss:	4089	51.9876
Packet Send:	4099	51.9878
Packet Send:	4100	51.9879
Timeout:	4095	52.0139
Packet Loss:	4095	52.0139
Packet Retrans:	4095	52.014
Timeout:	4096	52.014
Packet Loss:	4096	52.014
Packet Retrans:	4096	52.0141
Timeout:	4097	52.0141
Packet Loss:	4097	52.0141
Packet Retrans:	4097	52.0142
Timeout:	4098	52.0143
Packet Loss:	4098	52.0143
Packet Retrans:	4098	52.0144
Timeout:	4091	52.0405
Packet Loss:	4091	52.0405
Timeout:	4092	52.0406
Packet Loss:	4092	52.0406
Receive Retrans Packet:	4095	52.0408
Packet Send:	4101	52.0408
Packet Send:	4102	52.0409
Packet Send:	4103	52.041
Packet Send:	4104	52.0411
Packet Send:	4105	52.0412
Receive Retrans Packet:	4096	52.0425
Packet Send:	4106	52.0425
Receive Retrans Packet:	4098	52.0458
Packet Loss:	4102	52.0709
Packet Retrans:	4102	52.071
Timeout:	4097	52.0942
Packet Loss:	4097	52.0942
Packet Send:	4107	52.0944
Packet Send:	4108	52.0945
Packet Send:	4109	52.0946
Packet Send:	4110	52.0947
Packet Send:	4111	52.0948
Packet Loss:	4106	52.1212
Packet Retrans:	4106	52.1212
Packet Loss:	4108	52.1245
Packet Retrans:	4108	52.1246
Timeout:	4102	52.151
Packet Loss:	4102	52.151
Packet Send:	4112	52.1512
Packet Send:	4113	52.1513
Packet Send:	4114	52.1514
Packet Send:	4115	52.1515
Timeout:	4110	52.1747
Packet Loss:	4110	52.1747
Packet Retrans:	4110	52.1748
Timeout:	4111	52.1748
Packet Loss:	4111	52.1748
Packet Retrans:	4111	52.1749
Packet Loss:	4112	52.1797
Packet Retrans:	4112	52.1797
Timeout:	4106	52.2012
Packet Loss:	4106	52.2012
Packet Send:	4116	52.2014
Packet Send:	4117	52.2015
Receive Retrans Packet:	4110	52.2016
Receive Retrans Packet:	4111	52.2033
Timeout:	4108	52.2046
Packet Loss:	4108	52.2046
Packet Send:	4118	52.2048
Packet Send:	4119	52.2049
Packet Send:	4120	52.205
Packet Send:	4121	52.2051
Timeout:	4115	52.2315
Packet Loss:	4115	52.2315
Packet Retrans:	4115	52.2316
Timeout:	4112	52.2597
Packet Loss:	4112	52.2597
Packet Send:	4122	52.2599
Packet Send:	4123	52.26
Packet Send:	4124	52.2601
Timeout:	4116	52.2814
Packet Loss:	4116	52.2814
Packet Retrans:	4116	52.2815
Timeout:	4117	52.2815
Packet Loss:	4117	52.2815
Packet Retrans:	4117	52.2816
Timeout:	4118	52.2848
Packet Loss:	4118	52.2848
Packet Retrans:	4118	52.2849
Timeout:	4119	52.2849
Packet Loss:	4119	52.2849
Packet Retrans:	4119	52.285
Timeout:	4120	52.285
Packet Loss:	4120	52.285
Packet Retrans:	4120	52.2851
Timeout:	4121	52.2851
Packet Loss:	4121	52.2851
Packet Retrans:	4121	52.2852
Timeout:	4115	52.3116
Packet Loss:	4115	52.3116
Packet Send:	4125	52.3118
Packet Send:	4126	52.3119
Packet Send:	4127	52.312
Packet Loss:	4122	52.3386
Packet Loss:	4123	52.3386
Packet Loss:	4124	52.3386
Packet Retrans:	4122	52.3386
Packet Retrans:	4123	52.3387
Packet Retrans:	4124	52.3388
Timeout:	4118	52.3649
Packet Loss:	4118	52.3649
Packet Send:	4128	52.3651
Timeout:	4120	52.3651
Packet Loss:	4120	52.3651
Timeout:	4121	52.3652
Packet Loss:	4121	52.3652
Receive Retrans Packet:	4122	52.3654
Packet Send:	4129	52.3654
Packet Send:	4130	52.3655
Packet Send:	4131	52.3656
Packet Send:	4132	52.3657
Packet Loss:	4127	52.3919
Packet Retrans:	4127	52.3919
Timeout:	4123	52.4187
Packet Loss:	4123	52.4187
Timeout:	4124	52.4188
Packet Loss:	4124	52.4188
Packet Send:	4133	52.419
Packet Send:	4134	52.4191
Packet Send:	4135	52.4192
Packet Send:	4136	52.4193
Timeout:	4131	52.4456
Packet Loss:	4131	52.4456
Packet Retrans:	4131	52.4457
Timeout:	4132	52.4457
Packet Loss:	4132	52.4457
Packet Retrans:	4132	52.4458
Packet Loss:	4133	52.4474
Packet Retrans:	4133	52.4475
Timeout:	4127	52.4719
Packet Loss:	4127	52.4719
Packet Send:	4137	52.4721
Packet Send:	4138	52.4722
Packet Send:	4139	52.4723
Packet Send:	4140	52.4724
Receive Retrans Packet:	4132	52.4741
Packet Loss:	4136	52.4989
Packet Retrans:	4136	52.4989
Timeout:	4131	52.5257
Packet Loss:	4131	52.5257
Packet Send:	4141	52.5259
Packet Send:	4142	52.526
Timeout:	4133	52.5275
Packet Loss:	4133	52.5275
Packet Send:	4143	52.5277
Packet Send:	4144	52.5278
Packet Send:	4145	52.5279
Packet Loss:	4141	52.5543
Packet Retrans:	4141	52.5544
Packet Loss:	4143	52.5577
Packet Retrans:	4143	52.5578
Timeout:	4136	52.5789
Packet Loss:	4136	52.5789
Packet Send:	4146	52.5791
Packet Send:	4147	52.5792
Packet Send:	4148	52.5793
Packet Send:	4149	52.5794
Packet Send:	4150	52.5795
Packet Loss:	4146	52.6075
Packet Retrans:	4146	52.6076
Packet Loss:	4148	52.6109
Packet Retrans:	4148	52.611
Receive Retrans Packet:	4146	52.6344
Timeout:	4141	52.6344
Packet Loss:	4141	52.6344
Packet Send:	4151	52.6346
Packet Send:	4152	52.6347
Timeout:	4143	52.6378
Packet Loss:	4143	52.6378
Packet Send:	4153	52.638
Packet Send:	4154	52.6381
Packet Send:	4155	52.6382
Packet Send:	4156	52.6383
Packet Send:	4157	52.6384
Timeout:	4150	52.6595
Packet Loss:	4150	52.6595
Packet Retrans:	4150	52.6596
Packet Loss:	4151	52.6664
Packet Loss:	4152	52.6664
Packet Loss:	4153	52.6664
Packet Retrans:	4151	52.6665
Packet Retrans:	4152	52.6666
Packet Retrans:	4153	52.6667
Timeout:	4148	52.691
Packet Loss:	4148	52.691
Packet Send:	4158	52.6912
Packet Send:	4159	52.6913
Receive Retrans Packet:	4152	52.6949
Packet Loss:	4155	52.718
Packet Loss:	4156	52.718
Packet Loss:	4157	52.718
Packet Retrans:	4155	52.718
Packet Retrans:	4156	52.7181
Packet Retrans:	4157	52.7182
Timeout:	4150	52.7396
Packet Loss:	4150	52.7396
Packet Send:	4160	52.7398
Receive Retrans Packet:	4155	52.7448
Timeout:	4151	52.7465
Packet Loss:	4151	52.7465
Packet Send:	4161	52.7467
Timeout:	4153	52.7467
Packet Loss:	4153	52.7467
Packet Send:	4162	52.7469
Packet Send:	4163	52.747
Packet Send:	4164	52.7471
Packet Send:	4165	52.7472
Receive Retrans Packet:	4157	52.7481
Timeout:	4159	52.7713
Packet Loss:	4159	52.7713
Packet Retrans:	4159	52.7714
Packet Loss:	4160	52.7735
Packet Retrans:	4160	52.7735
Packet Loss:	4162	52.7785
Packet Loss:	4163	52.7785
Packet Retrans:	4162	52.7786
Packet Retrans:	4163	52.7787
Timeout:	4156	52.7981
Packet Loss:	4156	52.7981
Packet Send:	4166	52.7983
Packet Send:	4167	52.7984
Packet Send:	4168	52.7985
Receive Retrans Packet:	4163	52.807
Packet Loss:	4165	52.8251
Packet Retrans:	4165	52.8251
Timeout:	4159	52.8514
Packet Loss:	4159	52.8514
Packet Send:	4169	52.8516
Receive Retrans Packet:	4165	52.8519
Timeout:	4160	52.8535
Packet Loss:	4160	52.8535
Packet Send:	4170	52.8537
Packet Send:	4171	52.8538
Timeout:	4162	52.8586
Packet Loss:	4162	52.8586
Packet Send:	4172	52.8588
Packet Send:	4173	52.8589
Packet Send:	4174	52.859
Packet Send:	4175	52.8591
Packet Send:	4176	52.8592
Timeout:	4167	52.8784
Packet Loss:	4167	52.8784
Packet Retrans:	4167	52.8785
Timeout:	4168	52.8785
Packet Loss:	4168	52.8785
Packet Retrans:	4168	52.8786
Packet Loss:	4169	52.8821
Packet Loss:	4170	52.8821
Packet Retrans:	4169	52.8822
Packet Retrans:	4170	52.8823
Packet Loss:	4172	52.8889
Packet Loss:	4173	52.8889
Packet Retrans:	4172	52.889
Packet Retrans:	4173	52.8891
Receive Retrans Packet:	4167	52.9053
Packet Send:	4177	52.9053
Receive Retrans Packet:	4169	52.909
Receive Retrans Packet:	4170	52.9106
Timeout:	4175	52.9391
Packet Loss:	4175	52.9391
Packet Retrans:	4175	52.9392
Timeout:	4176	52.9392
Packet Loss:	4176	52.9392
Packet Retrans:	4176	52.9393
Timeout:	4168	52.9586
Packet Loss:	4168	52.9586
Packet Send:	4178	52.9588
Packet Send:	4179	52.9589
Packet Send:	4180	52.959
Packet Send:	4181	52.9591
Timeout:	4172	52.969
Packet Loss:	4172	52.969
Timeout:	4173	52.9691
Packet Loss:	4173	52.9691
Packet Send:	4182	52.9693
Packet Send:	4183	52.9694
Packet Send:	4184	52.9695
Timeout:	4177	52.9853
Packet Loss:	4177	52.9853
Packet Retrans:	4177	52.9854
Packet Loss:	4178	52.9994
Packet Loss:	4179	52.9994
Packet Loss:	4180	52.9994
Packet Loss:	4181	52.9994
Packet Loss:	4182	52.9994
Packet Loss:	4183	52.9994
Packet Retrans:	4178	52.9995
Packet Retrans:	4179	52.9996
Packet Retrans:	4180	52.9997
Packet Retrans:	4181	52.9998
Packet Retrans:	4182	52.9999
Packet Retrans:	4183	53
Timeout:	4175	53.0192
Packet Loss:	4175	53.0192
Timeout:	4176	53.0193
Packet Loss:	4176	53.0193
Packet Send:	4185	53.0195
Packet Send:	4186	53.0196
Receive Retrans Packet:	4178	53.0263
Receive Retrans Packet:	4180	53.0296
Receive Retrans Packet:	4181	53.0313
Receive Retrans Packet:	4182	53.033
Timeout:	4177	53.0654
Packet Loss:	4177	53.0654
Packet Send:	4187	53.0656
Packet Send:	4188	53.0657
Timeout:	4179	53.0796
Packet Loss:	4179	53.0796
Packet Send:	4189	53.0798
Packet Send:	4190	53.0799
Packet Send:	4191	53.08
Timeout:	4183	53.08
Packet Loss:	4183	53.08
Packet Send:	4192	53.0802
Packet Send:	4193	53.0803
Packet Send:	4194	53.0804
Packet Send:	4195	53.0805
Timeout:	4186	53.0996
Packet Loss:	4186	53.0996
Packet Retrans:	4186	53.0997
Packet Loss:	4187	53.1082
Packet Loss:	4188	53.1082
Packet Loss:	4189	53.1082
Packet Retrans:	4187	53.1083
Packet Retrans:	4188	53.1084
Packet Retrans:	4189	53.1085
Packet Loss:	4191	53.1116
Packet Retrans:	4191	53.1117
Receive Retrans Packet:	4188	53.1367
Receive Retrans Packet:	4189	53.1384
Receive Retrans Packet:	4191	53.1401
Timeout:	4193	53.1603
Packet Loss:	4193	53.1603
Packet Retrans:	4193	53.1604
Timeout:	4194	53.1604
Packet Loss:	4194	53.1604
Packet Retrans:	4194	53.1605
Timeout:	4195	53.1605
Packet Loss:	4195	53.1605
Packet Retrans:	4195	53.1606
Timeout:	4186	53.1797
Packet Loss:	4186	53.1797
Packet Send:	4196	53.1799
Timeout:	4187	53.1883
Packet Loss:	4187	53.1883
Packet Send:	4197	53.1885
Packet Send:	4198	53.1886
Packet Send:	4199	53.1887
Packet Send:	4200	53.1888
Packet Send:	4201	53.1889
Packet Send:	4202	53.189
Packet Send:	4203	53.1891
Packet Send:	4204	53.1892
Packet Loss:	4196	53.2152
Packet Retrans:	4196	53.2153
Packet Loss:	4199	53.2237
Packet Loss:	4200	53.2237
Packet Loss:	4201	53.2237
Packet Retrans:	4199	53.2238
Packet Retrans:	4200	53.2239
Packet Retrans:	4201	53.224
Packet Loss:	4203	53.2271
Packet Retrans:	4203	53.2272
Timeout:	4195	53.2406
Packet Loss:	4195	53.2406
Packet Send:	4205	53.2408
Receive Retrans Packet:	4199	53.2505
Receive Retrans Packet:	4200	53.2522
Receive Retrans Packet:	4201	53.2539
Receive Retrans Packet:	4203	53.2556
Timeout:	4196	53.2953
Packet Loss:	4196	53.2953
Packet Send:	4206	53.2955
Packet Send:	4207	53.2956
Packet Send:	4208	53.2957
Packet Send:	4209	53.2958
Packet Send:	4210	53.2959
Packet Send:	4211	53.296
Packet Send:	4212	53.2961
Packet Send:	4213	53.2962
Packet Send:	4214	53.2963
Packet Send:	4215	53.2964
Packet Loss:	4206	53.3273
Packet Loss:	4207	53.3273
Packet Loss:	4208	53.3273
Packet Retrans:	4206	53.3274
Packet Retrans:	4207	53.3275
Packet Retrans:	4208	53.3276
Packet Loss:	4211	53.3324
Packet Retrans:	4211	53.3325
Receive Retrans Packet:	4206	53.3541
Packet Send:	4216	53.3542
Timeout:	4207	53.4075
Packet Loss:	4207	53.4075
Timeout:	4208	53.4076
Packet Loss:	4208	53.4076
Packet Send:	4217	53.4078
Packet Send:	4218	53.4079
Packet Send:	4219	53.408
Packet Send:	4220	53.4081
Timeout:	4211	53.4125
Packet Loss:	4211	53.4125
Packet Send:	4221	53.4127
Packet Send:	4222	53.4128
Packet Send:	4223	53.4129
Packet Send:	4224	53.413
Packet Send:	4225	53.4131
Timeout:	4216	53.4342
Packet Loss:	4216	53.4342
Packet Retrans:	4216	53.4343
Packet Loss:	4217	53.4413
Packet Loss:	4218	53.4413
Packet Loss:	4219	53.4413
Packet Loss:	4220	53.4413
Packet Retrans:	4217	53.4414
Packet Retrans:	4218	53.4415
Packet Retrans:	4219	53.4416
Packet Retrans:	4220	53.4417
Receive Retrans Packet:	4216	53.461
Packet Send:	4226	53.4611
Timeout:	4223	53.4929
Packet Loss:	4223	53.4929
Packet Retrans:	4223	53.493
Timeout:	4224	53.493
Packet Loss:	4224	53.493
Packet Retrans:	4224	53.4931
Timeout:	4225	53.4931
Packet Loss:	4225	53.4931
Packet Retrans:	4225	53.4932
Timeout:	4217	53.5214
Packet Loss:	4217	53.5214
Timeout:	4218	53.5215
Packet Loss:	4218	53.5215
Timeout:	4219	53.5216
Packet Loss:	4219	53.5216
Timeout:	4220	53.5217
Packet Loss:	4220	53.5217
Packet Send:	4227	53.5219
Packet Send:	4228	53.522
Packet Send:	4229	53.5221
Packet Send:	4230	53.5222
Packet Send:	4231	53.5223
Packet Send:	4232	53.5224
Timeout:	4226	53.5411
Packet Loss:	4226	53.5411
Packet Retrans:	4226	53.5412
Timeout:	4223	53.573
Packet Loss:	4223	53.573
Timeout:	4224	53.5731
Packet Loss:	4224	53.5731
Timeout:	4225	53.5732
Packet Loss:	4225	53.5732
Packet Send:	4233	53.5734
Packet Send:	4234	53.5735
Packet Send:	4235	53.5736
Timeout:	4227	53.6019
Packet Loss:	4227	53.6019
Packet Retrans:	4227	53.602
Timeout:	4228	53.602
Packet Loss:	4228	53.602
Packet Retrans:	4228	53.6021
Timeout:	4229	53.6021
Packet Loss:	4229	53.6021
Packet Retrans:	4229	53.6022
Timeout:	4230	53.6022
Packet Loss:	4230	53.6022
Packet Retrans:	4230	53.6023
Timeout:	4231	53.6023
Packet Loss:	4231	53.6023
Packet Retrans:	4231	53.6024
Timeout:	4232	53.6024
Packet Loss:	4232	53.6024
Packet Retrans:	4232	53.6025
Timeout:	4226	53.6212
Packet Loss:	4226	53.6212
Packet Send:	4236	53.6214
Timeout:	4233	53.6534
Packet Loss:	4233	53.6534
Packet Retrans:	4233	53.6535
Timeout:	4234	53.6535
Packet Loss:	4234	53.6535
Packet Retrans:	4234	53.6536
Timeout:	4235	53.6536
Packet Loss:	4235	53.6536
Packet Retrans:	4235	53.6537
Timeout:	4227	53.682
Packet Loss:	4227	53.682
Timeout:	4228	53.6821
Packet Loss:	4228	53.6821
Timeout:	4229	53.6822
Packet Loss:	4229	53.6822
Timeout:	4230	53.6823
Packet Loss:	4230	53.6823
Timeout:	4231	53.6824
Packet Loss:	4231	53.6824
Timeout:	4232	53.6825
Packet Loss:	4232	53.6825
Packet Send:	4237	53.6827
Packet Send:	4238	53.6828
Packet Send:	4239	53.6829
Packet Send:	4240	53.683
Packet Send:	4241	53.6831
Packet Send:	4242	53.6832
Packet Send:	4243	53.6942
Timeout:	4236	53.7014
Packet Loss:	4236	53.7014
Packet Retrans:	4236	53.7015
Timeout:	4234	53.7336
Packet Loss:	4234	53.7336
Packet Send:	4244	53.7338
Packet Send:	4245	53.7339
Timeout:	4237	53.7627
Packet Loss:	4237	53.7627
Packet Retrans:	4237	53.7628
Timeout:	4238	53.7628
Packet Loss:	4238	53.7628
Packet Retrans:	4238	53.7629
Timeout:	4239	53.7629
Packet Loss:	4239	53.7629
Packet Retrans:	4239	53.763
Timeout:	4240	53.763
Packet Loss:	4240	53.763
Packet Retrans:	4240	53.7631
Timeout:	4241	53.7631
Packet Loss:	4241	53.7631
Packet Retrans:	4241	53.7632
Timeout:	4242	53.7632
Packet Loss:	4242	53.7632
Packet Retrans:	4242	53.7633
Receive Retrans Packet:	4230	53.7658
Receive Retrans Packet:	4231	53.7675
Timeout:	4243	53.7742
Packet Loss:	4243	53.7742
Packet Retrans:	4243	53.7743
Timeout:	4236	53.7815
Packet Loss:	4236	53.7815
Packet Send:	4246	53.7817
Timeout:	4244	53.8138
Packet Loss:	4244	53.8138
Packet Retrans:	4244	53.8139
Timeout:	4245	53.8139
Packet Loss:	4245	53.8139
Packet Retrans:	4245	53.814
Timeout:	4237	53.8428
Packet Loss:	4237	53.8428
Timeout:	4238	53.8429
Packet Loss:	4238	53.8429
Timeout:	4239	53.843
Packet Loss:	4239	53.843
Timeout:	4240	53.8431
Packet Loss:	4240	53.8431
Timeout:	4241	53.8432
Packet Loss:	4241	53.8432
Timeout:	4242	53.8433
Packet Loss:	4242	53.8433
Packet Send:	4247	53.8435
Packet Send:	4248	53.8436
Packet Send:	4249	53.8437
Packet Send:	4250	53.8438
Packet Send:	4251	53.8439
Packet Send:	4252	53.844
Timeout:	4243	53.8543
Packet Loss:	4243	53.8543
Packet Send:	4253	53.8545
Timeout:	4246	53.8617
Packet Loss:	4246	53.8617
Packet Retrans:	4246	53.8618
Timeout:	4244	53.8939
Packet Loss:	4244	53.8939
Timeout:	4245	53.894
Packet Loss:	4245	53.894
Packet Send:	4254	53.8942
Packet Send:	4255	53.8943
Timeout:	4247	53.9235
Packet Loss:	4247	53.9235
Packet Retrans:	4247	53.9236
Timeout:	4248	53.9236
Packet Loss:	4248	53.9236
Packet Retrans:	4248	53.9237
Timeout:	4249	53.9237
Packet Loss:	4249	53.9237
Packet Retrans:	4249	53.9238
Timeout:	4250	53.9238
Packet Loss:	4250	53.9238
Packet Retrans:	4250	53.9239
Timeout:	4251	53.9239
Packet Loss:	4251	53.9239
Packet Retrans:	4251	53.924
Timeout:	4252	53.924
Packet Loss:	4252	53.924
Packet Retrans:	4252	53.9241
Timeout:	4253	53.9345
Packet Loss:	4253	53.9345
Packet Retrans:	4253	53.9346
Timeout:	4246	53.9418
Packet Loss:	4246	53.9418
Packet Send:	4256	53.942
Timeout:	4254	53.9742
Packet Loss:	4254	53.9742
Packet Retrans:	4254	53.9743
Timeout:	4255	53.9743
Packet Loss:	4255	53.9743
Packet Retrans:	4255	53.9744
Timeout:	4247	54.0036
Packet Loss:	4247	54.0036
Timeout:	4248	54.0037
Packet Loss:	4248	54.0037
Timeout:	4249	54.0038
Packet Loss:	4249	54.0038
Timeout:	4250	54.0039
Packet Loss:	4250	54.0039
Timeout:	4251	54.004
Packet Loss:	4251	54.004
Timeout:	4252	54.0041
Packet Loss:	4252	54.0041
Packet Send:	4257	54.0043
Packet Send:	4258	54.0044
Packet Send:	4259	54.0045
Packet Send:	4260	54.0046
Packet Send:	4261	54.0047
Packet Send:	4262	54.0048
Timeout:	4253	54.0146
Packet Loss:	4253	54.0146
Packet Send:	4263	54.0148
Timeout:	4256	54.022
Packet Loss:	4256	54.022
Packet Retrans:	4256	54.0221
Timeout:	4254	54.0543
Packet Loss:	4254	54.0543
Timeout:	4255	54.0544
Packet Loss:	4255	54.0544
Packet Send:	4264	54.0546
Packet Send:	4265	54.0547
Timeout:	4257	54.0843
Packet Loss:	4257	54.0843
Packet Retrans:	4257	54.0844
Timeout:	4258	54.0844
Packet Loss:	4258	54.0844
Packet Retrans:	4258	54.0845
Timeout:	4259	54.0845
Packet Loss:	4259	54.0845
Packet Retrans:	4259	54.0846
Timeout:	4260	54.0846
Packet Loss:	4260	54.0846
Packet Retrans:	4260	54.0847
Timeout:	4261	54.0847
Packet Loss:	4261	54.0847
Packet Retrans:	4261	54.0848
Timeout:	4262	54.0848
Packet Loss:	4262	54.0848
Packet Retrans:	4262	54.0849
Timeout:	4263	54.0948
Packet Loss:	4263	54.0948
Packet Retrans:	4263	54.0949
Timeout:	4256	54.1021
Packet Loss:	4256	54.1021
Packet Send:	4266	54.1023
Receive Retrans Packet:	4237	54.1337
Timeout:	4264	54.1346
Packet Loss:	4264	54.1346
Packet Retrans:	4264	54.1347
Timeout:	4265	54.1347
Packet Loss:	4265	54.1347
Packet Retrans:	4265	54.1348
Receive Retrans Packet:	4242	54.1439
Timeout:	4257	54.1644
Packet Loss:	4257	54.1644
Timeout:	4258	54.1645
Packet Loss:	4258	54.1645
Timeout:	4259	54.1646
Packet Loss:	4259	54.1646
Timeout:	4260	54.1647
Packet Loss:	4260	54.1647
Timeout:	4261	54.1648
Packet Loss:	4261	54.1648
Timeout:	4262	54.1649
Packet Loss:	4262	54.1649
Packet Send:	4267	54.1651
Packet Send:	4268	54.1652
Packet Send:	4269	54.1653
Packet Send:	4270	54.1654
Packet Send:	4271	54.1655
Packet Send:	4272	54.1656
Timeout:	4263	54.1749
Packet Loss:	4263	54.1749
Packet Send:	4273	54.1751
Timeout:	4266	54.1823
Packet Loss:	4266	54.1823
Packet Retrans:	4266	54.1824
Timeout:	4264	54.2147
Packet Loss:	4264	54.2147
Timeout:	4265	54.2148
Packet Loss:	4265	54.2148
Packet Send:	4274	54.215
Packet Send:	4275	54.2151
Timeout:	4267	54.2451
Packet Loss:	4267	54.2451
Packet Retrans:	4267	54.2452
Timeout:	4268	54.2452
Packet Loss:	4268	54.2452
Packet Retrans:	4268	54.2453
Timeout:	4269	54.2453
Packet Loss:	4269	54.2453
Packet Retrans:	4269	54.2454
Timeout:	4270	54.2454
Packet Loss:	4270	54.2454
Packet Retrans:	4270	54.2455
Timeout:	4271	54.2455
Packet Loss:	4271	54.2455
Packet Retrans:	4271	54.2456
Timeout:	4272	54.2456
Packet Loss:	4272	54.2456
Packet Retrans:	4272	54.2457
Timeout:	4273	54.2551
Packet Loss:	4273	54.2551
Packet Retrans:	4273	54.2552
Timeout:	4266	54.2624
Packet Loss:	4266	54.2624
Packet Send:	4276	54.2626
Receive Retrans Packet:	4259	54.2837
Receive Retrans Packet:	4261	54.2871
Timeout:	4274	54.295
Packet Loss:	4274	54.295
Packet Retrans:	4274	54.2951
Timeout:	4275	54.2951
Packet Loss:	4275	54.2951
Packet Retrans:	4275	54.2952
Receive Retrans Packet:	4265	54.2956
Receive Retrans Packet:	4266	54.3091
Receive Retrans Packet:	4267	54.3142
Packet Send:	4277	54.3143
Receive Retrans Packet:	4269	54.3176
Receive Retrans Packet:	4271	54.3209
Timeout:	4268	54.3253
Packet Loss:	4268	54.3253
Packet Send:	4278	54.3255
Packet Send:	4279	54.3256
Packet Send:	4280	54.3257
Packet Send:	4281	54.3258
Packet Send:	4282	54.3259
Timeout:	4273	54.3352
Packet Loss:	4273	54.3352
Packet Send:	4283	54.3354
Timeout:	4276	54.3426
Packet Loss:	4276	54.3426
Packet Retrans:	4276	54.3427
Packet Loss:	4277	54.3573
Packet Loss:	4278	54.3573
Packet Loss:	4279	54.3573
Packet Loss:	4280	54.3573
Packet Retrans:	4277	54.3574
Packet Retrans:	4278	54.3575
Packet Retrans:	4279	54.3576
Packet Retrans:	4280	54.3577
Receive Retrans Packet:	4276	54.3694
Timeout:	4274	54.3751
Packet Loss:	4274	54.3751
Timeout:	4275	54.3752
Packet Loss:	4275	54.3752
Packet Send:	4284	54.3754
Packet Send:	4285	54.3755
Packet Send:	4286	54.3756
Receive Retrans Packet:	4277	54.3841
Packet Send:	4287	54.3842
Receive Retrans Packet:	4278	54.3858
Packet Send:	4288	54.3859
Packet Loss:	4282	54.4055
Packet Loss:	4283	54.4055
Packet Loss:	4284	54.4055
Packet Loss:	4285	54.4055
Packet Retrans:	4282	54.4056
Packet Retrans:	4283	54.4057
Packet Retrans:	4284	54.4058
Packet Retrans:	4285	54.4059
Receive Retrans Packet:	4284	54.4357
Timeout:	4279	54.4376
Packet Loss:	4279	54.4376
Timeout:	4280	54.4377
Packet Loss:	4280	54.4377
Packet Send:	4289	54.4379
Packet Send:	4290	54.438
Packet Send:	4291	54.4381
Timeout:	4287	54.4642
Packet Loss:	4287	54.4642
Packet Retrans:	4287	54.4643
Timeout:	4288	54.4659
Packet Loss:	4288	54.4659
Packet Retrans:	4288	54.466
Packet Loss:	4289	54.4663
Packet Retrans:	4289	54.4664
Timeout:	4282	54.4856
Packet Loss:	4282	54.4856
Timeout:	4283	54.4857
Packet Loss:	4283	54.4857
Packet Send:	4292	54.4859
Timeout:	4285	54.4859
Packet Loss:	4285	54.4859
Packet Send:	4293	54.4861
Packet Send:	4294	54.4862
Packet Send:	4295	54.4863
Packet Send:	4296	54.4864
Receive Retrans Packet:	4289	54.4944
Packet Loss:	4293	54.5194
Packet Loss:	4294	54.5194
Packet Loss:	4295	54.5194
Packet Retrans:	4293	54.5195
Packet Retrans:	4294	54.5196
Packet Retrans:	4295	54.5197
Timeout:	4287	54.5443
Packet Loss:	4287	54.5443
Packet Send:	4297	54.5445
Timeout:	4288	54.546
Packet Loss:	4288	54.546
Packet Send:	4298	54.5462
Packet Send:	4299	54.5463
Packet Send:	4300	54.5464
Packet Send:	4301	54.5465
Packet Send:	4302	54.5466
Timeout:	4293	54.5995
Packet Loss:	4293	54.5995
Timeout:	4294	54.5996
Packet Loss:	4294	54.5996
Timeout:	4295	54.5997
Packet Loss:	4295	54.5997
Packet Send:	4303	54.5999
Packet Send:	4304	54.6
Packet Send:	4305	54.6001
Packet Send:	4306	54.6002
Packet Send:	4307	54.6003
Packet Send:	4308	54.6004
Timeout:	4299	54.6263
Packet Loss:	4299	54.6263
Packet Retrans:	4299	54.6264
Timeout:	4300	54.6264
Packet Loss:	4300	54.6264
Packet Retrans:	4300	54.6265
Timeout:	4301	54.6265
Packet Loss:	4301	54.6265
Packet Retrans:	4301	54.6266
Timeout:	4302	54.6266
Packet Loss:	4302	54.6266
Packet Retrans:	4302	54.6267
Timeout:	4303	54.6799
Packet Loss:	4303	54.6799
Packet Retrans:	4303	54.68
Timeout:	4304	54.68
Packet Loss:	4304	54.68
Packet Retrans:	4304	54.6801
Timeout:	4305	54.6801
Packet Loss:	4305	54.6801
Packet Retrans:	4305	54.6802
Timeout:	4306	54.6802
Packet Loss:	4306	54.6802
Packet Retrans:	4306	54.6803
Timeout:	4307	54.6803
Packet Loss:	4307	54.6803
Packet Retrans:	4307	54.6804
Timeout:	4308	54.6804
Packet Loss:	4308	54.6804
Packet Retrans:	4308	54.6805
Timeout:	4299	54.7064
Packet Loss:	4299	54.7064
Timeout:	4300	54.7065
Packet Loss:	4300	54.7065
Packet Send:	4309	54.7067
Packet Send:	4310	54.7068
Packet Send:	4311	54.7069
Packet Send:	4312	54.707
Packet Loss:	4309	54.7351
Packet Retrans:	4309	54.7352
Timeout:	4303	54.76
Packet Loss:	4303	54.76
Timeout:	4304	54.7601
Packet Loss:	4304	54.7601
Packet Send:	4313	54.7603
Packet Send:	4314	54.7604
Timeout:	4307	54.7604
Packet Loss:	4307	54.7604
Packet Send:	4315	54.7606
Packet Send:	4316	54.7607
Packet Send:	4317	54.7608
Packet Send:	4318	54.7609
Timeout:	4311	54.7869
Packet Loss:	4311	54.7869
Packet Retrans:	4311	54.787
Timeout:	4312	54.787
Packet Loss:	4312	54.787
Packet Retrans:	4312	54.7871
Packet Loss:	4313	54.7887
Packet Retrans:	4313	54.7888
Packet Loss:	4315	54.7921
Packet Retrans:	4315	54.7922
Receive Retrans Packet:	4311	54.8137
Timeout:	4309	54.8152
Packet Loss:	4309	54.8152
Packet Send:	4319	54.8154
Packet Send:	4320	54.8155
Packet Send:	4321	54.8156
Receive Retrans Packet:	4315	54.8189
Timeout:	4317	54.8408
Packet Loss:	4317	54.8408
Packet Retrans:	4317	54.8409
Timeout:	4318	54.8409
Packet Loss:	4318	54.8409
Packet Retrans:	4318	54.841
Packet Loss:	4319	54.8455
Packet Loss:	4320	54.8455
Packet Retrans:	4319	54.8456
Packet Retrans:	4320	54.8457
Timeout:	4312	54.8671
Packet Loss:	4312	54.8671
Packet Send:	4322	54.8673
Timeout:	4313	54.8688
Packet Loss:	4313	54.8688
Packet Send:	4323	54.869
Packet Send:	4324	54.8691
Packet Send:	4325	54.8692
Packet Send:	4326	54.8693
Packet Loss:	4322	54.8957
Packet Retrans:	4322	54.8958
Packet Loss:	4324	54.8991
Packet Retrans:	4324	54.8992
Timeout:	4317	54.9209
Packet Loss:	4317	54.9209
Timeout:	4318	54.921
Packet Loss:	4318	54.921
Packet Send:	4327	54.9212
Packet Send:	4328	54.9213
Receive Retrans Packet:	4322	54.9225
Timeout:	4319	54.9256
Packet Loss:	4319	54.9256
Timeout:	4320	54.9257
Packet Loss:	4320	54.9257
Packet Send:	4329	54.9259
Packet Send:	4330	54.926
Packet Send:	4331	54.9261
Packet Send:	4332	54.9262
Packet Send:	4333	54.9263
Packet Loss:	4328	54.9526
Packet Retrans:	4328	54.9527
Packet Loss:	4330	54.9594
Packet Loss:	4331	54.9594
Packet Loss:	4332	54.9594
Packet Retrans:	4330	54.9595
Packet Retrans:	4331	54.9596
Packet Retrans:	4332	54.9597
Timeout:	4324	54.9792
Packet Loss:	4324	54.9792
Packet Send:	4334	54.9794
Packet Send:	4335	54.9795
Packet Send:	4336	54.9796
Packet Send:	4337	54.9797
Receive Retrans Packet:	4332	54.9896
Packet Loss:	4334	55.0095
Packet Loss:	4335	55.0095
Packet Retrans:	4334	55.0096
Packet Retrans:	4335	55.0097
Timeout:	4328	55.0327
Packet Loss:	4328	55.0327
Packet Send:	4338	55.0329
Packet Send:	4339	55.033
Timeout:	4330	55.0395
Packet Loss:	4330	55.0395
Timeout:	4331	55.0396
Packet Loss:	4331	55.0396
Packet Send:	4340	55.0398
Packet Send:	4341	55.0399
Packet Send:	4342	55.04
Packet Send:	4343	55.0401
Packet Loss:	4338	55.0665
Packet Loss:	4339	55.0665
Packet Retrans:	4338	55.0666
Packet Retrans:	4339	55.0667
Timeout:	4334	55.0896
Packet Loss:	4334	55.0896
Timeout:	4335	55.0897
Packet Loss:	4335	55.0897
Packet Send:	4344	55.0899
Packet Send:	4345	55.09
Packet Send:	4346	55.0901
Packet Send:	4347	55.0902
Timeout:	4338	55.1466
Packet Loss:	4338	55.1466
Timeout:	4339	55.1467
Packet Loss:	4339	55.1467
Packet Send:	4348	55.1469
Packet Send:	4349	55.147
Packet Send:	4350	55.1471
Packet Send:	4351	55.1472
Packet Send:	4352	55.1473
Packet Send:	4353	55.1474
Timeout:	4344	55.1699
Packet Loss:	4344	55.1699
Packet Retrans:	4344	55.17
Timeout:	4345	55.17
Packet Loss:	4345	55.17
Packet Retrans:	4345	55.1701
Timeout:	4346	55.1701
Packet Loss:	4346	55.1701
Packet Retrans:	4346	55.1702
Timeout:	4347	55.1702
Packet Loss:	4347	55.1702
Packet Retrans:	4347	55.1703
Packet Loss:	4348	55.1753
Packet Retrans:	4348	55.1754
Receive Retrans Packet:	4344	55.1967
Packet Send:	4354	55.1968
Timeout:	4350	55.2271
Packet Loss:	4350	55.2271
Packet Retrans:	4350	55.2272
Timeout:	4351	55.2272
Packet Loss:	4351	55.2272
Packet Retrans:	4351	55.2273
Timeout:	4352	55.2273
Packet Loss:	4352	55.2273
Packet Retrans:	4352	55.2274
Timeout:	4353	55.2274
Packet Loss:	4353	55.2274
Packet Retrans:	4353	55.2275
Timeout:	4345	55.2501
Packet Loss:	4345	55.2501
Timeout:	4346	55.2502
Packet Loss:	4346	55.2502
Timeout:	4347	55.2503
Packet Loss:	4347	55.2503
Packet Send:	4355	55.2505
Packet Send:	4356	55.2506
Packet Send:	4357	55.2507
Timeout:	4348	55.2554
Packet Loss:	4348	55.2554
Packet Send:	4358	55.2556
Packet Send:	4359	55.2557
Packet Send:	4360	55.2558
Packet Send:	4361	55.2559
Packet Send:	4362	55.2574
Timeout:	4354	55.2768
Packet Loss:	4354	55.2768
Packet Retrans:	4354	55.2769
Packet Loss:	4356	55.2806
Packet Retrans:	4356	55.2807
Packet Loss:	4359	55.2891
Packet Loss:	4360	55.2891
Packet Loss:	4361	55.2891
Packet Retrans:	4359	55.2892
Packet Retrans:	4360	55.2893
Packet Retrans:	4361	55.2894
Timeout:	4353	55.3075
Packet Loss:	4353	55.3075
Packet Send:	4363	55.3077
Receive Retrans Packet:	4359	55.3159
Timeout:	4354	55.3569
Packet Loss:	4354	55.3569
Packet Send:	4364	55.3571
Packet Send:	4365	55.3572
Timeout:	4356	55.3607
Packet Loss:	4356	55.3607
Packet Send:	4366	55.3609
Packet Send:	4367	55.361
Packet Send:	4368	55.3611
Packet Send:	4369	55.3612
Timeout:	4360	55.3693
Packet Loss:	4360	55.3693
Timeout:	4361	55.3694
Packet Loss:	4361	55.3694
Packet Send:	4370	55.3696
Packet Send:	4371	55.3697
Packet Send:	4372	55.3698
Timeout:	4363	55.3877
Packet Loss:	4363	55.3877
Packet Retrans:	4363	55.3878
Packet Loss:	4364	55.391
Packet Loss:	4365	55.391
Packet Loss:	4366	55.391
Packet Loss:	4367	55.391
Packet Retrans:	4364	55.3911
Packet Retrans:	4365	55.3912
Packet Retrans:	4366	55.3913
Packet Retrans:	4367	55.3914
Receive Retrans Packet:	4363	55.4145
Packet Send:	4373	55.4146
Receive Retrans Packet:	4364	55.4178
Packet Send:	4374	55.4179
Receive Retrans Packet:	4365	55.4195
Packet Send:	4375	55.4196
Receive Retrans Packet:	4366	55.4212
Packet Send:	4376	55.4213
Timeout:	4369	55.4412
Packet Loss:	4369	55.4412
Packet Retrans:	4369	55.4413
Packet Loss:	4370	55.4413
Packet Loss:	4371	55.4413
Packet Loss:	4372	55.4413
Packet Retrans:	4370	55.4414
Packet Retrans:	4371	55.4415
Packet Retrans:	4372	55.4416
Timeout:	4367	55.4714
Packet Loss:	4367	55.4714
Packet Send:	4377	55.4716
Packet Send:	4378	55.4717
Timeout:	4374	55.4979
Packet Loss:	4374	55.4979
Packet Retrans:	4374	55.498
Packet Loss:	4375	55.4983
Packet Loss:	4376	55.4983
Packet Retrans:	4375	55.4984
Packet Retrans:	4376	55.4985
Timeout:	4369	55.5213
Packet Loss:	4369	55.5213
Timeout:	4370	55.5214
Packet Loss:	4370	55.5214
Timeout:	4371	55.5215
Packet Loss:	4371	55.5215
Timeout:	4372	55.5216
Packet Loss:	4372	55.5216
Packet Send:	4379	55.5218
Packet Send:	4380	55.5219
Packet Send:	4381	55.522
Packet Send:	4382	55.5221
Packet Send:	4383	55.5222
Receive Retrans Packet:	4376	55.5281
Packet Loss:	4379	55.5502
Packet Retrans:	4379	55.5503
Timeout:	4374	55.578
Packet Loss:	4374	55.578
Packet Send:	4384	55.5782
Timeout:	4375	55.5784
Packet Loss:	4375	55.5784
Packet Send:	4385	55.5786
Packet Send:	4386	55.5787
Packet Send:	4387	55.5788
Packet Send:	4388	55.5789
Timeout:	4381	55.602
Packet Loss:	4381	55.602
Packet Retrans:	4381	55.6021
Timeout:	4382	55.6021
Packet Loss:	4382	55.6021
Packet Retrans:	4382	55.6022
Timeout:	4383	55.6022
Packet Loss:	4383	55.6022
Packet Retrans:	4383	55.6023
Packet Loss:	4384	55.61
Packet Loss:	4385	55.61
Packet Loss:	4386	55.61
Packet Retrans:	4384	55.6101
Packet Retrans:	4385	55.6102
Packet Retrans:	4386	55.6103
Receive Retrans Packet:	4381	55.6288
Timeout:	4379	55.6303
Packet Loss:	4379	55.6303
Packet Send:	4389	55.6305
Receive Retrans Packet:	4382	55.6305
Packet Send:	4390	55.6306
Packet Send:	4391	55.6307
Packet Send:	4392	55.6308
Packet Loss:	4390	55.6623
Packet Loss:	4391	55.6623
Packet Retrans:	4390	55.6624
Packet Retrans:	4391	55.6625
Timeout:	4383	55.6823
Packet Loss:	4383	55.6823
Packet Send:	4393	55.6825
Timeout:	4384	55.6901
Packet Loss:	4384	55.6901
Timeout:	4385	55.6902
Packet Loss:	4385	55.6902
Timeout:	4386	55.6903
Packet Loss:	4386	55.6903
Packet Send:	4394	55.6905
Packet Send:	4395	55.6906
Packet Send:	4396	55.6907
Packet Send:	4397	55.6908
Packet Send:	4398	55.6909
Packet Send:	4399	55.691
Packet Loss:	4393	55.724
Packet Loss:	4394	55.724
Packet Loss:	4395	55.724
Packet Loss:	4396	55.724
Packet Loss:	4397	55.724
Packet Retrans:	4393	55.7241
Packet Retrans:	4394	55.7242
Packet Retrans:	4395	55.7243
Packet Retrans:	4396	55.7244
Packet Retrans:	4397	55.7245
Timeout:	4390	55.7424
Packet Loss:	4390	55.7424
Timeout:	4391	55.7425
Packet Loss:	4391	55.7425
Packet Send:	4400	55.7427
Packet Send:	4401	55.7428
Packet Send:	4402	55.7429
Receive Retrans Packet:	4393	55.7508
Packet Send:	4403	55.7509
Receive Retrans Packet:	4394	55.7525
Packet Send:	4404	55.7526
Receive Retrans Packet:	4395	55.7542
Packet Send:	4405	55.7543
Packet Loss:	4399	55.7694
Packet Retrans:	4399	55.7695
Receive Retrans Packet:	4399	55.7962
Timeout:	4396	55.8044
Packet Loss:	4396	55.8044
Timeout:	4397	55.8045
Packet Loss:	4397	55.8045
Packet Send:	4406	55.8047
Packet Send:	4407	55.8048
Packet Send:	4408	55.8049
Packet Send:	4409	55.805
Packet Send:	4410	55.8051
Packet Send:	4411	55.8052
Timeout:	4402	55.8229
Packet Loss:	4402	55.8229
Packet Retrans:	4402	55.823
Timeout:	4403	55.8309
Packet Loss:	4403	55.8309
Packet Retrans:	4403	55.831
Packet Loss:	4404	55.8314
Packet Loss:	4405	55.8314
Packet Retrans:	4404	55.8315
Packet Retrans:	4405	55.8316
Packet Loss:	4407	55.8348
Packet Retrans:	4407	55.8349
Receive Retrans Packet:	4402	55.8497
Packet Send:	4412	55.8498
Receive Retrans Packet:	4403	55.8577
Packet Send:	4413	55.8578
Receive Retrans Packet:	4407	55.8628
Packet Loss:	4410	55.8765
Packet Loss:	4411	55.8765
Packet Retrans:	4410	55.8766
Packet Retrans:	4411	55.8767
Timeout:	4404	55.9115
Packet Loss:	4404	55.9115
Timeout:	4405	55.9116
Packet Loss:	4405	55.9116
Packet Send:	4414	55.9118
Packet Send:	4415	55.9119
Packet Send:	4416	55.912
Packet Send:	4417	55.9121
Packet Send:	4418	55.9122
Packet Send:	4419	55.9123
Timeout:	4413	55.9378
Packet Loss:	4413	55.9378
Packet Retrans:	4413	55.9379
Packet Loss:	4414	55.9419
Packet Loss:	4415	55.9419
Packet Retrans:	4414	55.942
Packet Retrans:	4415	55.9421
Timeout:	4410	55.9566
Packet Loss:	4410	55.9566
Timeout:	4411	55.9567
Packet Loss:	4411	55.9567
Packet Send:	4420	55.9569
Packet Send:	4421	55.957
Packet Send:	4422	55.9571
Receive Retrans Packet:	4413	55.9646
Packet Send:	4423	55.9647
Receive Retrans Packet:	4414	55.9687
Packet Send:	4424	55.9688
Receive Retrans Packet:	4415	55.9704
Packet Send:	4425	55.9705
Packet Send:	4426	55.9706
Packet Send:	4427	55.9707
Packet Loss:	4418	55.9836
Packet Loss:	4419	55.9836
Packet Retrans:	4418	55.9837
Packet Retrans:	4419	55.9838
Packet Loss:	4421	55.987
Packet Retrans:	4421	55.9871
Packet Loss:	4424	56.0006
Packet Loss:	4425	56.0006
Packet Loss:	4426	56.0006
Packet Retrans:	4424	56.0006
Packet Retrans:	4425	56.0007
Packet Retrans:	4426	56.0008
Receive Retrans Packet:	4419	56.0121
Timeout:	4418	56.0637
Packet Loss:	4418	56.0637
Packet Send:	4428	56.0638
Packet Send:	4429	56.0639
Packet Send:	4430	56.064
Timeout:	4421	56.0671
Packet Loss:	4421	56.0671
Packet Send:	4431	56.0672
Packet Send:	4432	56.0673
Packet Send:	4433	56.0674
Timeout:	4424	56.0806
Packet Loss:	4424	56.0806
Timeout:	4425	56.0807
Packet Loss:	4425	56.0807
Timeout:	4426	56.0808
Packet Loss:	4426	56.0808
Packet Send:	4434	56.081
Packet Send:	4435	56.0811
Packet Send:	4436	56.0812
Packet Send:	4437	56.0813
Packet Loss:	4428	56.0974
Packet Loss:	4429	56.0974
Packet Loss:	4430	56.0974
Packet Loss:	4431	56.0974
Packet Retrans:	4428	56.0974
Packet Retrans:	4429	56.0975
Packet Retrans:	4430	56.0976
Packet Retrans:	4431	56.0977
Packet Loss:	4434	56.1095
Packet Retrans:	4434	56.1095
Receive Retrans Packet:	4431	56.1293
Timeout:	4436	56.1612
Packet Loss:	4436	56.1612
Packet Retrans:	4436	56.1613
Timeout:	4437	56.1613
Packet Loss:	4437	56.1613
Packet Retrans:	4437	56.1614
Timeout:	4428	56.1774
Packet Loss:	4428	56.1774
Timeout:	4429	56.1775
Packet Loss:	4429	56.1775
Timeout:	4430	56.1776
Packet Loss:	4430	56.1776
Packet Send:	4438	56.1778
Packet Send:	4439	56.1779
Packet Send:	4440	56.178
Packet Send:	4441	56.1781
Packet Send:	4442	56.1782
Packet Send:	4443	56.1783
Timeout:	4434	56.1895
Packet Loss:	4434	56.1895
Packet Send:	4444	56.1897
Packet Send:	4445	56.1898
Packet Loss:	4438	56.2182
Packet Loss:	4439	56.2182
Packet Loss:	4440	56.2182
Packet Loss:	4441	56.2182
Packet Loss:	4442	56.2182
Packet Loss:	4443	56.2182
Packet Loss:	4444	56.2182
Packet Retrans:	4438	56.2182
Packet Retrans:	4439	56.2183
Packet Retrans:	4440	56.2184
Packet Retrans:	4441	56.2185
Packet Retrans:	4442	56.2186
Packet Retrans:	4443	56.2187
Packet Retrans:	4444	56.2188
Timeout:	4436	56.2413
Packet Loss:	4436	56.2413
Timeout:	4437	56.2414
Packet Loss:	4437	56.2414
Packet Send:	4446	56.2416
Packet Send:	4447	56.2417
Receive Retrans Packet:	4440	56.2484
Receive Retrans Packet:	4441	56.2501
Receive Retrans Packet:	4442	56.2518
Receive Retrans Packet:	4444	56.2552
Packet Loss:	4446	56.2701
Packet Retrans:	4446	56.2701
Timeout:	4438	56.2982
Packet Loss:	4438	56.2982
Timeout:	4439	56.2983
Packet Loss:	4439	56.2983
Packet Send:	4448	56.2985
Packet Send:	4449	56.2986
Packet Send:	4450	56.2987
Timeout:	4443	56.2987
Packet Loss:	4443	56.2987
Packet Send:	4451	56.2989
Packet Send:	4452	56.299
Packet Send:	4453	56.2991
Packet Send:	4454	56.2992
Packet Send:	4455	56.2993
Packet Loss:	4449	56.3287
Packet Retrans:	4449	56.3287
Timeout:	4446	56.3501
Packet Loss:	4446	56.3501
Packet Send:	4456	56.3503
Packet Send:	4457	56.3504
Packet Send:	4458	56.3505
Packet Loss:	4452	56.3771
Packet Loss:	4453	56.3771
Packet Loss:	4454	56.3771
Packet Loss:	4455	56.3771
Packet Retrans:	4452	56.3771
Packet Retrans:	4453	56.3772
Packet Retrans:	4454	56.3773
Packet Retrans:	4455	56.3774
Receive Retrans Packet:	4452	56.4039
Timeout:	4449	56.4087
Packet Loss:	4449	56.4087
Packet Send:	4459	56.4089
Packet Send:	4460	56.409
Packet Send:	4461	56.4091
Packet Send:	4462	56.4092
Timeout:	4457	56.4304
Packet Loss:	4457	56.4304
Packet Retrans:	4457	56.4305
Timeout:	4458	56.4305
Packet Loss:	4458	56.4305
Packet Retrans:	4458	56.4306
Packet Loss:	4459	56.4374
Packet Retrans:	4459	56.4374
Timeout:	4453	56.4572
Packet Loss:	4453	56.4572
Timeout:	4454	56.4573
Packet Loss:	4454	56.4573
Timeout:	4455	56.4574
Packet Loss:	4455	56.4574
Packet Send:	4463	56.4576
Packet Send:	4464	56.4577
Packet Send:	4465	56.4578
Packet Send:	4466	56.4579
Receive Retrans Packet:	4458	56.459
Receive Retrans Packet:	4459	56.4642
Packet Loss:	4462	56.4861
Packet Loss:	4463	56.4861
Packet Retrans:	4462	56.4861
Packet Retrans:	4463	56.4862
Timeout:	4457	56.5105
Packet Loss:	4457	56.5105
Packet Send:	4467	56.5107
Packet Send:	4468	56.5108
Packet Send:	4469	56.5109
Packet Send:	4470	56.511
Packet Send:	4471	56.5111
Receive Retrans Packet:	4463	56.5146
Timeout:	4466	56.5379
Packet Loss:	4466	56.5379
Packet Retrans:	4466	56.538
Packet Loss:	4467	56.5426
Packet Loss:	4468	56.5426
Packet Loss:	4469	56.5426
Packet Retrans:	4467	56.5426
Packet Retrans:	4468	56.5427
Packet Retrans:	4469	56.5428
Timeout:	4462	56.5661
Packet Loss:	4462	56.5661
Packet Send:	4472	56.5663
Packet Send:	4473	56.5664
Packet Send:	4474	56.5665
Packet Send:	4475	56.5666
Receive Retrans Packet:	4467	56.5694
Packet Loss:	4472	56.5965
Packet Loss:	4473	56.5965
Packet Retrans:	4472	56.5965
Packet Retrans:	4473	56.5966
Timeout:	4466	56.618
Packet Loss:	4466	56.618
Packet Send:	4476	56.6182
Packet Send:	4477	56.6183
Timeout:	4468	56.6227
Packet Loss:	4468	56.6227
Timeout:	4469	56.6228
Packet Loss:	4469	56.6228
Packet Send:	4478	56.623
Packet Send:	4479	56.6231
Packet Send:	4480	56.6232
Packet Send:	4481	56.6233
Packet Loss:	4475	56.645
Packet Retrans:	4475	56.645
Packet Loss:	4477	56.6498
Packet Retrans:	4477	56.6498
Receive Retrans Packet:	4475	56.6718
Timeout:	4472	56.6765
Packet Loss:	4472	56.6765
Timeout:	4473	56.6766
Packet Loss:	4473	56.6766
Packet Send:	4482	56.6768
Packet Send:	4483	56.6769
Packet Send:	4484	56.677
Packet Send:	4485	56.6771
Packet Send:	4486	56.6772
Timeout:	4480	56.7032
Packet Loss:	4480	56.7032
Packet Retrans:	4480	56.7033
Timeout:	4481	56.7033
Packet Loss:	4481	56.7033
Packet Retrans:	4481	56.7034
Packet Loss:	4482	56.7104
Packet Loss:	4483	56.7104
Packet Loss:	4484	56.7104
Packet Loss:	4485	56.7104
Packet Retrans:	4482	56.7104
Packet Retrans:	4483	56.7105
Packet Retrans:	4484	56.7106
Packet Retrans:	4485	56.7107
Timeout:	4477	56.7298
Packet Loss:	4477	56.7298
Packet Send:	4487	56.73
Packet Send:	4488	56.7301
Packet Send:	4489	56.7302
Receive Retrans Packet:	4484	56.7406
Receive Retrans Packet:	4485	56.7423
Timeout:	4480	56.7833
Packet Loss:	4480	56.7833
Timeout:	4481	56.7834
Packet Loss:	4481	56.7834
Packet Send:	4490	56.7836
Packet Send:	4491	56.7837
Timeout:	4482	56.7904
Packet Loss:	4482	56.7904
Timeout:	4483	56.7905
Packet Loss:	4483	56.7905
Packet Send:	4492	56.7907
Packet Send:	4493	56.7908
Packet Send:	4494	56.7909
Packet Send:	4495	56.791
Packet Send:	4496	56.7911
Packet Send:	4497	56.7912
Packet Send:	4498	56.7913
Packet Send:	4499	56.7914
Packet Send:	4500	56.8104
Packet Send:	4501	56.8121
Packet Loss:	4492	56.8192
Packet Retrans:	4492	56.8192
Packet Loss:	4494	56.8226
Packet Retrans:	4494	56.8226
Packet Loss:	4496	56.826
Packet Retrans:	4496	56.826
Timeout:	4498	56.8713
Packet Loss:	4498	56.8713
Packet Retrans:	4498	56.8714
Timeout:	4499	56.8714
Packet Loss:	4499	56.8714
Packet Retrans:	4499	56.8715
Receive Retrans Packet:	4492	56.8752
Packet Send:	4502	56.8752
Packet Send:	4503	56.8753
Timeout:	4500	56.8904
Packet Loss:	4500	56.8904
Packet Retrans:	4500	56.8905
Timeout:	4501	56.8921
Packet Loss:	4501	56.8921
Packet Retrans:	4501	56.8922
Timeout:	4494	56.9026
Packet Loss:	4494	56.9026
Packet Send:	4504	56.9028
Packet Send:	4505	56.9029
Timeout:	4496	56.906
Packet Loss:	4496	56.906
Packet Send:	4506	56.9062
Packet Send:	4507	56.9063
Timeout:	4498	56.9514
Packet Loss:	4498	56.9514
Timeout:	4499	56.9515
Packet Loss:	4499	56.9515
Packet Send:	4508	56.9517
Packet Send:	4509	56.9518
Timeout:	4502	56.9552
Packet Loss:	4502	56.9552
Packet Retrans:	4502	56.9553
Timeout:	4503	56.9553
Packet Loss:	4503	56.9553
Packet Retrans:	4503	56.9554
Timeout:	4500	56.9705
Packet Loss:	4500	56.9705
Packet Send:	4510	56.9707
Timeout:	4501	56.9722
Packet Loss:	4501	56.9722
Packet Send:	4511	56.9724
Timeout:	4504	56.9828
Packet Loss:	4504	56.9828
Packet Retrans:	4504	56.9829
Timeout:	4505	56.9829
Packet Loss:	4505	56.9829
Packet Retrans:	4505	56.983
Timeout:	4506	56.9862
Packet Loss:	4506	56.9862
Packet Retrans:	4506	56.9863
Timeout:	4507	56.9863
Packet Loss:	4507	56.9863
Packet Retrans:	4507	56.9864
Packet Send:	4512	57.0025
Packet Send:	4513	57.0042
Timeout:	4508	57.0317
Packet Loss:	4508	57.0317
Packet Retrans:	4508	57.0318
Timeout:	4509	57.0318
Packet Loss:	4509	57.0318
Packet Retrans:	4509	57.0319
Timeout:	4510	57.0507
Packet Loss:	4510	57.0507
Packet Retrans:	4510	57.0508
Timeout:	4511	57.0524
Packet Loss:	4511	57.0524
Packet Retrans:	4511	57.0525
Timeout:	4504	57.0629
Packet Loss:	4504	57.0629
Timeout:	4505	57.063
Packet Loss:	4505	57.063
Packet Send:	4514	57.0632
Packet Send:	4515	57.0633
Timeout:	4506	57.0663
Packet Loss:	4506	57.0663
Timeout:	4507	57.0664
Packet Loss:	4507	57.0664
Packet Send:	4516	57.0666
Packet Send:	4517	57.0667
Timeout:	4512	57.0825
Packet Loss:	4512	57.0825
Packet Retrans:	4512	57.0826
Timeout:	4513	57.0842
Packet Loss:	4513	57.0842
Packet Retrans:	4513	57.0843
Timeout:	4508	57.1118
Packet Loss:	4508	57.1118
Timeout:	4509	57.1119
Packet Loss:	4509	57.1119
Packet Send:	4518	57.1121
Packet Send:	4519	57.1122
Timeout:	4510	57.1308
Packet Loss:	4510	57.1308
Packet Send:	4520	57.131
Timeout:	4511	57.1325
Packet Loss:	4511	57.1325
Packet Send:	4521	57.1327
Timeout:	4514	57.1432
Packet Loss:	4514	57.1432
Packet Retrans:	4514	57.1433
Timeout:	4515	57.1433
Packet Loss:	4515	57.1433
Packet Retrans:	4515	57.1434
Timeout:	4516	57.1466
Packet Loss:	4516	57.1466
Packet Retrans:	4516	57.1467
Timeout:	4517	57.1467
Packet Loss:	4517	57.1467
Packet Retrans:	4517	57.1468
Timeout:	4512	57.1626
Packet Loss:	4512	57.1626
Packet Send:	4522	57.1628
Timeout:	4513	57.1643
Packet Loss:	4513	57.1643
Packet Send:	4523	57.1645
Receive Retrans Packet:	4502	57.1894
Timeout:	4518	57.1921
Packet Loss:	4518	57.1921
Packet Retrans:	4518	57.1922
Timeout:	4519	57.1922
Packet Loss:	4519	57.1922
Packet Retrans:	4519	57.1923
Timeout:	4520	57.211
Packet Loss:	4520	57.211
Packet Retrans:	4520	57.2111
Timeout:	4521	57.2127
Packet Loss:	4521	57.2127
Packet Retrans:	4521	57.2128
Timeout:	4514	57.2233
Packet Loss:	4514	57.2233
Timeout:	4515	57.2234
Packet Loss:	4515	57.2234
Packet Send:	4524	57.2236
Packet Send:	4525	57.2237
Timeout:	4516	57.2267
Packet Loss:	4516	57.2267
Timeout:	4517	57.2268
Packet Loss:	4517	57.2268
Packet Send:	4526	57.227
Packet Send:	4527	57.2271
Timeout:	4522	57.2428
Packet Loss:	4522	57.2428
Packet Retrans:	4522	57.2429
Timeout:	4523	57.2445
Packet Loss:	4523	57.2445
Packet Retrans:	4523	57.2446
Receive Retrans Packet:	4504	57.2542
Receive Retrans Packet:	4506	57.2646
Receive Retrans Packet:	4507	57.2663
Timeout:	4518	57.2722
Packet Loss:	4518	57.2722
Timeout:	4519	57.2723
Packet Loss:	4519	57.2723
Packet Send:	4528	57.2725
Packet Send:	4529	57.2726
Timeout:	4520	57.2911
Packet Loss:	4520	57.2911
Packet Send:	4530	57.2913
Timeout:	4521	57.2928
Packet Loss:	4521	57.2928
Packet Send:	4531	57.293
Timeout:	4524	57.3036
Packet Loss:	4524	57.3036
Packet Retrans:	4524	57.3037
Timeout:	4525	57.3037
Packet Loss:	4525	57.3037
Packet Retrans:	4525	57.3038
Timeout:	4526	57.307
Packet Loss:	4526	57.307
Packet Retrans:	4526	57.3071
Timeout:	4527	57.3071
Packet Loss:	4527	57.3071
Packet Retrans:	4527	57.3072
Timeout:	4522	57.3229
Packet Loss:	4522	57.3229
Packet Send:	4532	57.3231
Timeout:	4523	57.3246
Packet Loss:	4523	57.3246
Packet Send:	4533	57.3248
Timeout:	4528	57.3525
Packet Loss:	4528	57.3525
Packet Retrans:	4528	57.3526
Timeout:	4529	57.3526
Packet Loss:	4529	57.3526
Packet Retrans:	4529	57.3527
Timeout:	4530	57.3713
Packet Loss:	4530	57.3713
Packet Retrans:	4530	57.3714
Timeout:	4531	57.373
Packet Loss:	4531	57.373
Packet Retrans:	4531	57.3731
Timeout:	4524	57.3837
Packet Loss:	4524	57.3837
Timeout:	4525	57.3838
Packet Loss:	4525	57.3838
Packet Send:	4534	57.384
Packet Send:	4535	57.3841
Timeout:	4526	57.3871
Packet Loss:	4526	57.3871
Timeout:	4527	57.3872
Packet Loss:	4527	57.3872
Packet Send:	4536	57.3874
Packet Send:	4537	57.3875
Timeout:	4532	57.4031
Packet Loss:	4532	57.4031
Packet Retrans:	4532	57.4032
Timeout:	4533	57.4048
Packet Loss:	4533	57.4048
Packet Retrans:	4533	57.4049
Timeout:	4528	57.4326
Packet Loss:	4528	57.4326
Timeout:	4529	57.4327
Packet Loss:	4529	57.4327
Packet Send:	4538	57.4329
Packet Send:	4539	57.433
Timeout:	4530	57.4514
Packet Loss:	4530	57.4514
Packet Send:	4540	57.4516
Timeout:	4531	57.4531
Packet Loss:	4531	57.4531
Packet Send:	4541	57.4533
Timeout:	4534	57.464
Packet Loss:	4534	57.464
Packet Retrans:	4534	57.4641
Timeout:	4535	57.4641
Packet Loss:	4535	57.4641
Packet Retrans:	4535	57.4642
Timeout:	4536	57.4674
Packet Loss:	4536	57.4674
Packet Retrans:	4536	57.4675
Timeout:	4537	57.4675
Packet Loss:	4537	57.4675
Packet Retrans:	4537	57.4676
Timeout:	4532	57.4832
Packet Loss:	4532	57.4832
Packet Send:	4542	57.4834
Timeout:	4533	57.4849
Packet Loss:	4533	57.4849
Packet Send:	4543	57.4851
Receive Retrans Packet:	4512	57.4887
Timeout:	4538	57.5129
Packet Loss:	4538	57.5129
Packet Retrans:	4538	57.513
Timeout:	4539	57.513
Packet Loss:	4539	57.513
Packet Retrans:	4539	57.5131
Timeout:	4540	57.5316
Packet Loss:	4540	57.5316
Packet Retrans:	4540	57.5317
Timeout:	4541	57.5333
Packet Loss:	4541	57.5333
Packet Retrans:	4541	57.5334
Timeout:	4534	57.5441
Packet Loss:	4534	57.5441
Timeout:	4535	57.5442
Packet Loss:	4535	57.5442
Packet Send:	4544	57.5444
Packet Send:	4545	57.5445
Timeout:	4536	57.5475
Packet Loss:	4536	57.5475
Timeout:	4537	57.5476
Packet Loss:	4537	57.5476
Packet Send:	4546	57.5478
Packet Send:	4547	57.5479
Receive Retrans Packet:	4523	57.5615
Timeout:	4542	57.5634
Packet Loss:	4542	57.5634
Packet Retrans:	4542	57.5635
Timeout:	4543	57.5651
Packet Loss:	4543	57.5651
Packet Retrans:	4543	57.5652
Receive Retrans Packet:	4526	57.5734
Receive Retrans Packet:	4531	57.5852
Timeout:	4538	57.593
Packet Loss:	4538	57.593
Timeout:	4539	57.5931
Packet Loss:	4539	57.5931
Packet Send:	4548	57.5933
Packet Send:	4549	57.5934
Receive Retrans Packet:	4532	57.5937
Receive Retrans Packet:	4535	57.6055
Timeout:	4540	57.6117
Packet Loss:	4540	57.6117
Packet Send:	4550	57.6119
Packet Send:	4551	57.612
Packet Send:	4552	57.6121
Receive Retrans Packet:	4541	57.6191
Packet Loss:	4544	57.6241
Packet Loss:	4545	57.6241
Packet Retrans:	4544	57.6242
Packet Retrans:	4545	57.6243
Timeout:	4547	57.6279
Packet Loss:	4547	57.6279
Packet Retrans:	4547	57.628
Packet Loss:	4548	57.6326
Packet Retrans:	4548	57.6326
Timeout:	4543	57.6452
Packet Loss:	4543	57.6452
Packet Send:	4553	57.6454
Receive Retrans Packet:	4544	57.651
Packet Send:	4554	57.651
Receive Retrans Packet:	4545	57.6527
Packet Send:	4555	57.6527
Packet Send:	4556	57.6528
Timeout:	4552	57.6921
Packet Loss:	4552	57.6921
Packet Retrans:	4552	57.6922
Timeout:	4547	57.708
Packet Loss:	4547	57.708
Packet Send:	4557	57.7082
Timeout:	4548	57.7126
Packet Loss:	4548	57.7126
Packet Send:	4558	57.7128
Packet Send:	4559	57.7129
Packet Send:	4560	57.713
Packet Send:	4561	57.7131
Timeout:	4553	57.7254
Packet Loss:	4553	57.7254
Packet Retrans:	4553	57.7255
Timeout:	4554	57.731
Packet Loss:	4554	57.731
Packet Retrans:	4554	57.7311
Timeout:	4555	57.7327
Packet Loss:	4555	57.7327
Packet Retrans:	4555	57.7328
Timeout:	4556	57.7328
Packet Loss:	4556	57.7328
Packet Retrans:	4556	57.7329
Packet Loss:	4558	57.7413
Packet Retrans:	4558	57.7413
Receive Retrans Packet:	4553	57.7523
Receive Retrans Packet:	4558	57.7681
Timeout:	4552	57.7722
Packet Loss:	4552	57.7722
Packet Send:	4562	57.7724
Packet Send:	4563	57.7725
Timeout:	4560	57.793
Packet Loss:	4560	57.793
Packet Retrans:	4560	57.7931
Timeout:	4561	57.7931
Packet Loss:	4561	57.7931
Packet Retrans:	4561	57.7932
Packet Loss:	4562	57.8009
Packet Retrans:	4562	57.8009
Timeout:	4554	57.8111
Packet Loss:	4554	57.8111
Packet Send:	4564	57.8113
Timeout:	4555	57.8128
Packet Loss:	4555	57.8128
Timeout:	4556	57.8129
Packet Loss:	4556	57.8129
Packet Send:	4565	57.8131
Packet Send:	4566	57.8132
Packet Send:	4567	57.8133
Packet Send:	4568	57.8134
Packet Send:	4569	57.8135
Timeout:	4560	57.8731
Packet Loss:	4560	57.8731
Timeout:	4561	57.8732
Packet Loss:	4561	57.8732
Packet Send:	4570	57.8734
Packet Send:	4571	57.8735
Timeout:	4562	57.8809
Packet Loss:	4562	57.8809
Packet Send:	4572	57.8811
Packet Send:	4573	57.8812
Timeout:	4564	57.8913
Packet Loss:	4564	57.8913
Packet Retrans:	4564	57.8914
Timeout:	4565	57.8931
Packet Loss:	4565	57.8931
Packet Retrans:	4565	57.8932
Timeout:	4566	57.8932
Packet Loss:	4566	57.8932
Packet Retrans:	4566	57.8933
Timeout:	4567	57.8933
Packet Loss:	4567	57.8933
Packet Retrans:	4567	57.8934
Timeout:	4568	57.8934
Packet Loss:	4568	57.8934
Packet Retrans:	4568	57.8935
Timeout:	4569	57.8935
Packet Loss:	4569	57.8935
Packet Retrans:	4569	57.8936
Packet Loss:	4570	57.9079
Packet Loss:	4571	57.9079
Packet Retrans:	4570	57.9079
Packet Retrans:	4571	57.908
Receive Retrans Packet:	4564	57.9182
Packet Send:	4574	57.9182
Receive Retrans Packet:	4565	57.92
Packet Send:	4575	57.92
Receive Retrans Packet:	4567	57.9234
Receive Retrans Packet:	4570	57.9347
Receive Retrans Packet:	4571	57.9364
Timeout:	4566	57.9733
Packet Loss:	4566	57.9733
Packet Send:	4576	57.9735
Timeout:	4568	57.9735
Packet Loss:	4568	57.9735
Timeout:	4569	57.9736
Packet Loss:	4569	57.9736
Packet Send:	4577	57.9738
Packet Send:	4578	57.9739
Packet Send:	4579	57.974
Packet Send:	4580	57.9741
Packet Send:	4581	57.9742
Packet Send:	4582	57.9743
Packet Send:	4583	57.9744
Timeout:	4574	57.9982
Packet Loss:	4574	57.9982
Packet Retrans:	4574	57.9983
Timeout:	4575	58
Packet Loss:	4575	58
Packet Retrans:	4575	58.0001
Packet Loss:	4578	58.0054
Packet Retrans:	4578	58.0054
Receive Retrans Packet:	4575	58.0269
Timeout:	4580	58.0541
Packet Loss:	4580	58.0541
Packet Retrans:	4580	58.0542
Timeout:	4581	58.0542
Packet Loss:	4581	58.0542
Packet Retrans:	4581	58.0543
Timeout:	4582	58.0543
Packet Loss:	4582	58.0543
Packet Retrans:	4582	58.0544
Timeout:	4583	58.0544
Packet Loss:	4583	58.0544
Packet Retrans:	4583	58.0545
Timeout:	4574	58.0783
Packet Loss:	4574	58.0783
Packet Send:	4584	58.0785
Packet Send:	4585	58.0786
Packet Send:	4586	58.0787
Packet Send:	4587	58.0788
Timeout:	4578	58.0854
Packet Loss:	4578	58.0854
Packet Send:	4588	58.0856
Packet Send:	4589	58.0857
Packet Send:	4590	58.0858
Packet Loss:	4585	58.1104
Packet Loss:	4586	58.1104
Packet Retrans:	4585	58.1104
Packet Retrans:	4586	58.1105
Timeout:	4581	58.1343
Packet Loss:	4581	58.1343
Timeout:	4582	58.1344
Packet Loss:	4582	58.1344
Timeout:	4583	58.1345
Packet Loss:	4583	58.1345
Packet Send:	4591	58.1347
Packet Send:	4592	58.1348
Packet Send:	4593	58.1349
Packet Send:	4594	58.135
Receive Retrans Packet:	4586	58.1389
Packet Loss:	4590	58.1649
Packet Loss:	4591	58.1649
Packet Loss:	4592	58.1649
Packet Retrans:	4590	58.1649
Packet Retrans:	4591	58.165
Packet Retrans:	4592	58.1651
Timeout:	4585	58.1904
Packet Loss:	4585	58.1904
Packet Send:	4595	58.1906
Packet Send:	4596	58.1907
Packet Send:	4597	58.1908
Packet Send:	4598	58.1909
Packet Send:	4599	58.191
Timeout:	4594	58.215
Packet Loss:	4594	58.215
Packet Retrans:	4594	58.2151
Packet Loss:	4595	58.2242
Packet Loss:	4596	58.2242
Packet Loss:	4597	58.2242
Packet Loss:	4598	58.2242
Packet Retrans:	4595	58.2242
Packet Retrans:	4596	58.2243
Packet Retrans:	4597	58.2244
Packet Retrans:	4598	58.2245
Timeout:	4590	58.2449
Packet Loss:	4590	58.2449
Timeout:	4591	58.245
Packet Loss:	4591	58.245
Timeout:	4592	58.2451
Packet Loss:	4592	58.2451
Packet Send:	4600	58.2453
Packet Send:	4601	58.2454
Packet Send:	4602	58.2455
Packet Send:	4603	58.2456
Receive Retrans Packet:	4598	58.2561
Packet Loss:	4601	58.2755
Packet Retrans:	4601	58.2755
Timeout:	4594	58.2951
Packet Loss:	4594	58.2951
Packet Send:	4604	58.2953
Timeout:	4595	58.3042
Packet Loss:	4595	58.3042
Timeout:	4596	58.3043
Packet Loss:	4596	58.3043
Timeout:	4597	58.3044
Packet Loss:	4597	58.3044
Packet Send:	4605	58.3046
Packet Send:	4606	58.3047
Packet Send:	4607	58.3048
Packet Send:	4608	58.3049
Packet Send:	4609	58.305
Packet Send:	4610	58.3051
Packet Loss:	4603	58.3221
Packet Retrans:	4603	58.3221
Receive Retrans Packet:	4603	58.3489
Timeout:	4601	58.3555
Packet Loss:	4601	58.3555
Packet Send:	4611	58.3557
Packet Send:	4612	58.3558
Packet Send:	4613	58.3559
Packet Send:	4614	58.356
Timeout:	4605	58.3846
Packet Loss:	4605	58.3846
Packet Retrans:	4605	58.3847
Timeout:	4606	58.3847
Packet Loss:	4606	58.3847
Packet Retrans:	4606	58.3848
Timeout:	4607	58.3848
Packet Loss:	4607	58.3848
Packet Retrans:	4607	58.3849
Timeout:	4608	58.3849
Packet Loss:	4608	58.3849
Packet Retrans:	4608	58.385
Timeout:	4609	58.385
Packet Loss:	4609	58.385
Packet Retrans:	4609	58.3851
Timeout:	4610	58.3851
Packet Loss:	4610	58.3851
Packet Retrans:	4610	58.3852
Packet Loss:	4611	58.3859
Packet Loss:	4612	58.3859
Packet Retrans:	4611	58.3859
Packet Retrans:	4612	58.386
Receive Retrans Packet:	4605	58.4115
Packet Send:	4615	58.4115
Receive Retrans Packet:	4610	58.42
Receive Retrans Packet:	4612	58.4233
Timeout:	4606	58.4648
Packet Loss:	4606	58.4648
Timeout:	4607	58.4649
Packet Loss:	4607	58.4649
Timeout:	4608	58.465
Packet Loss:	4608	58.465
Timeout:	4609	58.4651
Packet Loss:	4609	58.4651
Packet Send:	4616	58.4653
Packet Send:	4617	58.4654
Packet Send:	4618	58.4655
Packet Send:	4619	58.4656
Packet Send:	4620	58.4657
Timeout:	4611	58.4659
Packet Loss:	4611	58.4659
Packet Send:	4621	58.4661
Packet Send:	4622	58.4662
Packet Send:	4623	58.4663
Packet Send:	4624	58.4664
Timeout:	4615	58.4915
Packet Loss:	4615	58.4915
Packet Retrans:	4615	58.4916
Packet Loss:	4616	58.4972
Packet Loss:	4617	58.4972
Packet Loss:	4618	58.4972
Packet Retrans:	4616	58.4972
Packet Retrans:	4617	58.4973
Packet Retrans:	4618	58.4974
Packet Loss:	4620	58.5023
Packet Loss:	4621	58.5023
Packet Retrans:	4620	58.5023
Packet Retrans:	4621	58.5024
Receive Retrans Packet:	4620	58.5291
Receive Retrans Packet:	4621	58.5308
Timeout:	4623	58.5463
Packet Loss:	4623	58.5463
Packet Retrans:	4623	58.5464
Timeout:	4624	58.5464
Packet Loss:	4624	58.5464
Packet Retrans:	4624	58.5465
Timeout:	4615	58.5716
Packet Loss:	4615	58.5716
Packet Send:	4625	58.5718
Timeout:	4616	58.5772
Packet Loss:	4616	58.5772
Timeout:	4617	58.5773
Packet Loss:	4617	58.5773
Timeout:	4618	58.5774
Packet Loss:	4618	58.5774
Packet Send:	4626	58.5776
Packet Send:	4627	58.5777
Packet Send:	4628	58.5778
Packet Send:	4629	58.5779
Packet Send:	4630	58.578
Packet Send:	4631	58.5781
Packet Send:	4632	58.5782
Packet Send:	4633	58.5783
Packet Loss:	4625	58.6095
Packet Loss:	4626	58.6095
Packet Loss:	4627	58.6095
Packet Loss:	4628	58.6095
Packet Retrans:	4625	58.6095
Packet Retrans:	4626	58.6096
Packet Retrans:	4627	58.6097
Packet Retrans:	4628	58.6098
Timeout:	4624	58.6265
Packet Loss:	4624	58.6265
Packet Send:	4634	58.6267
Receive Retrans Packet:	4625	58.6363
Packet Send:	4635	58.6363
Packet Loss:	4630	58.6535
Packet Loss:	4631	58.6535
Packet Loss:	4632	58.6535
Packet Loss:	4633	58.6535
Packet Retrans:	4630	58.6535
Packet Retrans:	4631	58.6536
Packet Retrans:	4632	58.6537
Packet Retrans:	4633	58.6538
Receive Retrans Packet:	4631	58.682
Receive Retrans Packet:	4632	58.6837
Receive Retrans Packet:	4633	58.6854
Timeout:	4626	58.6896
Packet Loss:	4626	58.6896
Timeout:	4627	58.6897
Packet Loss:	4627	58.6897
Timeout:	4628	58.6898
Packet Loss:	4628	58.6898
Packet Send:	4636	58.69
Packet Send:	4637	58.6901
Packet Send:	4638	58.6902
Packet Send:	4639	58.6903
Timeout:	4635	58.7163
Packet Loss:	4635	58.7163
Packet Retrans:	4635	58.7164
Timeout:	4630	58.7335
Packet Loss:	4630	58.7335
Packet Send:	4640	58.7337
Packet Send:	4641	58.7338
Packet Send:	4642	58.7339
Packet Send:	4643	58.734
Packet Send:	4644	58.7341
Packet Loss:	4636	58.7639
Packet Loss:	4637	58.7639
Packet Loss:	4638	58.7639
Packet Loss:	4639	58.7639
Packet Loss:	4640	58.7639
Packet Loss:	4641	58.7639
Packet Retrans:	4636	58.7639
Packet Retrans:	4637	58.764
Packet Retrans:	4638	58.7641
Packet Retrans:	4639	58.7642
Packet Retrans:	4640	58.7643
Packet Retrans:	4641	58.7644
Receive Retrans Packet:	4636	58.7907
Timeout:	4635	58.7964
Packet Loss:	4635	58.7964
Packet Send:	4645	58.7966
Packet Send:	4646	58.7967
Timeout:	4643	58.814
Packet Loss:	4643	58.814
Packet Retrans:	4643	58.8141
Timeout:	4644	58.8141
Packet Loss:	4644	58.8141
Packet Retrans:	4644	58.8142
Timeout:	4637	58.844
Packet Loss:	4637	58.844
Timeout:	4638	58.8441
Packet Loss:	4638	58.8441
Timeout:	4639	58.8442
Packet Loss:	4639	58.8442
Timeout:	4640	58.8443
Packet Loss:	4640	58.8443
Timeout:	4641	58.8444
Packet Loss:	4641	58.8444
Packet Send:	4647	58.8446
Packet Send:	4648	58.8447
Packet Send:	4649	58.8448
Packet Send:	4650	58.8449
Packet Send:	4651	58.845
Packet Send:	4652	58.8451
Packet Loss:	4645	58.8714
Packet Loss:	4646	58.8714
Packet Retrans:	4645	58.8714
Packet Retrans:	4646	58.8715
Packet Loss:	4649	58.8765
Packet Retrans:	4649	58.8765
Packet Loss:	4651	58.8799
Packet Retrans:	4651	58.8799
Timeout:	4643	58.8941
Packet Loss:	4643	58.8941
Timeout:	4644	58.8942
Packet Loss:	4644	58.8942
Packet Send:	4653	58.8944
Packet Send:	4654	58.8945
Timeout:	4645	58.9514
Packet Loss:	4645	58.9514
Timeout:	4646	58.9515
Packet Loss:	4646	58.9515
Packet Send:	4655	58.9517
Packet Send:	4656	58.9518
Packet Send:	4657	58.9519
Packet Send:	4658	58.952
Timeout:	4649	58.9565
Packet Loss:	4649	58.9565
Packet Send:	4659	58.9567
Packet Send:	4660	58.9568
Timeout:	4651	58.9599
Packet Loss:	4651	58.9599
Packet Send:	4661	58.9601
Packet Send:	4662	58.9602
Timeout:	4653	58.9744
Packet Loss:	4653	58.9744
Packet Retrans:	4653	58.9745
Timeout:	4654	58.9745
Packet Loss:	4654	58.9745
Packet Retrans:	4654	58.9746
Packet Send:	4663	59.0013
Packet Send:	4664	59.003
Packet Loss:	4655	59.0281
Packet Loss:	4656	59.0281
Packet Loss:	4657	59.0281
Packet Loss:	4658	59.0281
Packet Loss:	4659	59.0281
Packet Loss:	4660	59.0281
Packet Loss:	4661	59.0281
Packet Loss:	4662	59.0281
Packet Retrans:	4655	59.0281
Packet Retrans:	4656	59.0282
Packet Retrans:	4657	59.0283
Packet Retrans:	4658	59.0284
Packet Retrans:	4659	59.0285
Packet Retrans:	4660	59.0286
Packet Retrans:	4661	59.0287
Packet Retrans:	4662	59.0288
Receive Retrans Packet:	4655	59.0549
Packet Send:	4665	59.0549
Receive Retrans Packet:	4658	59.06
Receive Retrans Packet:	4660	59.0634
Packet Loss:	4664	59.0817
Packet Retrans:	4664	59.0817
Timeout:	4656	59.1082
Packet Loss:	4656	59.1082
Timeout:	4657	59.1083
Packet Loss:	4657	59.1083
Packet Send:	4666	59.1085
Timeout:	4659	59.1085
Packet Loss:	4659	59.1085
Packet Send:	4667	59.1087
Timeout:	4661	59.1087
Packet Loss:	4661	59.1087
Timeout:	4662	59.1088
Packet Loss:	4662	59.1088
Packet Send:	4668	59.109
Packet Send:	4669	59.1091
Packet Send:	4670	59.1092
Packet Send:	4671	59.1093
Packet Send:	4672	59.1094
Packet Send:	4673	59.1095
Packet Loss:	4666	59.1421
Packet Loss:	4667	59.1421
Packet Loss:	4668	59.1421
Packet Loss:	4669	59.1421
Packet Retrans:	4666	59.1421
Packet Retrans:	4667	59.1422
Packet Retrans:	4668	59.1423
Packet Retrans:	4669	59.1424
Packet Loss:	4671	59.1454
Packet Retrans:	4671	59.1455
Timeout:	4664	59.1617
Packet Loss:	4664	59.1617
Packet Send:	4674	59.1619
Packet Send:	4675	59.162
Receive Retrans Packet:	4666	59.1689
Packet Send:	4676	59.1689
Timeout:	4673	59.1895
Packet Loss:	4673	59.1895
Packet Retrans:	4673	59.1896
Packet Loss:	4674	59.1957
Packet Loss:	4675	59.1957
Packet Retrans:	4674	59.1957
Packet Retrans:	4675	59.1958
Receive Retrans Packet:	4673	59.2164
Timeout:	4667	59.2222
Packet Loss:	4667	59.2222
Timeout:	4668	59.2223
Packet Loss:	4668	59.2223
Timeout:	4669	59.2224
Packet Loss:	4669	59.2224
Receive Retrans Packet:	4674	59.2225
Packet Send:	4677	59.2226
Packet Send:	4678	59.2227
Packet Send:	4679	59.2228
Packet Send:	4680	59.2229
Receive Retrans Packet:	4675	59.2242
Timeout:	4671	59.2255
Packet Loss:	4671	59.2255
Packet Send:	4681	59.2257
Packet Send:	4682	59.2258
Packet Send:	4683	59.2259
Packet Send:	4684	59.226
Packet Send:	4685	59.2261
Packet Send:	4686	59.2262
Packet Send:	4687	59.2494
Packet Loss:	4678	59.2528
Packet Retrans:	4678	59.2528
Packet Loss:	4680	59.2562
Packet Retrans:	4680	59.2562
Receive Retrans Packet:	4678	59.2796
Packet Send:	4688	59.2796
Packet Send:	4689	59.2797
Timeout:	4683	59.3059
Packet Loss:	4683	59.3059
Packet Retrans:	4683	59.306
Timeout:	4684	59.306
Packet Loss:	4684	59.306
Packet Retrans:	4684	59.3061
Timeout:	4685	59.3061
Packet Loss:	4685	59.3061
Packet Retrans:	4685	59.3062
Timeout:	4686	59.3062
Packet Loss:	4686	59.3062
Packet Retrans:	4686	59.3063
Packet Loss:	4687	59.3064
Packet Retrans:	4687	59.3064
Receive Retrans Packet:	4685	59.3362
Timeout:	4680	59.3362
Packet Loss:	4680	59.3362
Packet Send:	4690	59.3364
Packet Send:	4691	59.3365
Packet Send:	4692	59.3366
Packet Loss:	4690	59.3666
Packet Loss:	4691	59.3666
Packet Retrans:	4690	59.3666
Packet Retrans:	4691	59.3667
Timeout:	4683	59.386
Packet Loss:	4683	59.386
Timeout:	4684	59.3861
Packet Loss:	4684	59.3861
Packet Send:	4693	59.3863
Timeout:	4686	59.3863
Packet Loss:	4686	59.3863
Timeout:	4687	59.3864
Packet Loss:	4687	59.3864
Packet Send:	4694	59.3866
Packet Send:	4695	59.3867
Packet Send:	4696	59.3868
Packet Send:	4697	59.3869
Packet Send:	4698	59.387
Packet Send:	4699	59.3871
Packet Loss:	4693	59.4232
Packet Loss:	4694	59.4232
Packet Loss:	4695	59.4232
Packet Loss:	4696	59.4232
Packet Loss:	4697	59.4232
Packet Loss:	4698	59.4232
Packet Retrans:	4693	59.4233
Packet Retrans:	4694	59.4234
Packet Retrans:	4695	59.4235
Packet Retrans:	4696	59.4236
Packet Retrans:	4697	59.4237
Packet Retrans:	4698	59.4238
Timeout:	4690	59.4466
Packet Loss:	4690	59.4466
Timeout:	4691	59.4467
Packet Loss:	4691	59.4467
Packet Send:	4700	59.4469
Packet Send:	4701	59.447
Packet Send:	4702	59.4471
Receive Retrans Packet:	4697	59.4569
Packet Loss:	4700	59.4771
Packet Loss:	4701	59.4771
Packet Retrans:	4700	59.4771
Packet Retrans:	4701	59.4772
Timeout:	4693	59.5033
Packet Loss:	4693	59.5033
Timeout:	4694	59.5034
Packet Loss:	4694	59.5034
Timeout:	4695	59.5035
Packet Loss:	4695	59.5035
Timeout:	4696	59.5036
Packet Loss:	4696	59.5036
Packet Send:	4703	59.5038
Timeout:	4698	59.5038
Packet Loss:	4698	59.5038
Receive Retrans Packet:	4700	59.5039
Packet Send:	4704	59.504
Packet Send:	4705	59.5041
Packet Send:	4706	59.5042
Packet Send:	4707	59.5043
Packet Send:	4708	59.5044
Packet Send:	4709	59.5045
Packet Send:	4710	59.5046
Packet Loss:	4707	59.5407
Packet Loss:	4708	59.5407
Packet Retrans:	4707	59.5408
Packet Retrans:	4708	59.5409
Timeout:	4701	59.5572
Packet Loss:	4701	59.5572
Packet Send:	4711	59.5574
Packet Send:	4712	59.5575
Packet Send:	4713	59.5576
Packet Send:	4714	59.5577
Packet Send:	4715	59.5578
Packet Send:	4716	59.5579
Packet Loss:	4711	59.5893
Packet Loss:	4712	59.5893
Packet Loss:	4713	59.5893
Packet Retrans:	4711	59.5893
Packet Retrans:	4712	59.5894
Packet Retrans:	4713	59.5895
Timeout:	4707	59.6208
Packet Loss:	4707	59.6208
Timeout:	4708	59.6209
Packet Loss:	4708	59.6209
Packet Send:	4717	59.6211
Packet Send:	4718	59.6212
Packet Send:	4719	59.6213
Packet Send:	4720	59.6214
Timeout:	4715	59.6378
Packet Loss:	4715	59.6378
Packet Retrans:	4715	59.6379
Timeout:	4716	59.6379
Packet Loss:	4716	59.6379
Packet Retrans:	4716	59.638
Packet Loss:	4717	59.653
Packet Loss:	4718	59.653
Packet Loss:	4719	59.653
Packet Retrans:	4717	59.653
Packet Retrans:	4718	59.6531
Packet Retrans:	4719	59.6532
Receive Retrans Packet:	4715	59.6647
Receive Retrans Packet:	4716	59.6664
Timeout:	4711	59.6693
Packet Loss:	4711	59.6693
Timeout:	4712	59.6694
Packet Loss:	4712	59.6694
Timeout:	4713	59.6695
Packet Loss:	4713	59.6695
Packet Send:	4721	59.6697
Packet Send:	4722	59.6698
Packet Send:	4723	59.6699
Packet Send:	4724	59.67
Packet Send:	4725	59.6701
Packet Send:	4726	59.6702
Receive Retrans Packet:	4718	59.6815
Receive Retrans Packet:	4719	59.6832
Packet Loss:	4724	59.7049
Packet Loss:	4725	59.7049
Packet Retrans:	4724	59.705
Packet Retrans:	4725	59.7051
Receive Retrans Packet:	4724	59.7318
Timeout:	4717	59.733
Packet Loss:	4717	59.733
Packet Send:	4727	59.7332
Packet Send:	4728	59.7333
Packet Send:	4729	59.7334
Receive Retrans Packet:	4725	59.7335
Packet Send:	4730	59.7335
Packet Send:	4731	59.7336
Packet Send:	4732	59.7337
Packet Send:	4733	59.7338
Packet Send:	4734	59.7339
Packet Send:	4735	59.734
Packet Send:	4736	59.7341
Packet Loss:	4727	59.7634
Packet Loss:	4728	59.7634
Packet Retrans:	4727	59.7634
Packet Retrans:	4728	59.7635
Packet Loss:	4730	59.7718
Packet Loss:	4731	59.7718
Packet Loss:	4732	59.7718
Packet Loss:	4733	59.7718
Packet Retrans:	4730	59.7719
Packet Retrans:	4731	59.772
Packet Retrans:	4732	59.7721
Packet Retrans:	4733	59.7722
Receive Retrans Packet:	4727	59.7902
Packet Send:	4737	59.7902
Receive Retrans Packet:	4728	59.7919
Packet Send:	4738	59.7919
Packet Send:	4739	59.792
Receive Retrans Packet:	4731	59.8004
Receive Retrans Packet:	4733	59.8038
Timeout:	4736	59.8141
Packet Loss:	4736	59.8141
Packet Retrans:	4736	59.8142
Packet Loss:	4738	59.8204
Packet Retrans:	4738	59.8204
Timeout:	4730	59.8519
Packet Loss:	4730	59.8519
Packet Send:	4740	59.8521
Timeout:	4732	59.8521
Packet Loss:	4732	59.8521
Packet Send:	4741	59.8523
Packet Send:	4742	59.8524
Packet Send:	4743	59.8525
Packet Send:	4744	59.8526
Packet Send:	4745	59.8527
Packet Loss:	4740	59.884
Packet Loss:	4741	59.884
Packet Loss:	4742	59.884
Packet Retrans:	4740	59.884
Packet Retrans:	4741	59.8841
Packet Retrans:	4742	59.8842
Timeout:	4736	59.8942
Packet Loss:	4736	59.8942
Packet Send:	4746	59.8944
Packet Send:	4747	59.8945
Timeout:	4738	59.9004
Packet Loss:	4738	59.9004
Packet Send:	4748	59.9006
Packet Send:	4749	59.9007
Receive Retrans Packet:	4740	59.9108
Packet Send:	4750	59.9108
Receive Retrans Packet:	4741	59.9125
Packet Send:	4751	59.9125
Timeout:	4744	59.9326
Packet Loss:	4744	59.9326
Packet Retrans:	4744	59.9327
Timeout:	4745	59.9327
Packet Loss:	4745	59.9327
Packet Retrans:	4745	59.9328
Packet Loss:	4746	59.9376
Packet Loss:	4747	59.9376
Packet Loss:	4748	59.9376
Packet Loss:	4749	59.9376
Packet Retrans:	4746	59.9376
Packet Retrans:	4747	59.9377
Packet Retrans:	4748	59.9378
Packet Retrans:	4749	59.9379
Receive Retrans Packet:	4745	59.9612
Timeout:	4742	59.9642
Packet Loss:	4742	59.9642
Packet Send:	4752	59.9644
Packet Send:	4753	59.9645
Timeout:	4744	60.0127
Packet Loss:	4744	60.0127
Timeout:	4746	60.0176
Packet Loss:	4746	60.0176
Timeout:	4747	60.0177
Packet Loss:	4747	60.0177
Timeout:	4748	60.0178
Packet Loss:	4748	60.0178
Timeout:	4749	60.0179
Packet Loss:	4749	60.0179
Packet Drop Rate: 71.2873%
Retransmission Success Rate: 28.2461%
