Packet Send:	0	1
Packet Send:	1	1.0001
Packet Send:	2	1.0002
Packet Send:	3	1.0003
Packet Send:	4	1.0004
Packet Send:	5	1.0005
Packet Send:	6	1.0006
Packet Send:	7	1.0007
Packet Send:	8	1.0008
Packet Send:	9	1.0009
Packet Send:	10	1.1087
Packet Send:	11	1.1088
Packet Send:	12	1.121
Packet Send:	13	1.1211
Packet Send:	14	1.1212
Packet Send:	15	1.1213
Packet Send:	16	1.1214
Packet Send:	17	1.1215
Packet Send:	18	1.1216
Packet Send:	19	1.1612
Packet Send:	20	1.1763
Packet Send:	21	1.2298
Packet Send:	22	1.2299
Packet Send:	23	1.23
Packet Send:	24	1.2349
Packet Send:	25	1.235
Packet Send:	26	1.2351
Packet Send:	27	1.2352
Packet Send:	28	1.2353
Packet Send:	29	1.2354
Packet Send:	30	1.3366
Packet Send:	31	1.3403
Packet Send:	32	1.3404
Packet Send:	33	1.3405
Packet Send:	34	1.3406
Packet Send:	35	1.3471
Packet Send:	36	1.3472
Packet Send:	37	1.3473
Packet Send:	38	1.3957
Packet Send:	39	1.3958
Packet Send:	40	1.4541
Packet Send:	41	1.4542
Packet Send:	42	1.4543
Packet Send:	43	1.4545
Packet Send:	44	1.4546
Packet Send:	45	1.4547
Packet Send:	46	1.50279
Packet Send:	47	1.50289
Packet Send:	48	1.50299
Packet Send:	49	1.55609
Packet Send:	50	1.55619
Packet Send:	51	1.55629
Packet Send:	52	1.56789
Packet Send:	53	1.56799
Packet Send:	54	1.56809
Packet Send:	55	1.56819
Packet Send:	56	1.56829
Packet Send:	57	1.66319
Packet Send:	58	1.66329
Packet Send:	59	1.66479
Packet Send:	60	1.66489
Packet Send:	61	1.66499
Packet Send:	62	1.66509
Packet Send:	63	1.66519
Packet Send:	64	1.66529
Packet Send:	65	1.66539
Packet Send:	66	1.72859
Packet Send:	67	1.82349
Packet Send:	68	1.82359
Packet Send:	69	1.82519
Packet Send:	70	1.82559
Packet Send:	71	1.82569
Packet Send:	72	1.82579
Packet Send:	73	1.82589
Packet Send:	74	1.82599
Packet Send:	75	1.82609
Packet Send:	76	1.83549
Packet Send:	77	1.85029
Packet Send:	78	1.93749
Packet Send:	79	1.93759
Packet Send:	80	1.93769
Packet Send:	81	1.93779
Packet Send:	82	1.95749
Packet Send:	83	1.95759
Packet Send:	84	1.95769
Packet Send:	85	1.95779
Packet Send:	86	1.95789
Packet Send:	87	1.95799
Packet Send:	88	2.06989
Packet Send:	89	2.07009
Packet Send:	90	2.07019
Packet Send:	91	2.07029
Packet Send:	92	2.07039
Packet Send:	93	2.07049
Packet Send:	94	2.07059
Packet Send:	95	2.07069
Packet Send:	96	2.11829
Packet Send:	97	2.11839
Packet Send:	98	2.17859
Packet Send:	99	2.17869
Packet Send:	100	2.17879
Packet Send:	101	2.17889
Packet Send:	102	2.17899
Packet Send:	103	2.23079
Packet Send:	104	2.23089
Packet Send:	105	2.23099
Packet Send:	106	2.23109
Packet Send:	107	2.23119
Packet Send:	108	2.23129
Packet Send:	109	2.28559
Packet Send:	110	2.28729
Packet Send:	111	2.28899
Packet Send:	112	2.29069
Packet Send:	113	2.33949
Packet Send:	114	2.33959
Packet Send:	115	2.33969
Packet Send:	116	2.33979
Packet Send:	117	2.39159
Packet Send:	118	2.39169
Packet Send:	119	2.39429
Packet Send:	120	2.39439
Packet Send:	121	2.39479
Packet Send:	122	2.44829
Packet Send:	123	2.44839
Packet Send:	124	2.44849
Packet Send:	125	2.50008
Packet Send:	126	2.50018
Packet Send:	127	2.50198
Packet Send:	128	2.50208
Packet Send:	129	2.50218
Packet Send:	130	2.50228
Packet Send:	131	2.55508
Packet Send:	132	2.60718
Packet Send:	133	2.60728
Packet Send:	134	2.60738
Packet Send:	135	2.60748
Packet Send:	136	2.60758
Packet Send:	137	2.66258
Packet Send:	138	2.66268
Packet Send:	139	2.66278
Packet Send:	140	2.66288
Packet Send:	141	2.66298
Packet Send:	142	2.71588
Packet Send:	143	2.71598
Packet Send:	144	2.71608
Packet Send:	145	2.71618
Packet Send:	146	2.76788
Packet Send:	147	2.77128
Packet Send:	148	2.77138
Packet Send:	149	2.77148
Packet Send:	150	2.82328
Packet Send:	151	2.82338
Packet Send:	152	2.82348
Packet Send:	153	2.82358
Packet Send:	154	2.82368
Packet Send:	155	2.82378
Packet Send:	156	2.87828
Packet Send:	157	2.87838
Packet Send:	158	2.87848
Packet Send:	159	2.87858
Packet Send:	160	2.93198
Packet Send:	161	2.93208
Packet Send:	162	2.98398
Packet Send:	163	2.98408
Packet Send:	164	2.98418
Packet Send:	165	2.98428
Packet Send:	166	2.98438
Packet Send:	167	2.98448
Packet Send:	168	2.99038
Packet Send:	169	2.99048
Packet Send:	170	3.09238
Packet Send:	171	3.09248
Packet Send:	172	3.09448
Packet Send:	173	3.09458
Packet Send:	174	3.09468
Packet Send:	175	3.10308
Packet Send:	176	3.10318
Packet Send:	177	3.10328
Packet Send:	178	3.10338
Packet Send:	179	3.10348
Packet Send:	180	3.20108
Packet Send:	181	3.20118
Packet Send:	182	3.20128
Packet Send:	183	3.20618
Packet Send:	184	3.20628
Packet Send:	185	3.20638
Packet Send:	186	3.21348
Packet Send:	187	3.21358
Packet Send:	188	3.26378
Packet Send:	189	3.26388
Packet Send:	190	3.36158
Packet Send:	191	3.36168
Packet Send:	192	3.36178
Packet Send:	193	3.36668
Packet Send:	194	3.36678
Packet Send:	195	3.36688
Packet Send:	196	3.36698
Packet Send:	197	3.37388
Packet Send:	198	3.37398
Packet Send:	199	3.37408
Packet Send:	200	3.47028
Packet Send:	201	3.47038
Packet Send:	202	3.47048
Packet Send:	203	3.47058
Packet Send:	204	3.47068
Packet Send:	205	3.47078
Packet Send:	206	3.48088
Packet Send:	207	3.48098
Packet Send:	208	3.48428
Packet Send:	209	3.48438
Packet Send:	210	3.57897
Packet Send:	211	3.57907
Packet Send:	212	3.59127
Packet Send:	213	3.59147
Packet Send:	214	3.59177
Packet Send:	215	3.59187
Packet Send:	216	3.59197
Packet Send:	217	3.59207
Packet Send:	218	3.59217
Packet Send:	219	3.59227
Packet Send:	220	3.64487
Packet Send:	221	3.69837
Packet Send:	222	3.69847
Packet Send:	223	3.70517
Packet Send:	224	3.70527
Packet Send:	225	3.70537
Packet Send:	226	3.70547
Packet Send:	227	3.70557
Packet Send:	228	3.75257
Packet Send:	229	3.75267
Packet Send:	230	3.80517
Packet Send:	231	3.80527
Packet Send:	232	3.81217
Packet Send:	233	3.81227
Packet Send:	234	3.81237
Packet Send:	235	3.81907
Packet Send:	236	3.81917
Packet Send:	237	3.81927
Packet Send:	238	3.86127
Packet Send:	239	3.86137
Packet Send:	240	3.86147
Packet Send:	241	3.86157
Packet Send:	242	3.92087
Packet Send:	243	3.92097
Packet Send:	244	3.92107
Packet Send:	245	3.92117
Packet Send:	246	3.92127
Packet Send:	247	3.96847
Packet Send:	248	3.96857
Packet Send:	249	3.96867
Packet Send:	250	4.02177
Packet Send:	251	4.02187
Packet Send:	252	4.08157
Packet Send:	253	4.08167
Packet Send:	254	4.08177
Packet Send:	255	4.08187
Packet Send:	256	4.08197
Packet Send:	257	4.12897
Packet Send:	258	4.12907
Packet Send:	259	4.12917
Packet Send:	260	4.16357
Packet Send:	261	4.16367
Packet Send:	262	4.24207
Packet Send:	263	4.24217
Packet Send:	264	4.24227
Packet Send:	265	4.24237
Packet Send:	266	4.24247
Packet Send:	267	4.28947
Packet Send:	268	4.28957
Packet Send:	269	4.28967
Packet Send:	270	4.32397
Packet Send:	271	4.32407
Packet Send:	272	4.40277
Packet Send:	273	4.40287
Packet Send:	274	4.40297
Packet Send:	275	4.40307
Packet Send:	276	4.40317
Packet Send:	277	4.44997
Packet Send:	278	4.45007
Packet Send:	279	4.45017
Packet Send:	280	4.48437
Packet Send:	281	4.48447
Packet Send:	282	4.56346
Packet Send:	283	4.56356
Packet Send:	284	4.56366
Packet Send:	285	4.56376
Packet Send:	286	4.56386
Packet Send:	287	4.61046
Packet Send:	288	4.61056
Packet Send:	289	4.61066
Packet Send:	290	4.64476
Packet Send:	291	4.64486
Packet Send:	292	4.72416
Packet Send:	293	4.72426
Packet Send:	294	4.72436
Packet Send:	295	4.72446
Packet Send:	296	4.72456
Packet Send:	297	4.77096
Packet Send:	298	4.77106
Packet Send:	299	4.77116
Packet Send:	300	4.80476
Packet Send:	301	4.80516
Packet Send:	302	4.81266
Packet Send:	303	4.81436
Packet Send:	304	4.88486
Packet Send:	305	4.88496
Packet Send:	306	4.88506
Packet Send:	307	4.88516
Packet Send:	308	4.92166
Packet Send:	309	4.92176
Packet Send:	310	4.92186
Packet Send:	311	4.92196
Packet Send:	312	4.97296
Packet Send:	313	4.97466
Packet Send:	314	4.97476
Packet Send:	315	4.97486
Packet Send:	316	4.97496
Packet Send:	317	5.02866
Packet Send:	318	5.02876
Packet Send:	319	5.02886
Packet Send:	320	5.02896
Packet Send:	321	5.02906
Packet Send:	322	5.13326
Packet Send:	323	5.13526
Packet Send:	324	5.13536
Packet Send:	325	5.13546
Packet Send:	326	5.13556
Packet Send:	327	5.14096
Packet Send:	328	5.14106
Packet Send:	329	5.14116
Packet Send:	330	5.14126
Packet Send:	331	5.18936
Packet Send:	332	5.18946
Packet Send:	333	5.18956
Packet Send:	334	5.18966
Packet Send:	335	5.18976
Packet Send:	336	5.25266
Packet Send:	337	5.25276
Packet Send:	338	5.25286
Packet Send:	339	5.25296
Packet Send:	340	5.29806
Packet Send:	341	5.29816
Packet Send:	342	5.29826
Packet Send:	343	5.29836
Packet Send:	344	5.35006
Packet Send:	345	5.35016
Packet Send:	346	5.36486
Packet Send:	347	5.36496
Packet Send:	348	5.36506
Packet Send:	349	5.36516
Packet Send:	350	5.36526
Packet Send:	351	5.41016
Packet Send:	352	5.41026
Packet Send:	353	5.41036
Packet Send:	354	5.45876
Packet Send:	355	5.45886
Packet Send:	356	5.45896
Packet Send:	357	5.45906
Packet Send:	358	5.52055
Packet Send:	359	5.52095
Packet Send:	360	5.52105
Packet Send:	361	5.52115
Packet Send:	362	5.52125
Packet Send:	363	5.52135
Packet Send:	364	5.56745
Packet Send:	365	5.56755
Packet Send:	366	5.57085
Packet Send:	367	5.57095
Packet Send:	368	5.57585
Packet Send:	369	5.57595
Packet Send:	370	5.57605
Packet Send:	371	5.63435
Packet Send:	372	5.63445
Packet Send:	373	5.67785
Packet Send:	374	5.67805
Packet Send:	375	5.67815
Packet Send:	376	5.67825
Packet Send:	377	5.68285
Packet Send:	378	5.68295
Packet Send:	379	5.68305
Packet Send:	380	5.68315
Packet Send:	381	5.74305
Packet Send:	382	5.74315
Packet Send:	383	5.74325
Packet Send:	384	5.79165
Packet Send:	385	5.79185
Packet Send:	386	5.79195
Packet Send:	387	5.79205
Packet Send:	388	5.79505
Packet Send:	389	5.79515
Packet Send:	390	5.79525
Packet Send:	391	5.79535
Packet Send:	392	5.79545
Packet Send:	393	5.79555
Packet Send:	394	5.90035
Packet Send:	395	5.90045
Packet Send:	396	5.90055
Packet Send:	397	5.90065
Packet Send:	398	5.90075
Packet Send:	399	5.90895
Packet Send:	400	5.90905
Packet Send:	401	5.90915
Packet Send:	402	5.91395
Packet Send:	403	5.91405
Packet Send:	404	6.00725
Packet Send:	405	6.06075
Packet Send:	406	6.06105
Packet Send:	407	6.06115
Packet Send:	408	6.06125
Packet Send:	409	6.06925
Packet Send:	410	6.06935
Packet Send:	411	6.06945
Packet Send:	412	6.06955
Packet Send:	413	6.07435
Packet Send:	414	6.07445
Packet Send:	415	6.08755
Packet Send:	416	6.17285
Packet Send:	417	6.17295
Packet Send:	418	6.17305
Packet Send:	419	6.17615
Packet Send:	420	6.17785
Packet Send:	421	6.22985
Packet Send:	422	6.22995
Packet Send:	423	6.23465
Packet Send:	424	6.23475
Packet Send:	425	6.24785
Packet Send:	426	6.24795
Packet Send:	427	6.28685
Packet Send:	428	6.28695
Packet Send:	429	6.28705
Packet Send:	430	6.28715
Packet Send:	431	6.28725
Packet Send:	432	6.28735
Packet Send:	433	6.34335
Packet Send:	434	6.34345
Packet Send:	435	6.34355
Packet Send:	436	6.34365
Packet Send:	437	6.34375
Packet Send:	438	6.34385
Packet Send:	439	6.34395
Packet Send:	440	6.34405
Packet Send:	441	6.34415
Packet Send:	442	6.34425
Packet Send:	443	6.40205
Packet Send:	444	6.45565
Packet Send:	445	6.45575
Packet Send:	446	6.45585
Packet Send:	447	6.45595
Packet Send:	448	6.45605
Packet Send:	449	6.45615
Packet Send:	450	6.50434
Packet Send:	451	6.50444
Packet Send:	452	6.50454
Packet Send:	453	6.50894
Packet Send:	454	6.51434
Packet Send:	455	6.51604
Packet Send:	456	6.51774
Packet Send:	457	6.51784
Packet Send:	458	6.57114
Packet Send:	459	6.57124
Packet Send:	460	6.57134
Packet Send:	461	6.57144
Packet Send:	462	6.61664
Packet Send:	463	6.61674
Packet Send:	464	6.61684
Packet Send:	465	6.61694
Packet Send:	466	6.67804
Packet Send:	467	6.67814
Packet Send:	468	6.67824
Packet Send:	469	6.67834
Packet Send:	470	6.72364
Packet Send:	471	6.72374
Packet Send:	472	6.72384
Packet Send:	473	6.72704
Packet Send:	474	6.72714
Packet Send:	475	6.72724
Packet Send:	476	6.72734
Packet Send:	477	6.72744
Packet Send:	478	6.72754
Packet Send:	479	6.72764
Packet Send:	480	6.75044
Packet Send:	481	6.79254
Packet Send:	482	6.84614
Packet Send:	483	6.84624
Packet Send:	484	6.84634
Packet Send:	485	6.84664
Packet Send:	486	6.84674
Packet Send:	487	6.84684
Packet Send:	488	6.84694
Packet Send:	489	6.84704
Packet Send:	490	6.85734
Packet Send:	491	6.95284
Packet Send:	492	6.95294
Packet Send:	493	6.95304
Packet Send:	494	6.95824
Packet Send:	495	6.95834
Packet Send:	496	6.96164
Packet Send:	497	6.96174
Packet Send:	498	6.96684
Packet Send:	499	6.96694
Packet Send:	500	6.96704
Packet Send:	501	7.06154
Packet Send:	502	7.06164
Packet Send:	503	7.06704
Packet Send:	504	7.06714
Packet Send:	505	7.06724
Packet Send:	506	7.07394
Packet Send:	507	7.07404
Packet Send:	508	7.07414
Packet Send:	509	7.12734
Packet Send:	510	7.12744
Packet Send:	511	7.17764
Packet Send:	512	7.17774
Packet Send:	513	7.17784
Packet Send:	514	7.17794
Packet Send:	515	7.17804
Packet Send:	516	7.18444
Packet Send:	517	7.18454
Packet Send:	518	7.18464
Packet Send:	519	7.28774
Packet Send:	520	7.28784
Packet Send:	521	7.28804
Packet Send:	522	7.28814
Packet Send:	523	7.28824
Packet Send:	524	7.28834
Packet Send:	525	7.33834
Packet Send:	526	7.33844
Packet Send:	527	7.34484
Packet Send:	528	7.34494
Packet Send:	529	7.34504
Packet Send:	530	7.34514
Packet Send:	531	7.34524
Packet Send:	532	7.44864
Packet Send:	533	7.44874
Packet Send:	534	7.44884
Packet Send:	535	7.49874
Packet Send:	536	7.49884
Packet Send:	537	7.49894
Packet Send:	538	7.50533
Packet Send:	539	7.50543
Packet Send:	540	7.50553
Packet Send:	541	7.50563
Packet Send:	542	7.60913
Packet Send:	543	7.60923
Packet Send:	544	7.60933
Packet Send:	545	7.65923
Packet Send:	546	7.65933
Packet Send:	547	7.65943
Packet Send:	548	7.66593
Packet Send:	549	7.66603
Packet Send:	550	7.66613
Packet Send:	551	7.66623
Packet Send:	552	7.76963
Packet Send:	553	7.76973
Packet Send:	554	7.76983
Packet Send:	555	7.81973
Packet Send:	556	7.81983
Packet Send:	557	7.81993
Packet Send:	558	7.82653
Packet Send:	559	7.82663
Packet Send:	560	7.82673
Packet Send:	561	7.82683
Packet Send:	562	7.93013
Packet Send:	563	7.93023
Packet Send:	564	7.93033
Packet Send:	565	7.98023
Packet Send:	566	7.98033
Packet Send:	567	7.98043
Packet Send:	568	7.98713
Packet Send:	569	7.98723
Packet Send:	570	7.98733
Packet Send:	571	7.98743
Packet Send:	572	8.09063
Packet Send:	573	8.09073
Packet Send:	574	8.09083
Packet Send:	575	8.14063
Packet Send:	576	8.14073
Packet Send:	577	8.14083
Packet Send:	578	8.14763
Packet Send:	579	8.14773
Packet Send:	580	8.14783
Packet Send:	581	8.14793
Packet Send:	582	8.24763
Packet Send:	583	8.24783
Packet Send:	584	8.24793
Packet Send:	585	8.24803
Packet Send:	586	8.24813
Packet Send:	587	8.24823
Packet Send:	588	8.24833
Packet Send:	589	8.25803
Packet Send:	590	8.25813
Packet Send:	591	8.30823
Packet Send:	592	8.36313
Packet Send:	593	8.36333
Packet Send:	594	8.36353
Packet Send:	595	8.36363
Packet Send:	596	8.36373
Packet Send:	597	8.36383
Packet Send:	598	8.36393
Packet Send:	599	8.36403
Packet Send:	600	8.36503
Packet Send:	601	8.46853
Packet Send:	602	8.46863
Packet Send:	603	8.46873
Packet Send:	604	8.47893
Packet Send:	605	8.47903
Packet Send:	606	8.47913
Packet Send:	607	8.47923
Packet Send:	608	8.48203
Packet Send:	609	8.48213
Packet Send:	610	8.52532
Packet Send:	611	8.54102
Packet Send:	612	8.54272
Packet Send:	613	8.54442
Packet Send:	614	8.59482
Packet Send:	615	8.59512
Packet Send:	616	8.59522
Packet Send:	617	8.59532
Packet Send:	618	8.59542
Packet Send:	619	8.59552
Packet Send:	620	8.59562
Packet Send:	621	8.59572
Packet Send:	622	8.59582
Packet Send:	623	8.70472
Packet Send:	624	8.70702
Packet Send:	625	8.70712
Packet Send:	626	8.70722
Packet Send:	627	8.70732
Packet Send:	628	8.70742
Packet Send:	629	8.71212
Packet Send:	630	8.71222
Packet Send:	631	8.71232
Packet Send:	632	8.75612
Packet Send:	633	8.76232
Packet Send:	634	8.81582
Packet Send:	635	8.81592
Packet Send:	636	8.81602
Packet Send:	637	8.81612
Packet Send:	638	8.81622
Packet Send:	639	8.82592
Packet Send:	640	8.82602
Packet Send:	641	8.82612
Packet Send:	642	8.82622
Packet Send:	643	8.92262
Packet Send:	644	8.92272
Packet Send:	645	8.92282
Packet Send:	646	8.92292
Packet Send:	647	8.92302
Packet Send:	648	8.93482
Packet Send:	649	8.93492
Packet Send:	650	8.93502
Packet Send:	651	8.93512
Packet Send:	652	8.98652
Packet Send:	653	9.03312
Packet Send:	654	9.03322
Packet Send:	655	9.03332
Packet Send:	656	9.03342
Packet Send:	657	9.08332
Packet Send:	658	9.09532
Packet Send:	659	9.09542
Packet Send:	660	9.09552
Packet Send:	661	9.09562
Packet Send:	662	9.09572
Packet Send:	663	9.14192
Packet Send:	664	9.14202
Packet Send:	665	9.14212
Packet Send:	666	9.14222
Packet Send:	667	9.14232
Packet Send:	668	9.15232
Packet Send:	669	9.15402
Packet Send:	670	9.15412
Packet Send:	671	9.20912
Packet Send:	672	9.20922
Packet Send:	673	9.20932
Packet Send:	674	9.20942
Packet Send:	675	9.20952
Packet Send:	676	9.20962
Packet Send:	677	9.30262
Packet Send:	678	9.31262
Packet Send:	679	9.31442
Packet Send:	680	9.31452
Packet Send:	681	9.31462
Packet Send:	682	9.31612
Packet Send:	683	9.36962
Packet Send:	684	9.36992
Packet Send:	685	9.37002
Packet Send:	686	9.37012
Packet Send:	687	9.37022
Packet Send:	688	9.37142
Packet Send:	689	9.37312
Packet Send:	690	9.37482
Packet Send:	691	9.37492
Packet Send:	692	9.37502
Packet Send:	693	9.39642
Packet Send:	694	9.39812
Packet Send:	695	9.42832
Packet Send:	696	9.42842
Packet Send:	697	9.42852
Packet Send:	698	9.43512
Packet Send:	699	9.43682
Packet Send:	700	9.43692
Packet Send:	701	9.43702
Packet Send:	702	9.43712
Packet Send:	703	9.50511
Packet Send:	704	9.50521
Packet Send:	705	9.50531
Packet Send:	706	9.50541
Packet Send:	707	9.50551
Packet Send:	708	9.54381
Packet Send:	709	9.54391
Packet Send:	710	9.59741
Packet Send:	711	9.59751
Packet Send:	712	9.59761
Packet Send:	713	9.61561
Packet Send:	714	9.61571
Packet Send:	715	9.61581
Packet Send:	716	9.66581
Packet Send:	717	9.66591
Packet Send:	718	9.70411
Packet Send:	719	9.70421
Packet Send:	720	9.75781
Packet Send:	721	9.75791
Packet Send:	722	9.75801
Packet Send:	723	9.75811
Packet Send:	724	9.75821
Packet Send:	725	9.75831
Packet Send:	726	9.81301
Packet Send:	727	9.81311
Packet Send:	728	9.81321
Packet Send:	729	9.81331
Packet Send:	730	9.81341
Packet Send:	731	9.87171
Packet Send:	732	9.87181
Packet Send:	733	9.87191
Packet Send:	734	9.87201
Packet Send:	735	9.87211
Packet Send:	736	9.92691
Packet Send:	737	9.92711
Packet Send:	738	9.92721
Packet Send:	739	9.92731
Packet Send:	740	9.92741
Packet Send:	741	9.98221
Packet Send:	742	9.98231
Packet Send:	743	9.98241
Packet Send:	744	10.0323
Packet Send:	745	10.0324
Packet Send:	746	10.0325
Packet Send:	747	10.0326
Packet Send:	748	10.0327
Packet Send:	749	10.0342
Packet Send:	750	10.0359
Packet Send:	751	10.0909
Packet Send:	752	10.091
Packet Send:	753	10.0911
Packet Send:	754	10.0912
Packet Send:	755	10.1446
Packet Send:	756	10.1447
Packet Send:	757	10.1448
Packet Send:	758	10.1478
Packet Send:	759	10.1479
Packet Send:	760	10.1962
Packet Send:	761	10.1963
Packet Send:	762	10.2014
Packet Send:	763	10.2015
Packet Send:	764	10.2515
Packet Send:	765	10.2551
Packet Send:	766	10.2552
Packet Send:	767	10.2553
Packet Send:	768	10.2554
Packet Send:	769	10.2555
Packet Send:	770	10.2556
Packet Send:	771	10.2557
Packet Send:	772	10.2558
Packet Send:	773	10.3051
Packet Send:	774	10.3052
Packet Send:	775	10.369
Packet Send:	776	10.3691
Packet Send:	777	10.3692
Packet Send:	778	10.3693
Packet Send:	779	10.3694
Packet Send:	780	10.4122
Packet Send:	781	10.4123
Packet Send:	782	10.4124
Packet Send:	783	10.4125
Packet Send:	784	10.4126
Packet Send:	785	10.4794
Packet Send:	786	10.4795
Packet Send:	787	10.4796
Packet Send:	788	10.4797
Packet Send:	789	10.5261
Packet Send:	790	10.5262
Packet Send:	791	10.5264
Packet Send:	792	10.5265
Packet Send:	793	10.5266
Packet Send:	794	10.5267
Packet Send:	795	10.6368
Packet Send:	796	10.637
Packet Send:	797	10.6371
Packet Send:	798	10.6372
Packet Send:	799	10.6373
Packet Send:	800	10.6374
Packet Send:	801	10.6375
Packet Send:	802	10.6376
Packet Send:	803	10.6377
Packet Send:	804	10.6378
Packet Send:	805	10.7877
Packet Send:	806	10.7878
Packet Send:	807	10.7879
Packet Send:	808	10.7928
Packet Send:	809	10.7929
Packet Send:	810	10.7978
Packet Send:	811	10.798
Packet Send:	812	10.7981
Packet Send:	813	10.7982
Packet Send:	814	10.7983
Packet Send:	815	10.9482
Packet Send:	816	10.9483
Packet Send:	817	10.9484
Packet Send:	818	10.9532
Packet Send:	819	10.9533
Packet Send:	820	10.9581
Packet Send:	821	10.9586
Packet Send:	822	10.9587
Packet Send:	823	10.9588
Packet Send:	824	10.9589
Packet Send:	825	11.1087
Packet Send:	826	11.1088
Packet Send:	827	11.1089
Packet Send:	828	11.1136
Packet Send:	829	11.1137
Packet Send:	830	11.1184
Packet Send:	831	11.1192
Packet Send:	832	11.1193
Packet Send:	833	11.1194
Packet Send:	834	11.1195
Packet Send:	835	11.2692
Packet Send:	836	11.2693
Packet Send:	837	11.2694
Packet Send:	838	11.274
Packet Send:	839	11.2741
Packet Send:	840	11.2787
Packet Send:	841	11.2798
Packet Send:	842	11.2799
Packet Send:	843	11.28
Packet Send:	844	11.2801
Packet Send:	845	11.4295
Packet Send:	846	11.4296
Packet Send:	847	11.4297
Packet Send:	848	11.4298
Packet Send:	849	11.4344
Packet Send:	850	11.439
Packet Send:	851	11.4391
Packet Send:	852	11.4392
Packet Send:	853	11.4393
Packet Send:	854	11.4394
Packet Send:	855	11.5478
Packet Send:	856	11.548
Packet Send:	857	11.5482
Packet Send:	858	11.5483
Packet Send:	859	11.5484
Packet Send:	860	11.5485
Packet Send:	861	11.5486
Packet Send:	862	11.5487
Packet Send:	863	11.5488
Packet Send:	864	11.5489
Packet Send:	865	11.6082
Packet Send:	866	11.6619
Packet Send:	867	11.662
Packet Send:	868	11.6621
Packet Send:	869	11.6622
Packet Send:	870	11.6668
Packet Send:	871	11.6669
Packet Send:	872	11.667
Packet Send:	873	11.6671
Packet Send:	874	11.7092
Packet Send:	875	11.7151
Packet Send:	876	11.7172
Packet Send:	877	11.7173
Packet Send:	878	11.7174
Packet Send:	879	11.7257
Packet Send:	880	11.7274
Packet Send:	881	11.7793
Packet Send:	882	11.7794
Packet Send:	883	11.8162
Packet Send:	884	11.8163
Packet Send:	885	11.8242
Packet Send:	886	11.8243
Packet Send:	887	11.8244
Packet Send:	888	11.8245
Packet Send:	889	11.8246
Packet Send:	890	11.8863
Packet Send:	891	11.8864
Packet Send:	892	11.8865
Packet Send:	893	11.9231
Packet Send:	894	11.9766
Packet Send:	895	11.9849
Packet Send:	896	11.985
Packet Send:	897	11.9851
Packet Send:	898	11.9852
Packet Send:	899	11.9853
Packet Send:	900	12.0468
Packet Send:	901	12.0469
Packet Send:	902	12.047
Packet Send:	903	12.0834
Packet Send:	904	12.1369
Packet Send:	905	12.137
Packet Send:	906	12.1456
Packet Send:	907	12.1457
Packet Send:	908	12.1458
Packet Send:	909	12.1459
Packet Send:	910	12.146
Packet Send:	911	12.1461
Packet Send:	912	12.1462
Packet Send:	913	12.1903
Packet Send:	914	12.1904
Packet Send:	915	12.1905
Packet Send:	916	12.263
Packet Send:	917	12.2631
Packet Send:	918	12.2633
Packet Send:	919	12.2634
Packet Send:	920	12.2635
Packet Send:	921	12.2636
Packet Send:	922	12.2637
Packet Send:	923	12.3015
Packet Send:	924	12.3016
Packet Send:	925	12.3508
Packet Send:	926	12.3509
Packet Send:	927	12.351
Packet Send:	928	12.3511
Packet Send:	929	12.3512
Packet Send:	930	12.3513
Packet Send:	931	12.3803
Packet Send:	932	12.3804
Packet Send:	933	12.4619
Packet Send:	934	12.462
Packet Send:	935	12.4621
Packet Send:	936	12.4622
Packet Send:	937	12.4631
Packet Send:	938	12.4632
Packet Send:	939	12.4633
Packet Send:	940	12.4634
Packet Send:	941	12.5407
Packet Send:	942	12.5408
Packet Send:	943	12.5812
Packet Send:	944	12.5813
Packet Send:	945	12.5814
Packet Send:	946	12.5815
Packet Send:	947	12.5816
Packet Send:	948	12.5817
Packet Send:	949	12.5818
Packet Send:	950	12.6237
Packet Send:	951	12.6238
Packet Send:	952	12.6239
Packet Send:	953	12.6917
Packet Send:	954	12.6918
Packet Send:	955	12.6919
Packet Send:	956	12.6968
Packet Send:	957	12.6969
Packet Send:	958	12.697
Packet Send:	959	12.6971
Packet Send:	960	12.7342
Packet Send:	961	12.7343
Packet Send:	962	12.7344
Packet Send:	963	12.8073
Packet Send:	964	12.8074
Packet Send:	965	12.8076
Packet Send:	966	12.8077
Packet Send:	967	12.8078
Packet Send:	968	12.8079
Packet Send:	969	12.808
Packet Send:	970	12.846
Packet Send:	971	12.8477
Packet Send:	972	12.8494
Packet Send:	973	12.8643
Packet Send:	974	12.866
Packet Send:	975	12.8661
Packet Send:	976	12.9247
Packet Send:	977	12.9248
Packet Send:	978	12.9249
Packet Send:	979	12.925
Packet Send:	980	12.9251
Packet Send:	981	12.9252
Packet Send:	982	12.9253
Packet Send:	983	12.973
Packet Send:	984	12.9731
Packet Send:	985	12.9732
Packet Send:	986	13.0351
Packet Send:	987	13.0352
Packet Send:	988	13.0353
Packet Send:	989	13.0354
Packet Send:	990	13.0355
Packet Send:	991	13.0356
Packet Send:	992	13.0357
Packet Send:	993	13.0358
Packet Send:	994	13.0359
Packet Send:	995	13.036
Packet Send:	996	13.1523
Packet Send:	997	13.1527
Packet Send:	998	13.1528
Packet Send:	999	13.1529
Packet Send:	1000	13.153
Packet Send:	1001	13.1531
Packet Send:	1002	13.1532
Packet Send:	1003	13.1557
Packet Send:	1004	13.1558
Packet Send:	1005	13.1963
Packet Send:	1006	13.261
Packet Send:	1007	13.2611
Packet Send:	1008	13.2612
Packet Send:	1009	13.2734
Packet Send:	1010	13.2735
Packet Send:	1011	13.2736
Packet Send:	1012	13.2737
Packet Send:	1013	13.2738
Packet Send:	1014	13.2739
Packet Send:	1015	13.274
Packet Send:	1016	13.3697
Packet Send:	1017	13.3698
Packet Send:	1018	13.4215
Packet Send:	1019	13.4338
Packet Send:	1020	13.4342
Packet Send:	1021	13.4343
Packet Send:	1022	13.4344
Packet Send:	1023	13.4345
Packet Send:	1024	13.4346
Packet Send:	1025	13.4347
Packet Send:	1026	13.4766
Packet Send:	1027	13.5301
Packet Send:	1028	13.5426
Packet Send:	1029	13.5427
Packet Send:	1030	13.5428
Packet Send:	1031	13.5429
Packet Send:	1032	13.5477
Packet Send:	1033	13.5478
Packet Send:	1034	13.5479
Packet Send:	1035	13.548
Packet Send:	1036	13.5481
Packet Send:	1037	13.5569
Packet Send:	1038	13.5694
Packet Send:	1039	13.6566
Packet Send:	1040	13.6567
Packet Send:	1041	13.6568
Packet Send:	1042	13.6569
Packet Send:	1043	13.657
Packet Send:	1044	13.6651
Packet Send:	1045	13.6652
Packet Send:	1046	13.6653
Packet Send:	1047	13.6654
Packet Send:	1048	13.6763
Packet Send:	1049	13.7119
Packet Send:	1050	13.712
Packet Send:	1051	13.7153
Packet Send:	1052	13.7154
Packet Send:	1053	13.7204
Packet Send:	1054	13.7739
Packet Send:	1055	13.774
Packet Send:	1056	13.7834
Packet Send:	1057	13.7835
Packet Send:	1058	13.7836
Packet Send:	1059	13.7837
Packet Send:	1060	13.8224
Packet Send:	1061	13.8225
Packet Send:	1062	13.8757
Packet Send:	1063	13.8758
Packet Send:	1064	13.8759
Packet Send:	1065	13.876
Packet Send:	1066	13.8761
Packet Send:	1067	13.8762
Packet Send:	1068	13.8763
Packet Send:	1069	13.8764
Packet Send:	1070	13.8765
Packet Send:	1071	13.9828
Packet Send:	1072	13.9829
Packet Send:	1073	13.9879
Packet Send:	1074	13.988
Packet Send:	1075	13.9881
Packet Send:	1076	14.0368
Packet Send:	1077	14.0369
Packet Send:	1078	14.037
Packet Send:	1079	14.0371
Packet Send:	1080	14.0372
Packet Send:	1081	14.1432
Packet Send:	1082	14.1433
Packet Send:	1083	14.1483
Packet Send:	1084	14.1484
Packet Send:	1085	14.1485
Packet Send:	1086	14.1975
Packet Send:	1087	14.1976
Packet Send:	1088	14.1977
Packet Send:	1089	14.1978
Packet Send:	1090	14.1979
Packet Send:	1091	14.3036
Packet Send:	1092	14.3037
Packet Send:	1093	14.3088
Packet Send:	1094	14.3089
Packet Send:	1095	14.309
Packet Send:	1096	14.3582
Packet Send:	1097	14.3583
Packet Send:	1098	14.3584
Packet Send:	1099	14.3585
Packet Send:	1100	14.3586
Packet Send:	1101	14.464
Packet Send:	1102	14.4641
Packet Send:	1103	14.4693
Packet Send:	1104	14.4694
Packet Send:	1105	14.4695
Packet Send:	1106	14.5189
Packet Send:	1107	14.519
Packet Send:	1108	14.5191
Packet Send:	1109	14.5192
Packet Send:	1110	14.5193
Packet Send:	1111	14.6244
Packet Send:	1112	14.6245
Packet Send:	1113	14.6298
Packet Send:	1114	14.6299
Packet Send:	1115	14.63
Packet Send:	1116	14.6796
Packet Send:	1117	14.6797
Packet Send:	1118	14.6798
Packet Send:	1119	14.6799
Packet Send:	1120	14.68
Packet Send:	1121	14.7126
Packet Send:	1122	14.7848
Packet Send:	1123	14.7849
Packet Send:	1124	14.785
Packet Send:	1125	14.7851
Packet Send:	1126	14.803
Packet Send:	1127	14.8031
Packet Send:	1128	14.8032
Packet Send:	1129	14.8033
Packet Send:	1130	14.8034
Packet Send:	1131	14.8195
Packet Send:	1132	14.9151
Packet Send:	1133	14.9156
Packet Send:	1134	14.9157
Packet Send:	1135	14.9158
Packet Send:	1136	14.9159
Packet Send:	1137	14.916
Packet Send:	1138	14.9161
Packet Send:	1139	14.9162
Packet Send:	1140	14.9163
Packet Send:	1141	14.9164
Packet Send:	1142	15.0274
Packet Send:	1143	15.0275
Packet Send:	1144	15.0276
Packet Send:	1145	15.0277
Packet Send:	1146	15.0278
Packet Send:	1147	15.0279
Packet Send:	1148	15.028
Packet Send:	1149	15.0281
Packet Send:	1150	15.0282
Packet Send:	1151	15.0767
Packet Send:	1152	15.0768
Packet Send:	1153	15.1378
Packet Send:	1154	15.1379
Packet Send:	1155	15.138
Packet Send:	1156	15.1481
Packet Send:	1157	15.1484
Packet Send:	1158	15.1485
Packet Send:	1159	15.1486
Packet Send:	1160	15.1487
Packet Send:	1161	15.1488
Packet Send:	1162	15.1489
Packet Send:	1163	15.2569
Packet Send:	1164	15.2571
Packet Send:	1165	15.2572
Packet Send:	1166	15.2573
Packet Send:	1167	15.2574
Packet Send:	1168	15.2602
Packet Send:	1169	15.2603
Packet Send:	1170	15.2604
Packet Send:	1171	15.2605
Packet Send:	1172	15.3092
Packet Send:	1173	15.3093
Packet Send:	1174	15.3139
Packet Send:	1175	15.314
Packet Send:	1176	15.3141
Packet Send:	1177	15.3224
Packet Send:	1178	15.376
Packet Send:	1179	15.3761
Packet Send:	1180	15.3762
Packet Send:	1181	15.4208
Packet Send:	1182	15.4297
Packet Send:	1183	15.4298
Packet Send:	1184	15.4299
Packet Send:	1185	15.43
Packet Send:	1186	15.4301
Packet Send:	1187	15.4302
Packet Send:	1188	15.5363
Packet Send:	1189	15.5365
Packet Send:	1190	15.5366
Packet Send:	1191	15.5367
Packet Send:	1192	15.5403
Packet Send:	1193	15.5404
Packet Send:	1194	15.5405
Packet Send:	1195	15.5435
Packet Send:	1196	15.5436
Packet Send:	1197	15.5905
Packet Send:	1198	15.5906
Packet Send:	1199	15.6001
Packet Send:	1200	15.6536
Packet Send:	1201	15.6539
Packet Send:	1202	15.654
Packet Send:	1203	15.6541
Packet Send:	1204	15.6542
Packet Send:	1205	15.7039
Packet Send:	1206	15.704
Packet Send:	1207	15.7509
Packet Send:	1208	15.751
Packet Send:	1209	15.7604
Packet Send:	1210	15.7674
Packet Send:	1211	15.7676
Packet Send:	1212	15.7677
Packet Send:	1213	15.7678
Packet Send:	1214	15.7679
Packet Send:	1215	15.768
Packet Send:	1216	15.7681
Packet Send:	1217	15.8779
Packet Send:	1218	15.878
Packet Send:	1219	15.8782
Packet Send:	1220	15.8783
Packet Send:	1221	15.8784
Packet Send:	1222	15.8785
Packet Send:	1223	15.8786
Packet Send:	1224	15.8787
Packet Send:	1225	15.8788
Packet Send:	1226	15.9284
Packet Send:	1227	15.9866
Packet Send:	1228	15.9867
Packet Send:	1229	15.9868
Packet Send:	1230	15.9985
Packet Send:	1231	15.9986
Packet Send:	1232	15.9988
Packet Send:	1233	15.9989
Packet Send:	1234	15.999
Packet Send:	1235	15.9991
Packet Send:	1236	16.0886
Packet Send:	1237	16.0887
Packet Send:	1238	16.0969
Packet Send:	1239	16.097
Packet Send:	1240	16.0971
Packet Send:	1241	16.0972
Packet Send:	1242	16.0973
Packet Send:	1243	16.0974
Packet Send:	1244	16.0975
Packet Send:	1245	16.0976
Packet Send:	1246	16.2039
Packet Send:	1247	16.204
Packet Send:	1248	16.2041
Packet Send:	1249	16.2073
Packet Send:	1250	16.2074
Packet Send:	1251	16.216
Packet Send:	1252	16.2161
Packet Send:	1253	16.2162
Packet Send:	1254	16.2163
Packet Send:	1255	16.2164
Packet Send:	1256	16.323
Packet Send:	1257	16.3234
Packet Send:	1258	16.3235
Packet Send:	1259	16.3236
Packet Send:	1260	16.3237
Packet Send:	1261	16.3238
Packet Send:	1262	16.3239
Packet Send:	1263	16.324
Packet Send:	1264	16.3767
Packet Send:	1265	16.3768
Packet Send:	1266	16.4317
Packet Send:	1267	16.4318
Packet Send:	1268	16.4368
Packet Send:	1269	16.4369
Packet Send:	1270	16.437
Packet Send:	1271	16.4402
Packet Send:	1272	16.4403
Packet Send:	1273	16.4404
Packet Send:	1274	16.5371
Packet Send:	1275	16.5372
Packet Send:	1276	16.5373
Packet Send:	1277	16.5374
Packet Send:	1278	16.5525
Packet Send:	1279	16.5527
Packet Send:	1280	16.5528
Packet Send:	1281	16.5529
Packet Send:	1282	16.553
Packet Send:	1283	16.5531
Packet Send:	1284	16.5639
Packet Send:	1285	16.6492
Packet Send:	1286	16.6493
Packet Send:	1287	16.6494
Packet Send:	1288	16.6495
Packet Send:	1289	16.6496
Packet Send:	1290	16.6497
Packet Send:	1291	16.6663
Packet Send:	1292	16.6664
Packet Send:	1293	16.6709
Packet Send:	1294	16.671
Packet Send:	1295	16.676
Packet Send:	1296	16.7596
Packet Send:	1297	16.7597
Packet Send:	1298	16.7598
Packet Send:	1299	16.7599
Packet Send:	1300	16.775
Packet Send:	1301	16.7751
Packet Send:	1302	16.7752
Packet Send:	1303	16.8312
Packet Send:	1304	16.8313
Packet Send:	1305	16.8314
Packet Send:	1306	16.8315
Packet Send:	1307	16.9202
Packet Send:	1308	16.9203
Packet Send:	1309	16.9204
Packet Send:	1310	16.9354
Packet Send:	1311	16.9355
Packet Send:	1312	16.9356
Packet Send:	1313	16.9399
Packet Send:	1314	16.94
Packet Send:	1315	16.9918
Packet Send:	1316	16.9919
Packet Send:	1317	17.0306
Packet Send:	1318	17.0307
Packet Send:	1319	17.0308
Packet Send:	1320	17.0957
Packet Send:	1321	17.0959
Packet Send:	1322	17.096
Packet Send:	1323	17.0961
Packet Send:	1324	17.0962
Packet Send:	1325	17.0963
Packet Send:	1326	17.1393
Packet Send:	1327	17.1394
Packet Send:	1328	17.1395
Packet Send:	1329	17.1396
Packet Send:	1330	17.1397
Packet Send:	1331	17.1398
Packet Send:	1332	17.1399
Packet Send:	1333	17.14
Packet Send:	1334	17.1401
Packet Send:	1335	17.1402
Packet Send:	1336	17.1661
Packet Send:	1337	17.2515
Packet Send:	1338	17.2516
Packet Send:	1339	17.2517
Packet Send:	1340	17.3005
Packet Send:	1341	17.3006
Packet Send:	1342	17.3007
Packet Send:	1343	17.3008
Packet Send:	1344	17.3009
Packet Send:	1345	17.301
Packet Send:	1346	17.3264
Packet Send:	1347	17.348
Packet Send:	1348	17.4119
Packet Send:	1349	17.412
Packet Send:	1350	17.4608
Packet Send:	1351	17.4613
Packet Send:	1352	17.4614
Packet Send:	1353	17.4615
Packet Send:	1354	17.4616
Packet Send:	1355	17.4617
Packet Send:	1356	17.4867
Packet Send:	1357	17.5083
Packet Send:	1358	17.5723
Packet Send:	1359	17.5724
Packet Send:	1360	17.6211
Packet Send:	1361	17.622
Packet Send:	1362	17.6221
Packet Send:	1363	17.6222
Packet Send:	1364	17.6223
Packet Send:	1365	17.6224
Packet Send:	1366	17.647
Packet Send:	1367	17.6686
Packet Send:	1368	17.7327
Packet Send:	1369	17.7328
Packet Send:	1370	17.7814
Packet Send:	1371	17.7827
Packet Send:	1372	17.7828
Packet Send:	1373	17.7829
Packet Send:	1374	17.783
Packet Send:	1375	17.7831
Packet Send:	1376	17.8073
Packet Send:	1377	17.8289
Packet Send:	1378	17.8931
Packet Send:	1379	17.8932
Packet Send:	1380	17.9417
Packet Send:	1381	17.9434
Packet Send:	1382	17.9435
Packet Send:	1383	17.9436
Packet Send:	1384	17.9437
Packet Send:	1385	17.9438
Packet Send:	1386	17.9676
Packet Send:	1387	17.9892
Packet Send:	1388	18.0535
Packet Send:	1389	18.0536
Packet Send:	1390	18.0537
Packet Send:	1391	18.1037
Packet Send:	1392	18.104
Packet Send:	1393	18.1041
Packet Send:	1394	18.1042
Packet Send:	1395	18.1043
Packet Send:	1396	18.1044
Packet Send:	1397	18.1045
Packet Send:	1398	18.1622
Packet Send:	1399	18.1623
Packet Send:	1400	18.1624
Packet Send:	1401	18.1625
Packet Send:	1402	18.1626
Packet Send:	1403	18.1627
Packet Send:	1404	18.1628
Packet Send:	1405	18.1629
Packet Send:	1406	18.163
Packet Send:	1407	18.2648
Packet Send:	1408	18.2649
Packet Send:	1409	18.2762
Packet Send:	1410	18.2763
Packet Send:	1411	18.2764
Packet Send:	1412	18.2765
Packet Send:	1413	18.2811
Packet Send:	1414	18.2812
Packet Send:	1415	18.2813
Packet Send:	1416	18.3233
Packet Send:	1417	18.3735
Packet Send:	1418	18.3736
Packet Send:	1419	18.3737
Packet Send:	1420	18.3738
Packet Send:	1421	18.3739
Packet Send:	1422	18.39
Packet Send:	1423	18.3901
Packet Send:	1424	18.4304
Packet Send:	1425	18.4305
Packet Send:	1426	18.4306
Packet Send:	1427	18.4822
Packet Send:	1428	18.4823
Packet Send:	1429	18.4824
Packet Send:	1430	18.4874
Packet Send:	1431	18.4875
Packet Send:	1432	18.4876
Packet Send:	1433	18.4877
Packet Send:	1434	18.4878
Packet Send:	1435	18.4879
Packet Send:	1436	18.5909
Packet Send:	1437	18.5927
Packet Send:	1438	18.5928
Packet Send:	1439	18.5929
Packet Send:	1440	18.593
Packet Send:	1441	18.6012
Packet Send:	1442	18.6013
Packet Send:	1443	18.6014
Packet Send:	1444	18.6015
Packet Send:	1445	18.6482
Packet Send:	1446	18.7117
Packet Send:	1447	18.7119
Packet Send:	1448	18.712
Packet Send:	1449	18.7121
Packet Send:	1450	18.7122
Packet Send:	1451	18.7123
Packet Send:	1452	18.7124
Packet Send:	1453	18.7125
Packet Send:	1454	18.7126
Packet Send:	1455	18.7127
Packet Send:	1456	18.8204
Packet Send:	1457	18.8205
Packet Send:	1458	18.8206
Packet Send:	1459	18.8207
Packet Send:	1460	18.8208
Packet Send:	1461	18.8209
Packet Send:	1462	18.8325
Packet Send:	1463	18.8326
Packet Send:	1464	18.8327
Packet Send:	1465	18.8328
Packet Send:	1466	18.9291
Packet Send:	1467	18.9292
Packet Send:	1468	18.9325
Packet Send:	1469	18.9326
Packet Send:	1470	18.9327
Packet Send:	1471	18.9412
Packet Send:	1472	18.9413
Packet Send:	1473	18.9414
Packet Send:	1474	18.9415
Packet Send:	1475	18.9416
Packet Send:	1476	19.0537
Packet Send:	1477	19.0538
Packet Send:	1478	19.054
Packet Send:	1479	19.0541
Packet Send:	1480	19.0542
Packet Send:	1481	19.0543
Packet Send:	1482	19.0544
Packet Send:	1483	19.0545
Packet Send:	1484	19.0546
Packet Send:	1485	19.0547
Packet Send:	1486	19.0805
Packet Send:	1487	19.0822
Packet Send:	1488	19.0839
Packet Send:	1489	19.1675
Packet Send:	1490	19.1676
Packet Send:	1491	19.1677
Packet Send:	1492	19.1678
Packet Send:	1493	19.1745
Packet Send:	1494	19.1746
Packet Send:	1495	19.1747
Packet Send:	1496	19.1748
Packet Send:	1497	19.2425
Packet Send:	1498	19.2426
Packet Send:	1499	19.2836
Packet Send:	1500	19.2837
Packet Send:	1501	19.2838
Packet Send:	1502	19.2839
Packet Send:	1503	19.284
Packet Send:	1504	19.2841
Packet Send:	1505	19.2842
Packet Send:	1506	19.3351
Packet Send:	1507	19.3907
Packet Send:	1508	19.3908
Packet Send:	1509	19.3909
Packet Send:	1510	19.391
Packet Send:	1511	19.4445
Packet Send:	1512	19.4446
Packet Send:	1513	19.4447
Packet Send:	1514	19.4448
Packet Send:	1515	19.4449
Packet Send:	1516	19.4954
Packet Send:	1517	19.5011
Packet Send:	1518	19.5012
Packet Send:	1519	19.5013
Packet Send:	1520	19.5513
Packet Send:	1521	19.5514
Packet Send:	1522	19.555
Packet Send:	1523	19.5551
Packet Send:	1524	19.5552
Packet Send:	1525	19.6052
Packet Send:	1526	19.6557
Packet Send:	1527	19.6558
Packet Send:	1528	19.6585
Packet Send:	1529	19.6586
Packet Send:	1530	19.6587
Packet Send:	1531	19.6588
Packet Send:	1532	19.6589
Packet Send:	1533	19.7123
Packet Send:	1534	19.7124
Packet Send:	1535	19.7125
Packet Send:	1536	19.7644
Packet Send:	1537	19.7645
Packet Send:	1538	19.7646
Packet Send:	1539	19.7647
Packet Send:	1540	19.7712
Packet Send:	1541	19.7713
Packet Send:	1542	19.7714
Packet Send:	1543	19.821
Packet Send:	1544	19.8211
Packet Send:	1545	19.8212
Packet Send:	1546	19.8213
Packet Send:	1547	19.8214
Packet Send:	1548	19.8215
Packet Send:	1549	19.8282
Packet Send:	1550	19.8817
Packet Send:	1551	19.8818
Packet Send:	1552	19.8819
Packet Send:	1553	19.9315
Packet Send:	1554	19.9316
Packet Send:	1555	19.9317
Packet Send:	1556	19.9318
Packet Send:	1557	19.9384
Packet Send:	1558	19.9385
Packet Send:	1559	19.9386
Packet Send:	1560	19.9387
Packet Send:	1561	19.9388
Packet Send:	1562	20.0385
Packet Send:	1563	20.0386
Packet Send:	1564	20.0387
Packet Send:	1565	20.0388
Packet Send:	1566	20.0389
Packet Send:	1567	20.0453
Packet Send:	1568	20.047
Packet Send:	1569	20.0989
Packet Send:	1570	20.0991
Packet Send:	1571	20.0992
Packet Send:	1572	20.0993
Packet Send:	1573	20.1507
Packet Send:	1574	20.1508
Packet Send:	1575	20.1509
Packet Send:	1576	20.151
Packet Send:	1577	20.1522
Packet Send:	1578	20.2073
Packet Send:	1579	20.2094
Packet Send:	1580	20.2095
Packet Send:	1581	20.2096
Packet Send:	1582	20.2596
Packet Send:	1583	20.2597
Packet Send:	1584	20.2648
Packet Send:	1585	20.2649
Packet Send:	1586	20.265
Packet Send:	1587	20.2651
Packet Send:	1588	20.2652
Packet Send:	1589	20.2653
Packet Send:	1590	20.3698
Packet Send:	1591	20.3699
Packet Send:	1592	20.3754
Packet Send:	1593	20.3755
Packet Send:	1594	20.3756
Packet Send:	1595	20.3757
Packet Send:	1596	20.3758
Packet Send:	1597	20.3786
Packet Send:	1598	20.3787
Packet Send:	1599	20.3788
Packet Send:	1600	20.4251
Packet Send:	1601	20.4252
Packet Send:	1602	20.4859
Packet Send:	1603	20.486
Packet Send:	1604	20.4861
Packet Send:	1605	20.4928
Packet Send:	1606	20.4929
Packet Send:	1607	20.493
Packet Send:	1608	20.4931
Packet Send:	1609	20.4932
Packet Send:	1610	20.5338
Packet Send:	1611	20.5339
Packet Send:	1612	20.5619
Packet Send:	1613	20.5636
Packet Send:	1614	20.5637
Packet Send:	1615	20.6535
Packet Send:	1616	20.6536
Packet Send:	1617	20.6537
Packet Send:	1618	20.6538
Packet Send:	1619	20.6539
Packet Send:	1620	20.6942
Packet Send:	1621	20.6943
Packet Send:	1622	20.6944
Packet Send:	1623	20.724
Packet Send:	1624	20.7241
Packet Send:	1625	20.8142
Packet Send:	1626	20.8143
Packet Send:	1627	20.8144
Packet Send:	1628	20.8145
Packet Send:	1629	20.8146
Packet Send:	1630	20.8547
Packet Send:	1631	20.8548
Packet Send:	1632	20.8549
Packet Send:	1633	20.8844
Packet Send:	1634	20.8845
Packet Send:	1635	20.9749
Packet Send:	1636	20.975
Packet Send:	1637	20.9751
Packet Send:	1638	20.9752
Packet Send:	1639	20.9753
Packet Send:	1640	21.0152
Packet Send:	1641	21.0153
Packet Send:	1642	21.0154
Packet Send:	1643	21.0448
Packet Send:	1644	21.0449
Packet Send:	1645	21.1356
Packet Send:	1646	21.1357
Packet Send:	1647	21.1358
Packet Send:	1648	21.1359
Packet Send:	1649	21.136
Packet Send:	1650	21.1757
Packet Send:	1651	21.1758
Packet Send:	1652	21.1759
Packet Send:	1653	21.2052
Packet Send:	1654	21.2053
Packet Send:	1655	21.2932
Packet Send:	1656	21.2949
Packet Send:	1657	21.2963
Packet Send:	1658	21.2964
Packet Send:	1659	21.2965
Packet Send:	1660	21.336
Packet Send:	1661	21.3362
Packet Send:	1662	21.3363
Packet Send:	1663	21.3364
Packet Send:	1664	21.3656
Packet Send:	1665	21.3657
Packet Send:	1666	21.4483
Packet Send:	1667	21.4484
Packet Send:	1668	21.4485
Packet Send:	1669	21.4487
Packet Send:	1670	21.4488
Packet Send:	1671	21.4489
Packet Send:	1672	21.449
Packet Send:	1673	21.4491
Packet Send:	1674	21.4743
Packet Send:	1675	21.4744
Packet Send:	1676	21.4751
Packet Send:	1677	21.4768
Packet Send:	1678	21.4785
Packet Send:	1679	21.4802
Packet Send:	1680	21.5638
Packet Send:	1681	21.5639
Packet Send:	1682	21.564
Packet Send:	1683	21.5849
Packet Send:	1684	21.585
Packet Send:	1685	21.5851
Packet Send:	1686	21.5852
Packet Send:	1687	21.6371
Packet Send:	1688	21.6388
Packet Send:	1689	21.6405
Packet Send:	1690	21.6743
Packet Send:	1691	21.6744
Packet Send:	1692	21.6745
Packet Send:	1693	21.6746
Packet Send:	1694	21.6972
Packet Send:	1695	21.6973
Packet Send:	1696	21.6974
Packet Send:	1697	21.7458
Packet Send:	1698	21.7459
Packet Send:	1699	21.7847
Packet Send:	1700	21.7848
Packet Send:	1701	21.7849
Packet Send:	1702	21.785
Packet Send:	1703	21.8076
Packet Send:	1704	21.8078
Packet Send:	1705	21.8079
Packet Send:	1706	21.808
Packet Send:	1707	21.8545
Packet Send:	1708	21.8546
Packet Send:	1709	21.8934
Packet Send:	1710	21.8935
Packet Send:	1711	21.8936
Packet Send:	1712	21.9147
Packet Send:	1713	21.9148
Packet Send:	1714	21.9149
Packet Send:	1715	21.915
Packet Send:	1716	21.9151
Packet Send:	1717	21.9152
Packet Send:	1718	22.0149
Packet Send:	1719	22.015
Packet Send:	1720	22.0539
Packet Send:	1721	22.054
Packet Send:	1722	22.0541
Packet Send:	1723	22.0751
Packet Send:	1724	22.0753
Packet Send:	1725	22.0755
Packet Send:	1726	22.0756
Packet Send:	1727	22.0757
Packet Send:	1728	22.0758
Packet Send:	1729	22.1627
Packet Send:	1730	22.1628
Packet Send:	1731	22.1629
Packet Send:	1732	22.163
Packet Send:	1733	22.1855
Packet Send:	1734	22.1856
Packet Send:	1735	22.1857
Packet Send:	1736	22.1858
Packet Send:	1737	22.1859
Packet Send:	1738	22.186
Packet Send:	1739	22.2225
Packet Send:	1740	22.2226
Packet Send:	1741	22.3013
Packet Send:	1742	22.3015
Packet Send:	1743	22.3016
Packet Send:	1744	22.3017
Packet Send:	1745	22.3018
Packet Send:	1746	22.3019
Packet Send:	1747	22.302
Packet Send:	1748	22.3021
Packet Send:	1749	22.3414
Packet Send:	1750	22.3415
Packet Send:	1751	22.4118
Packet Send:	1752	22.4119
Packet Send:	1753	22.412
Packet Send:	1754	22.4185
Packet Send:	1755	22.4187
Packet Send:	1756	22.4188
Packet Send:	1757	22.4189
Packet Send:	1758	22.419
Packet Send:	1759	22.4191
Packet Send:	1760	22.5018
Packet Send:	1761	22.5019
Packet Send:	1762	22.502
Packet Send:	1763	22.5723
Packet Send:	1764	22.5788
Packet Send:	1765	22.5794
Packet Send:	1766	22.5795
Packet Send:	1767	22.5796
Packet Send:	1768	22.5797
Packet Send:	1769	22.5798
Packet Send:	1770	22.6622
Packet Send:	1771	22.6623
Packet Send:	1772	22.6624
Packet Send:	1773	22.6876
Packet Send:	1774	22.6877
Packet Send:	1775	22.6878
Packet Send:	1776	22.74
Packet Send:	1777	22.7401
Packet Send:	1778	22.7402
Packet Send:	1779	22.7403
Packet Send:	1780	22.7404
Packet Send:	1781	22.7405
Packet Send:	1782	22.7406
Packet Send:	1783	22.7407
Packet Send:	1784	22.7408
Packet Send:	1785	22.7409
Packet Send:	1786	22.8487
Packet Send:	1787	22.8488
Packet Send:	1788	22.8489
Packet Send:	1789	22.901
Packet Send:	1790	22.9012
Packet Send:	1791	22.9013
Packet Send:	1792	22.9014
Packet Send:	1793	22.9015
Packet Send:	1794	22.9016
Packet Send:	1795	22.9017
Packet Send:	1796	22.9574
Packet Send:	1797	22.9575
Packet Send:	1798	22.9576
Packet Send:	1799	23.0097
Packet Send:	1800	23.0098
Packet Send:	1801	23.0131
Packet Send:	1802	23.0132
Packet Send:	1803	23.0133
Packet Send:	1804	23.0134
Packet Send:	1805	23.062
Packet Send:	1806	23.0621
Packet Send:	1807	23.1168
Packet Send:	1808	23.1169
Packet Send:	1809	23.117
Packet Send:	1810	23.1171
Packet Send:	1811	23.1737
Packet Send:	1812	23.1738
Packet Send:	1813	23.1739
Packet Send:	1814	23.174
Packet Send:	1815	23.2224
Packet Send:	1816	23.2225
Packet Send:	1817	23.2226
Packet Send:	1818	23.2227
Packet Send:	1819	23.2774
Packet Send:	1820	23.2775
Packet Send:	1821	23.2824
Packet Send:	1822	23.2825
Packet Send:	1823	23.3342
Packet Send:	1824	23.3343
Packet Send:	1825	23.3347
Packet Send:	1826	23.3348
Packet Send:	1827	23.3349
Packet Send:	1828	23.335
Packet Send:	1829	23.3861
Packet Send:	1830	23.3862
Packet Send:	1831	23.3863
Packet Send:	1832	23.3864
Packet Send:	1833	23.3912
Packet Send:	1834	23.4447
Packet Send:	1835	23.4448
Packet Send:	1836	23.4449
Packet Send:	1837	23.445
Packet Send:	1838	23.4953
Packet Send:	1839	23.4966
Packet Send:	1840	23.4967
Packet Send:	1841	23.4968
Packet Send:	1842	23.4969
Packet Send:	1843	23.497
Packet Send:	1844	23.5489
Packet Send:	1845	23.6026
Packet Send:	1846	23.6027
Packet Send:	1847	23.6028
Packet Send:	1848	23.6029
Packet Send:	1849	23.6093
Packet Send:	1850	23.6094
Packet Send:	1851	23.6095
Packet Send:	1852	23.6096
Packet Send:	1853	23.6559
Packet Send:	1854	23.656
Packet Send:	1855	23.7203
Packet Send:	1856	23.7204
Packet Send:	1857	23.7205
Packet Send:	1858	23.7206
Packet Send:	1859	23.7207
Packet Send:	1860	23.7208
Packet Send:	1861	23.7209
Packet Send:	1862	23.7699
Packet Send:	1863	23.77
Packet Send:	1864	23.7701
Packet Send:	1865	23.8788
Packet Send:	1866	23.8793
Packet Send:	1867	23.8794
Packet Send:	1868	23.8795
Packet Send:	1869	23.8796
Packet Send:	1870	23.8797
Packet Send:	1871	23.8798
Packet Send:	1872	23.8799
Packet Send:	1873	23.88
Packet Send:	1874	23.8801
Packet Send:	1875	24.0391
Packet Send:	1876	24.0398
Packet Send:	1877	24.04
Packet Send:	1878	24.0404
Packet Send:	1879	24.0405
Packet Send:	1880	24.0406
Packet Send:	1881	24.0407
Packet Send:	1882	24.0408
Packet Send:	1883	24.0409
Packet Send:	1884	24.041
Packet Send:	1885	24.1994
Packet Send:	1886	24.2001
Packet Send:	1887	24.2003
Packet Send:	1888	24.2013
Packet Send:	1889	24.2014
Packet Send:	1890	24.2015
Packet Send:	1891	24.2016
Packet Send:	1892	24.2017
Packet Send:	1893	24.2018
Packet Send:	1894	24.2019
Packet Send:	1895	24.3597
Packet Send:	1896	24.3604
Packet Send:	1897	24.3606
Packet Send:	1898	24.3622
Packet Send:	1899	24.3623
Packet Send:	1900	24.3624
Packet Send:	1901	24.3625
Packet Send:	1902	24.3626
Packet Send:	1903	24.3627
Packet Send:	1904	24.3628
Packet Send:	1905	24.52
Packet Send:	1906	24.5207
Packet Send:	1907	24.5209
Packet Send:	1908	24.5231
Packet Send:	1909	24.5232
Packet Send:	1910	24.5233
Packet Send:	1911	24.5234
Packet Send:	1912	24.5235
Packet Send:	1913	24.5236
Packet Send:	1914	24.5237
Packet Send:	1915	24.6803
Packet Send:	1916	24.681
Packet Send:	1917	24.6812
Packet Send:	1918	24.6813
Packet Send:	1919	24.6835
Packet Send:	1920	24.6838
Packet Send:	1921	24.6839
Packet Send:	1922	24.684
Packet Send:	1923	24.6841
Packet Send:	1924	24.6842
Packet Send:	1925	24.7071
Packet Send:	1926	24.739
Packet Send:	1927	24.7407
Packet Send:	1928	24.7408
Packet Send:	1929	24.7409
Packet Send:	1930	24.7975
Packet Send:	1931	24.7976
Packet Send:	1932	24.8444
Packet Send:	1933	24.8445
Packet Send:	1934	24.8446
Packet Send:	1935	24.846
Packet Send:	1936	24.8461
Packet Send:	1937	24.8494
Packet Send:	1938	24.8495
Packet Send:	1939	24.9012
Packet Send:	1940	24.9013
Packet Send:	1941	24.9014
Packet Send:	1942	24.9531
Packet Send:	1943	24.9532
Packet Send:	1944	24.9533
Packet Send:	1945	24.9534
Packet Send:	1946	25.0064
Packet Send:	1947	25.0098
Packet Send:	1948	25.0099
Packet Send:	1949	25.01
Packet Send:	1950	25.0101
Packet Send:	1951	25.0115
Packet Send:	1952	25.0618
Packet Send:	1953	25.0619
Packet Send:	1954	25.062
Packet Send:	1955	25.0621
Packet Send:	1956	25.1168
Packet Send:	1957	25.1169
Packet Send:	1958	25.122
Packet Send:	1959	25.1221
Packet Send:	1960	25.1222
Packet Send:	1961	25.1223
Packet Send:	1962	25.1723
Packet Send:	1963	25.1724
Packet Send:	1964	25.1725
Packet Send:	1965	25.2224
Packet Send:	1966	25.2225
Packet Send:	1967	25.2226
Packet Send:	1968	25.2793
Packet Send:	1969	25.2795
Packet Send:	1970	25.2796
Packet Send:	1971	25.2797
Packet Send:	1972	25.2798
Packet Send:	1973	25.3295
Packet Send:	1974	25.3296
Packet Send:	1975	25.3297
Packet Send:	1976	25.3328
Packet Send:	1977	25.3329
Packet Send:	1978	25.3363
Packet Send:	1979	25.338
Packet Send:	1980	25.3381
Packet Send:	1981	25.3831
Packet Send:	1982	25.4366
Packet Send:	1983	25.4367
Packet Send:	1984	25.445
Packet Send:	1985	25.4451
Packet Send:	1986	25.4453
Packet Send:	1987	25.4454
Packet Send:	1988	25.4455
Packet Send:	1989	25.4456
Packet Send:	1990	25.4466
Packet Send:	1991	25.49
Packet Send:	1992	25.4901
Packet Send:	1993	25.5622
Packet Send:	1994	25.5624
Packet Send:	1995	25.5625
Packet Send:	1996	25.5626
Packet Send:	1997	25.5628
Packet Send:	1998	25.5629
Packet Send:	1999	25.563
Packet Send:	2000	25.5631
Packet Send:	2001	25.6504
Packet Send:	2002	25.6505
Packet Send:	2003	25.6506
Packet Send:	2004	25.6745
Packet Send:	2005	25.6746
Packet Send:	2006	25.6747
Packet Send:	2007	25.6748
Packet Send:	2008	25.7233
Packet Send:	2009	25.7234
Packet Send:	2010	25.7235
Packet Send:	2011	25.7815
Packet Send:	2012	25.7816
Packet Send:	2013	25.7817
Packet Send:	2014	25.7818
Packet Send:	2015	25.832
Packet Send:	2016	25.8321
Packet Send:	2017	25.8322
Packet Send:	2018	25.8323
Packet Send:	2019	25.8324
Packet Send:	2020	25.8838
Packet Send:	2021	25.8856
Packet Send:	2022	25.9392
Packet Send:	2023	25.9393
Packet Send:	2024	25.9394
Packet Send:	2025	25.9395
Packet Send:	2026	25.9396
Packet Send:	2027	25.9397
Packet Send:	2028	25.9398
Packet Send:	2029	25.9908
Packet Send:	2030	25.9909
Packet Send:	2031	26.0458
Packet Send:	2032	26.0459
Packet Send:	2033	26.046
Packet Send:	2034	26.0548
Packet Send:	2035	26.0549
Packet Send:	2036	26.055
Packet Send:	2037	26.0551
Packet Send:	2038	26.0552
Packet Send:	2039	26.0553
Packet Send:	2040	26.0977
Packet Send:	2041	26.1101
Packet Send:	2042	26.1638
Packet Send:	2043	26.1639
Packet Send:	2044	26.164
Packet Send:	2045	26.1641
Packet Send:	2046	26.1642
Packet Send:	2047	26.1687
Packet Send:	2048	26.1688
Packet Send:	2049	26.2047
Packet Send:	2050	26.2048
Packet Send:	2051	26.2704
Packet Send:	2052	26.2705
Packet Send:	2053	26.2743
Packet Send:	2054	26.2744
Packet Send:	2055	26.2745
Packet Send:	2056	26.3245
Packet Send:	2057	26.3246
Packet Send:	2058	26.3247
Packet Send:	2059	26.3651
Packet Send:	2060	26.3652
Packet Send:	2061	26.3653
Packet Send:	2062	26.3654
Packet Send:	2063	26.3831
Packet Send:	2064	26.3832
Packet Send:	2065	26.4332
Packet Send:	2066	26.4333
Packet Send:	2067	26.4334
Packet Send:	2068	26.4335
Packet Send:	2069	26.4739
Packet Send:	2070	26.474
Packet Send:	2071	26.4741
Packet Send:	2072	26.5257
Packet Send:	2073	26.5419
Packet Send:	2074	26.5421
Packet Send:	2075	26.5422
Packet Send:	2076	26.5423
Packet Send:	2077	26.5424
Packet Send:	2078	26.5425
Packet Send:	2079	26.5426
Packet Send:	2080	26.5806
Packet Send:	2081	26.5823
Packet Send:	2082	26.5824
Packet Send:	2083	26.6342
Packet Send:	2084	26.6878
Packet Send:	2085	26.6881
Packet Send:	2086	26.6882
Packet Send:	2087	26.6883
Packet Send:	2088	26.6884
Packet Send:	2089	26.6885
Packet Send:	2090	26.6886
Packet Send:	2091	26.6887
Packet Send:	2092	26.7412
Packet Send:	2093	26.7413
Packet Send:	2094	26.7465
Packet Send:	2095	26.8001
Packet Send:	2096	26.8002
Packet Send:	2097	26.8003
Packet Send:	2098	26.8051
Packet Send:	2099	26.8052
Packet Send:	2100	26.8053
Packet Send:	2101	26.8054
Packet Send:	2102	26.9016
Packet Send:	2103	26.9017
Packet Send:	2104	26.9068
Packet Send:	2105	26.9069
Packet Send:	2106	26.907
Packet Send:	2107	26.9071
Packet Send:	2108	26.9072
Packet Send:	2109	26.9156
Packet Send:	2110	26.9157
Packet Send:	2111	26.9657
Packet Send:	2112	27.0103
Packet Send:	2113	27.0104
Packet Send:	2114	27.0105
Packet Send:	2115	27.0191
Packet Send:	2116	27.0192
Packet Send:	2117	27.0193
Packet Send:	2118	27.0243
Packet Send:	2119	27.0244
Packet Send:	2120	27.0245
Packet Send:	2121	27.1191
Packet Send:	2122	27.1192
Packet Send:	2123	27.1193
Packet Send:	2124	27.1194
Packet Send:	2125	27.1195
Packet Send:	2126	27.1196
Packet Send:	2127	27.1314
Packet Send:	2128	27.1315
Packet Send:	2129	27.1848
Packet Send:	2130	27.1849
Packet Send:	2131	27.185
Packet Send:	2132	27.259
Packet Send:	2133	27.2591
Packet Send:	2134	27.2592
Packet Send:	2135	27.2593
Packet Send:	2136	27.2799
Packet Send:	2137	27.2918
Packet Send:	2138	27.2919
Packet Send:	2139	27.3292
Packet Send:	2140	27.3453
Packet Send:	2141	27.3454
Packet Send:	2142	27.4196
Packet Send:	2143	27.4197
Packet Send:	2144	27.4198
Packet Send:	2145	27.4199
Packet Send:	2146	27.4402
Packet Send:	2147	27.4522
Packet Send:	2148	27.4523
Packet Send:	2149	27.4895
Packet Send:	2150	27.5057
Packet Send:	2151	27.5058
Packet Send:	2152	27.5802
Packet Send:	2153	27.5803
Packet Send:	2154	27.5804
Packet Send:	2155	27.5805
Packet Send:	2156	27.6005
Packet Send:	2157	27.6126
Packet Send:	2158	27.6127
Packet Send:	2159	27.6498
Packet Send:	2160	27.6661
Packet Send:	2161	27.6662
Packet Send:	2162	27.7408
Packet Send:	2163	27.7409
Packet Send:	2164	27.741
Packet Send:	2165	27.7411
Packet Send:	2166	27.7608
Packet Send:	2167	27.773
Packet Send:	2168	27.7731
Packet Send:	2169	27.8101
Packet Send:	2170	27.8265
Packet Send:	2171	27.8266
Packet Send:	2172	27.9011
Packet Send:	2173	27.9014
Packet Send:	2174	27.9015
Packet Send:	2175	27.9016
Packet Send:	2176	27.908
Packet Send:	2177	27.9267
Packet Send:	2178	27.9284
Packet Send:	2179	27.9285
Packet Send:	2180	27.9385
Packet Send:	2181	27.9386
Packet Send:	2182	27.9387
Packet Send:	2183	28.0358
Packet Send:	2184	28.0359
Packet Send:	2185	28.036
Packet Send:	2186	28.0361
Packet Send:	2187	28.0362
Packet Send:	2188	28.0363
Packet Send:	2189	28.0364
Packet Send:	2190	28.0365
Packet Send:	2191	28.099
Packet Send:	2192	28.0991
Packet Send:	2193	28.0992
Packet Send:	2194	28.0993
Packet Send:	2195	28.1013
Packet Send:	2196	28.103
Packet Send:	2197	28.1047
Packet Send:	2198	28.155
Packet Send:	2199	28.1551
Packet Send:	2200	28.1552
Packet Send:	2201	28.1553
Packet Send:	2202	28.2112
Packet Send:	2203	28.2113
Packet Send:	2204	28.2114
Packet Send:	2205	28.2163
Packet Send:	2206	28.2164
Packet Send:	2207	28.2165
Packet Send:	2208	28.3156
Packet Send:	2209	28.3157
Packet Send:	2210	28.3158
Packet Send:	2211	28.3159
Packet Send:	2212	28.3199
Packet Send:	2213	28.32
Packet Send:	2214	28.3233
Packet Send:	2215	28.3234
Packet Send:	2216	28.3235
Packet Send:	2217	28.3768
Packet Send:	2218	28.4295
Packet Send:	2219	28.4297
Packet Send:	2220	28.4298
Packet Send:	2221	28.4299
Packet Send:	2222	28.43
Packet Send:	2223	28.4346
Packet Send:	2224	28.4347
Packet Send:	2225	28.4348
Packet Send:	2226	28.4838
Packet Send:	2227	28.5365
Packet Send:	2228	28.5366
Packet Send:	2229	28.5468
Packet Send:	2230	28.5469
Packet Send:	2231	28.5471
Packet Send:	2232	28.5472
Packet Send:	2233	28.5473
Packet Send:	2234	28.5474
Packet Send:	2235	28.5951
Packet Send:	2236	28.6441
Packet Send:	2237	28.6574
Packet Send:	2238	28.6575
Packet Send:	2239	28.6576
Packet Send:	2240	28.6577
Packet Send:	2241	28.6578
Packet Send:	2242	28.6579
Packet Send:	2243	28.658
Packet Send:	2244	28.7021
Packet Send:	2245	28.7022
Packet Send:	2246	28.7023
Packet Send:	2247	28.7661
Packet Send:	2248	28.7662
Packet Send:	2249	28.7663
Packet Send:	2250	28.773
Packet Send:	2251	28.7731
Packet Send:	2252	28.7732
Packet Send:	2253	28.7733
Packet Send:	2254	28.7734
Packet Send:	2255	28.8626
Packet Send:	2256	28.8627
Packet Send:	2257	28.8628
Packet Send:	2258	28.8629
Packet Send:	2259	28.863
Packet Send:	2260	28.8853
Packet Send:	2261	28.8854
Packet Send:	2262	28.8855
Packet Send:	2263	28.8856
Packet Send:	2264	28.8857
Packet Send:	2265	28.8894
Packet Send:	2266	28.973
Packet Send:	2267	28.9731
Packet Send:	2268	28.9732
Packet Send:	2269	28.9733
Packet Send:	2270	28.9734
Packet Send:	2271	28.9976
Packet Send:	2272	28.9977
Packet Send:	2273	28.9978
Packet Send:	2274	28.9979
Packet Send:	2275	28.998
Packet Send:	2276	29.0329
Packet Send:	2277	29.033
Packet Send:	2278	29.0331
Packet Send:	2279	29.0332
Packet Send:	2280	29.0512
Packet Send:	2281	29.0513
Packet Send:	2282	29.0514
Packet Send:	2283	29.0515
Packet Send:	2284	29.0516
Packet Send:	2285	29.0916
Packet Send:	2286	29.1453
Packet Send:	2287	29.1454
Packet Send:	2288	29.1455
Packet Send:	2289	29.1456
Packet Send:	2290	29.1457
Packet Send:	2291	29.165
Packet Send:	2292	29.1652
Packet Send:	2293	29.1653
Packet Send:	2294	29.1654
Packet Send:	2295	29.2519
Packet Send:	2296	29.252
Packet Send:	2297	29.2521
Packet Send:	2298	29.2741
Packet Send:	2299	29.2742
Packet Send:	2300	29.2743
Packet Send:	2301	29.2744
Packet Send:	2302	29.2745
Packet Send:	2303	29.3257
Packet Send:	2304	29.3258
Packet Send:	2305	29.3606
Packet Send:	2306	29.3607
Packet Send:	2307	29.3847
Packet Send:	2308	29.3848
Packet Send:	2309	29.3849
Packet Send:	2310	29.385
Packet Send:	2311	29.3851
Packet Send:	2312	29.3852
Packet Send:	2313	29.486
Packet Send:	2314	29.4861
Packet Send:	2315	29.4918
Packet Send:	2316	29.4919
Packet Send:	2317	29.492
Packet Send:	2318	29.5455
Packet Send:	2319	29.5456
Packet Send:	2320	29.5457
Packet Send:	2321	29.5458
Packet Send:	2322	29.5459
Packet Send:	2323	29.546
Packet Send:	2324	29.5989
Packet Send:	2325	29.599
Packet Send:	2326	29.6523
Packet Send:	2327	29.6524
Packet Send:	2328	29.6525
Packet Send:	2329	29.6526
Packet Send:	2330	29.6576
Packet Send:	2331	29.6577
Packet Send:	2332	29.7063
Packet Send:	2333	29.7064
Packet Send:	2334	29.7593
Packet Send:	2335	29.7594
Packet Send:	2336	29.7595
Packet Send:	2337	29.7596
Packet Send:	2338	29.8129
Packet Send:	2339	29.813
Packet Send:	2340	29.8131
Packet Send:	2341	29.8132
Packet Send:	2342	29.8133
Packet Send:	2343	29.8663
Packet Send:	2344	29.8664
Packet Send:	2345	29.8665
Packet Send:	2346	29.8666
Packet Send:	2347	29.9199
Packet Send:	2348	29.9252
Packet Send:	2349	29.9253
Packet Send:	2350	29.9254
Packet Send:	2351	29.9255
Packet Send:	2352	29.9736
Packet Send:	2353	29.9768
Packet Send:	2354	29.9769
Packet Send:	2355	29.977
Packet Send:	2356	30.0269
Packet Send:	2357	30.0322
Packet Send:	2358	30.0323
Packet Send:	2359	30.0374
Packet Send:	2360	30.0375
Packet Send:	2361	30.0376
Packet Send:	2362	30.0805
Packet Send:	2363	30.1373
Packet Send:	2364	30.1374
Packet Send:	2365	30.1375
Packet Send:	2366	30.1376
Packet Send:	2367	30.1462
Packet Send:	2368	30.1464
Packet Send:	2369	30.1465
Packet Send:	2370	30.1466
Packet Send:	2371	30.1467
Packet Send:	2372	30.1468
Packet Send:	2373	30.2533
Packet Send:	2374	30.2534
Packet Send:	2375	30.2535
Packet Send:	2376	30.2536
Packet Send:	2377	30.2537
Packet Send:	2378	30.2601
Packet Send:	2379	30.2602
Packet Send:	2380	30.2603
Packet Send:	2381	30.2604
Packet Send:	2382	30.3071
Packet Send:	2383	30.312
Packet Send:	2384	30.3137
Packet Send:	2385	30.3656
Packet Send:	2386	30.3657
Packet Send:	2387	30.414
Packet Send:	2388	30.4141
Packet Send:	2389	30.4207
Packet Send:	2390	30.4208
Packet Send:	2391	30.4209
Packet Send:	2392	30.4674
Packet Send:	2393	30.4723
Packet Send:	2394	30.474
Packet Send:	2395	30.526
Packet Send:	2396	30.5261
Packet Send:	2397	30.5568
Packet Send:	2398	30.5569
Packet Send:	2399	30.557
Packet Send:	2400	30.5571
Packet Send:	2401	30.5812
Packet Send:	2402	30.6277
Packet Send:	2403	30.6278
Packet Send:	2404	30.6279
Packet Send:	2405	30.6864
Packet Send:	2406	30.6865
Packet Send:	2407	30.7174
Packet Send:	2408	30.7175
Packet Send:	2409	30.7176
Packet Send:	2410	30.7177
Packet Send:	2411	30.7415
Packet Send:	2412	30.7882
Packet Send:	2413	30.7883
Packet Send:	2414	30.7884
Packet Send:	2415	30.8468
Packet Send:	2416	30.8469
Packet Send:	2417	30.878
Packet Send:	2418	30.8781
Packet Send:	2419	30.8782
Packet Send:	2420	30.8783
Packet Send:	2421	30.9018
Packet Send:	2422	30.9487
Packet Send:	2423	30.9488
Packet Send:	2424	30.9489
Packet Send:	2425	31.0072
Packet Send:	2426	31.0073
Packet Send:	2427	31.0386
Packet Send:	2428	31.0387
Packet Send:	2429	31.0388
Packet Send:	2430	31.0389
Packet Send:	2431	31.0621
Packet Send:	2432	31.1092
Packet Send:	2433	31.1093
Packet Send:	2434	31.1094
Packet Send:	2435	31.1676
Packet Send:	2436	31.1677
Packet Send:	2437	31.1992
Packet Send:	2438	31.1993
Packet Send:	2439	31.1994
Packet Send:	2440	31.1995
Packet Send:	2441	31.2224
Packet Send:	2442	31.2225
Packet Send:	2443	31.2697
Packet Send:	2444	31.2698
Packet Send:	2445	31.3098
Packet Send:	2446	31.3099
Packet Send:	2447	31.31
Packet Send:	2448	31.3101
Packet Send:	2449	31.3296
Packet Send:	2450	31.3297
Packet Send:	2451	31.3298
Packet Send:	2452	31.3828
Packet Send:	2453	31.3829
Packet Send:	2454	31.4222
Packet Send:	2455	31.4223
Packet Send:	2456	31.4224
Packet Send:	2457	31.4225
Packet Send:	2458	31.4226
Packet Send:	2459	31.4227
Packet Send:	2460	31.4228
Packet Send:	2461	31.4229
Packet Send:	2462	31.423
Packet Send:	2463	31.5309
Packet Send:	2464	31.531
Packet Send:	2465	31.5311
Packet Send:	2466	31.5312
Packet Send:	2467	31.5361
Packet Send:	2468	31.5362
Packet Send:	2469	31.5363
Packet Send:	2470	31.5833
Packet Send:	2471	31.5834
Packet Send:	2472	31.5835
Packet Send:	2473	31.6447
Packet Send:	2474	31.6448
Packet Send:	2475	31.6449
Packet Send:	2476	31.645
Packet Send:	2477	31.6451
Packet Send:	2478	31.6481
Packet Send:	2479	31.6482
Packet Send:	2480	31.7436
Packet Send:	2481	31.7438
Packet Send:	2482	31.7439
Packet Send:	2483	31.7621
Packet Send:	2484	31.7624
Packet Send:	2485	31.7625
Packet Send:	2486	31.7626
Packet Send:	2487	31.7627
Packet Send:	2488	31.7628
Packet Send:	2489	31.7629
Packet Send:	2490	31.8157
Packet Send:	2491	31.8693
Packet Send:	2492	31.8694
Packet Send:	2493	31.8695
Packet Send:	2494	31.8776
Packet Send:	2495	31.8777
Packet Send:	2496	31.8779
Packet Send:	2497	31.878
Packet Send:	2498	31.8781
Packet Send:	2499	31.8782
Packet Send:	2500	31.976
Packet Send:	2501	31.9761
Packet Send:	2502	31.9846
Packet Send:	2503	31.9847
Packet Send:	2504	31.9848
Packet Send:	2505	31.9849
Packet Send:	2506	31.985
Packet Send:	2507	31.9851
Packet Send:	2508	31.9852
Packet Send:	2509	31.9853
Packet Send:	2510	32.0847
Packet Send:	2511	32.0848
Packet Send:	2512	32.095
Packet Send:	2513	32.0951
Packet Send:	2514	32.0952
Packet Send:	2515	32.1002
Packet Send:	2516	32.1003
Packet Send:	2517	32.1004
Packet Send:	2518	32.1035
Packet Send:	2519	32.1036
Packet Send:	2520	32.1115
Packet Send:	2521	32.1132
Packet Send:	2522	32.2055
Packet Send:	2523	32.2056
Packet Send:	2524	32.2057
Packet Send:	2525	32.2123
Packet Send:	2526	32.2124
Packet Send:	2527	32.2125
Packet Send:	2528	32.2126
Packet Send:	2529	32.2639
Packet Send:	2530	32.2718
Packet Send:	2531	32.2735
Packet Send:	2532	32.3212
Packet Send:	2533	32.3213
Packet Send:	2534	32.3214
Packet Send:	2535	32.3215
Packet Send:	2536	32.3216
Packet Send:	2537	32.3217
Packet Send:	2538	32.3729
Packet Send:	2539	32.3788
Packet Send:	2540	32.3789
Packet Send:	2541	32.4282
Packet Send:	2542	32.4283
Packet Send:	2543	32.4284
Packet Send:	2544	32.4368
Packet Send:	2545	32.4369
Packet Send:	2546	32.437
Packet Send:	2547	32.4371
Packet Send:	2548	32.4875
Packet Send:	2549	32.4876
Packet Send:	2550	32.4877
Packet Send:	2551	32.5386
Packet Send:	2552	32.5387
Packet Send:	2553	32.5388
Packet Send:	2554	32.5472
Packet Send:	2555	32.5473
Packet Send:	2556	32.5474
Packet Send:	2557	32.5963
Packet Send:	2558	32.5964
Packet Send:	2559	32.5965
Packet Send:	2560	32.5966
Packet Send:	2561	32.656
Packet Send:	2562	32.6562
Packet Send:	2563	32.6563
Packet Send:	2564	32.6564
Packet Send:	2565	32.6565
Packet Send:	2566	32.6566
Packet Send:	2567	32.6567
Packet Send:	2568	32.6568
Packet Send:	2569	32.6569
Packet Send:	2570	32.657
Packet Send:	2571	32.7647
Packet Send:	2572	32.7648
Packet Send:	2573	32.7766
Packet Send:	2574	32.7767
Packet Send:	2575	32.777
Packet Send:	2576	32.7771
Packet Send:	2577	32.7772
Packet Send:	2578	32.7773
Packet Send:	2579	32.7774
Packet Send:	2580	32.7775
Packet Send:	2581	32.894
Packet Send:	2582	32.8942
Packet Send:	2583	32.8945
Packet Send:	2584	32.8946
Packet Send:	2585	32.8947
Packet Send:	2586	32.8948
Packet Send:	2587	32.8949
Packet Send:	2588	32.895
Packet Send:	2589	32.8951
Packet Send:	2590	32.9378
Packet Send:	2591	32.9379
Packet Send:	2592	33.008
Packet Send:	2593	33.0081
Packet Send:	2594	33.0082
Packet Send:	2595	33.0083
Packet Send:	2596	33.0084
Packet Send:	2597	33.0085
Packet Send:	2598	33.0086
Packet Send:	2599	33.0466
Packet Send:	2600	33.0467
Packet Send:	2601	33.0468
Packet Send:	2602	33.0469
Packet Send:	2603	33.1235
Packet Send:	2604	33.1238
Packet Send:	2605	33.1239
Packet Send:	2606	33.124
Packet Send:	2607	33.1241
Packet Send:	2608	33.1242
Packet Send:	2609	33.1606
Packet Send:	2610	33.1607
Packet Send:	2611	33.1608
Packet Send:	2612	33.1609
Packet Send:	2613	33.2838
Packet Send:	2614	33.2842
Packet Send:	2615	33.2843
Packet Send:	2616	33.2844
Packet Send:	2617	33.2845
Packet Send:	2618	33.2846
Packet Send:	2619	33.2847
Packet Send:	2620	33.2848
Packet Send:	2621	33.3211
Packet Send:	2622	33.3212
Packet Send:	2623	33.3925
Packet Send:	2624	33.3926
Packet Send:	2625	33.3993
Packet Send:	2626	33.3994
Packet Send:	2627	33.3995
Packet Send:	2628	33.3996
Packet Send:	2629	33.3997
Packet Send:	2630	33.4312
Packet Send:	2631	33.4313
Packet Send:	2632	33.4314
Packet Send:	2633	33.4563
Packet Send:	2634	33.5098
Packet Send:	2635	33.51
Packet Send:	2636	33.5101
Packet Send:	2637	33.5102
Packet Send:	2638	33.5103
Packet Send:	2639	33.5104
Packet Send:	2640	33.5468
Packet Send:	2641	33.5485
Packet Send:	2642	33.5502
Packet Send:	2643	33.6166
Packet Send:	2644	33.6167
Packet Send:	2645	33.6203
Packet Send:	2646	33.6204
Packet Send:	2647	33.6205
Packet Send:	2648	33.6575
Packet Send:	2649	33.6576
Packet Send:	2650	33.6577
Packet Send:	2651	33.6578
Packet Send:	2652	33.6579
Packet Send:	2653	33.7253
Packet Send:	2654	33.7254
Packet Send:	2655	33.7255
Packet Send:	2656	33.7808
Packet Send:	2657	33.7809
Packet Send:	2658	33.8182
Packet Send:	2659	33.8183
Packet Send:	2660	33.8184
Packet Send:	2661	33.8185
Packet Send:	2662	33.8186
Packet Send:	2663	33.8686
Packet Send:	2664	33.8687
Packet Send:	2665	33.8688
Packet Send:	2666	33.9412
Packet Send:	2667	33.9413
Packet Send:	2668	33.9789
Packet Send:	2669	33.979
Packet Send:	2670	33.9791
Packet Send:	2671	33.9792
Packet Send:	2672	33.9793
Packet Send:	2673	34.0291
Packet Send:	2674	34.0292
Packet Send:	2675	34.0293
Packet Send:	2676	34.1016
Packet Send:	2677	34.1017
Packet Send:	2678	34.1396
Packet Send:	2679	34.1397
Packet Send:	2680	34.1398
Packet Send:	2681	34.1399
Packet Send:	2682	34.14
Packet Send:	2683	34.1896
Packet Send:	2684	34.1897
Packet Send:	2685	34.1898
Packet Send:	2686	34.262
Packet Send:	2687	34.2621
Packet Send:	2688	34.3003
Packet Send:	2689	34.3004
Packet Send:	2690	34.3005
Packet Send:	2691	34.3006
Packet Send:	2692	34.3007
Packet Send:	2693	34.3501
Packet Send:	2694	34.3502
Packet Send:	2695	34.3503
Packet Send:	2696	34.4224
Packet Send:	2697	34.4225
Packet Send:	2698	34.461
Packet Send:	2699	34.4611
Packet Send:	2700	34.4612
Packet Send:	2701	34.4613
Packet Send:	2702	34.4614
Packet Send:	2703	34.5105
Packet Send:	2704	34.5106
Packet Send:	2705	34.5107
Packet Send:	2706	34.5828
Packet Send:	2707	34.5829
Packet Send:	2708	34.583
Packet Send:	2709	34.6072
Packet Send:	2710	34.6073
Packet Send:	2711	34.6074
Packet Send:	2712	34.6175
Packet Send:	2713	34.6176
Packet Send:	2714	34.6177
Packet Send:	2715	34.671
Packet Send:	2716	34.6711
Packet Send:	2717	34.6933
Packet Send:	2718	34.6934
Packet Send:	2719	34.6935
Packet Send:	2720	34.7176
Packet Send:	2721	34.7177
Packet Send:	2722	34.7252
Packet Send:	2723	34.778
Packet Send:	2724	34.7781
Packet Send:	2725	34.7797
Packet Send:	2726	34.7798
Packet Send:	2727	34.7799
Packet Send:	2728	34.78
Packet Send:	2729	34.8538
Packet Send:	2730	34.8539
Packet Send:	2731	34.878
Packet Send:	2732	34.8855
Packet Send:	2733	34.8856
Packet Send:	2734	34.8857
Packet Send:	2735	34.8858
Packet Send:	2736	34.8859
Packet Send:	2737	34.886
Packet Send:	2738	34.9403
Packet Send:	2739	34.9404
Packet Send:	2740	35.001
Packet Send:	2741	35.0014
Packet Send:	2742	35.0015
Packet Send:	2743	35.0016
Packet Send:	2744	35.0017
Packet Send:	2745	35.0018
Packet Send:	2746	35.0019
Packet Send:	2747	35.002
Packet Send:	2748	35.1007
Packet Send:	2749	35.1008
Packet Send:	2750	35.1009
Packet Send:	2751	35.101
Packet Send:	2752	35.1011
Packet Send:	2753	35.1165
Packet Send:	2754	35.1166
Packet Send:	2755	35.1167
Packet Send:	2756	35.1168
Packet Send:	2757	35.1169
Packet Send:	2758	35.2111
Packet Send:	2759	35.2112
Packet Send:	2760	35.2113
Packet Send:	2761	35.2145
Packet Send:	2762	35.2146
Packet Send:	2763	35.2147
Packet Send:	2764	35.2235
Packet Send:	2765	35.277
Packet Send:	2766	35.2772
Packet Send:	2767	35.2773
Packet Send:	2768	35.3233
Packet Send:	2769	35.3234
Packet Send:	2770	35.3235
Packet Send:	2771	35.3236
Packet Send:	2772	35.3237
Packet Send:	2773	35.3238
Packet Send:	2774	35.3838
Packet Send:	2775	35.3839
Packet Send:	2776	35.384
Packet Send:	2777	35.4303
Packet Send:	2778	35.4304
Packet Send:	2779	35.4841
Packet Send:	2780	35.4842
Packet Send:	2781	35.4843
Packet Send:	2782	35.4844
Packet Send:	2783	35.4845
Packet Send:	2784	35.4846
Packet Send:	2785	35.4942
Packet Send:	2786	35.4943
Packet Send:	2787	35.5907
Packet Send:	2788	35.5908
Packet Send:	2789	35.5964
Packet Send:	2790	35.5965
Packet Send:	2791	35.5966
Packet Send:	2792	35.5967
Packet Send:	2793	35.6449
Packet Send:	2794	35.645
Packet Send:	2795	35.6545
Packet Send:	2796	35.6546
Packet Send:	2797	35.6547
Packet Send:	2798	35.6977
Packet Send:	2799	35.7538
Packet Send:	2800	35.754
Packet Send:	2801	35.7541
Packet Send:	2802	35.7542
Packet Send:	2803	35.7543
Packet Send:	2804	35.7544
Packet Send:	2805	35.7545
Packet Send:	2806	35.815
Packet Send:	2807	35.8151
Packet Send:	2808	35.858
Packet Send:	2809	35.8581
Packet Send:	2810	35.8582
Packet Send:	2811	35.8583
Packet Send:	2812	35.9148
Packet Send:	2813	35.9149
Packet Send:	2814	35.915
Packet Send:	2815	35.9151
Packet Send:	2816	35.9152
Packet Send:	2817	35.9754
Packet Send:	2818	35.9755
Packet Send:	2819	36.0183
Packet Send:	2820	36.0185
Packet Send:	2821	36.0186
Packet Send:	2822	36.0187
Packet Send:	2823	36.0188
Packet Send:	2824	36.0754
Packet Send:	2825	36.0755
Packet Send:	2826	36.0756
Packet Send:	2827	36.0757
Packet Send:	2828	36.1254
Packet Send:	2829	36.1255
Packet Send:	2830	36.1256
Packet Send:	2831	36.1305
Packet Send:	2832	36.1306
Packet Send:	2833	36.1791
Packet Send:	2834	36.1858
Packet Send:	2835	36.1859
Packet Send:	2836	36.186
Packet Send:	2837	36.1861
Packet Send:	2838	36.2359
Packet Send:	2839	36.236
Packet Send:	2840	36.2361
Packet Send:	2841	36.2362
Packet Send:	2842	36.2363
Packet Send:	2843	36.2364
Packet Send:	2844	36.2365
Packet Send:	2845	36.2445
Packet Send:	2846	36.2462
Packet Send:	2847	36.2463
Packet Send:	2848	36.3446
Packet Send:	2849	36.3447
Packet Send:	2850	36.3448
Packet Send:	2851	36.3449
Packet Send:	2852	36.345
Packet Send:	2853	36.3451
Packet Send:	2854	36.3452
Packet Send:	2855	36.3583
Packet Send:	2856	36.3584
Packet Send:	2857	36.3585
Packet Send:	2858	36.3714
Packet Send:	2859	36.425
Packet Send:	2860	36.4786
Packet Send:	2861	36.4792
Packet Send:	2862	36.4793
Packet Send:	2863	36.4794
Packet Send:	2864	36.4795
Packet Send:	2865	36.4796
Packet Send:	2866	36.4797
Packet Send:	2867	36.4798
Packet Send:	2868	36.4799
Packet Send:	2869	36.48
Packet Send:	2870	36.6389
Packet Send:	2871	36.6396
Packet Send:	2872	36.6397
Packet Send:	2873	36.64
Packet Send:	2874	36.6401
Packet Send:	2875	36.6403
Packet Send:	2876	36.6404
Packet Send:	2877	36.6405
Packet Send:	2878	36.6406
Packet Send:	2879	36.6407
Packet Send:	2880	36.7493
Packet Send:	2881	36.7494
Packet Send:	2882	36.7495
Packet Send:	2883	36.7496
Packet Send:	2884	36.7578
Packet Send:	2885	36.758
Packet Send:	2886	36.7581
Packet Send:	2887	36.7582
Packet Send:	2888	36.7583
Packet Send:	2889	36.7584
Packet Send:	2890	36.8598
Packet Send:	2891	36.8599
Packet Send:	2892	36.86
Packet Send:	2893	36.8601
Packet Send:	2894	36.8602
Packet Send:	2895	36.8649
Packet Send:	2896	36.8666
Packet Send:	2897	36.8683
Packet Send:	2898	36.9186
Packet Send:	2899	36.9187
Packet Send:	2900	36.9188
Packet Send:	2901	36.9189
Packet Send:	2902	36.9719
Packet Send:	2903	36.972
Packet Send:	2904	36.9721
Packet Send:	2905	36.9788
Packet Send:	2906	36.9789
Packet Send:	2907	36.979
Packet Send:	2908	36.9791
Packet Send:	2909	36.9792
Packet Send:	2910	37.0255
Packet Send:	2911	37.079
Packet Send:	2912	37.0791
Packet Send:	2913	37.1324
Packet Send:	2914	37.1325
Packet Send:	2915	37.1395
Packet Send:	2916	37.1396
Packet Send:	2917	37.1397
Packet Send:	2918	37.1398
Packet Send:	2919	37.1399
Packet Send:	2920	37.14
Packet Send:	2921	37.2394
Packet Send:	2922	37.2395
Packet Send:	2923	37.2928
Packet Send:	2924	37.2929
Packet Send:	2925	37.3003
Packet Send:	2926	37.3004
Packet Send:	2927	37.3005
Packet Send:	2928	37.3006
Packet Send:	2929	37.3007
Packet Send:	2930	37.3008
Packet Send:	2931	37.3998
Packet Send:	2932	37.3999
Packet Send:	2933	37.4532
Packet Send:	2934	37.4533
Packet Send:	2935	37.4611
Packet Send:	2936	37.4612
Packet Send:	2937	37.4613
Packet Send:	2938	37.4614
Packet Send:	2939	37.4615
Packet Send:	2940	37.4616
Packet Send:	2941	37.5602
Packet Send:	2942	37.5603
Packet Send:	2943	37.6136
Packet Send:	2944	37.6137
Packet Send:	2945	37.6219
Packet Send:	2946	37.622
Packet Send:	2947	37.6221
Packet Send:	2948	37.6222
Packet Send:	2949	37.6223
Packet Send:	2950	37.6224
Packet Send:	2951	37.7206
Packet Send:	2952	37.7207
Packet Send:	2953	37.774
Packet Send:	2954	37.7741
Packet Send:	2955	37.7827
Packet Send:	2956	37.7828
Packet Send:	2957	37.7829
Packet Send:	2958	37.783
Packet Send:	2959	37.7831
Packet Send:	2960	37.7832
Packet Send:	2961	37.881
Packet Send:	2962	37.8811
Packet Send:	2963	37.898
Packet Send:	2964	37.8981
Packet Send:	2965	37.8982
Packet Send:	2966	37.9432
Packet Send:	2967	37.9433
Packet Send:	2968	37.9434
Packet Send:	2969	37.9435
Packet Send:	2970	37.9436
Packet Send:	2971	37.9437
Packet Send:	2972	38.005
Packet Send:	2973	38.0051
Packet Send:	2974	38.0084
Packet Send:	2975	38.0085
Packet Send:	2976	38.0086
Packet Send:	2977	38.1039
Packet Send:	2978	38.104
Packet Send:	2979	38.1041
Packet Send:	2980	38.1042
Packet Send:	2981	38.1043
Packet Send:	2982	38.1044
Packet Send:	2983	38.1154
Packet Send:	2984	38.1155
Packet Send:	2985	38.1156
Packet Send:	2986	38.1689
Packet Send:	2987	38.2144
Packet Send:	2988	38.2145
Packet Send:	2989	38.2146
Packet Send:	2990	38.2147
Packet Send:	2991	38.2148
Packet Send:	2992	38.2149
Packet Send:	2993	38.2261
Packet Send:	2994	38.2262
Packet Send:	2995	38.2263
Packet Send:	2996	38.3248
Packet Send:	2997	38.325
Packet Send:	2998	38.3251
Packet Send:	2999	38.3252
Packet Send:	3000	38.3349
Packet Send:	3001	38.3351
Packet Send:	3002	38.3352
Packet Send:	3003	38.3353
Packet Send:	3004	38.3354
Packet Send:	3005	38.3355
Packet Send:	3006	38.3801
Packet Send:	3007	38.3802
Packet Send:	3008	38.3803
Packet Send:	3009	38.4419
Packet Send:	3010	38.442
Packet Send:	3011	38.4421
Packet Send:	3012	38.4422
Packet Send:	3013	38.4423
Packet Send:	3014	38.4504
Packet Send:	3015	38.4505
Packet Send:	3016	38.4906
Packet Send:	3017	38.4907
Packet Send:	3018	38.4908
Packet Send:	3019	38.5023
Packet Send:	3020	38.556
Packet Send:	3021	38.5561
Packet Send:	3022	38.5562
Packet Send:	3023	38.5563
Packet Send:	3024	38.5564
Packet Send:	3025	38.5565
Packet Send:	3026	38.5566
Packet Send:	3027	38.5567
Packet Send:	3028	38.5977
Packet Send:	3029	38.6092
Packet Send:	3030	38.6647
Packet Send:	3031	38.6648
Packet Send:	3032	38.6649
Packet Send:	3033	38.665
Packet Send:	3034	38.6651
Packet Send:	3035	38.6652
Packet Send:	3036	38.6653
Packet Send:	3037	38.6654
Packet Send:	3038	38.6655
Packet Send:	3039	38.7695
Packet Send:	3040	38.7696
Packet Send:	3041	38.7768
Packet Send:	3042	38.7769
Packet Send:	3043	38.777
Packet Send:	3044	38.8255
Packet Send:	3045	38.8258
Packet Send:	3046	38.8259
Packet Send:	3047	38.826
Packet Send:	3048	38.8261
Packet Send:	3049	38.8262
Packet Send:	3050	38.8263
Packet Send:	3051	38.9372
Packet Send:	3052	38.9373
Packet Send:	3053	38.9374
Packet Send:	3054	38.9375
Packet Send:	3055	38.9394
Packet Send:	3056	38.9396
Packet Send:	3057	38.9397
Packet Send:	3058	38.9398
Packet Send:	3059	38.9866
Packet Send:	3060	38.9867
Packet Send:	3061	39.0477
Packet Send:	3062	39.0478
Packet Send:	3063	39.0479
Packet Send:	3064	39.048
Packet Send:	3065	39.0528
Packet Send:	3066	39.0529
Packet Send:	3067	39.053
Packet Send:	3068	39.1001
Packet Send:	3069	39.1469
Packet Send:	3070	39.147
Packet Send:	3071	39.1471
Packet Send:	3072	39.1472
Packet Send:	3073	39.1473
Packet Send:	3074	39.1474
Packet Send:	3075	39.1649
Packet Send:	3076	39.165
Packet Send:	3077	39.1651
Packet Send:	3078	39.1652
Packet Send:	3079	39.2556
Packet Send:	3080	39.2557
Packet Send:	3081	39.2625
Packet Send:	3082	39.2626
Packet Send:	3083	39.2627
Packet Send:	3084	39.2628
Packet Send:	3085	39.2629
Packet Send:	3086	39.263
Packet Send:	3087	39.2631
Packet Send:	3088	39.2721
Packet Send:	3089	39.2824
Packet Send:	3090	39.3246
Packet Send:	3091	39.3781
Packet Send:	3092	39.3785
Packet Send:	3093	39.3786
Packet Send:	3094	39.3787
Packet Send:	3095	39.3788
Packet Send:	3096	39.3789
Packet Send:	3097	39.4234
Packet Send:	3098	39.4324
Packet Send:	3099	39.4427
Packet Send:	3100	39.4849
Packet Send:	3101	39.4886
Packet Send:	3102	39.4887
Packet Send:	3103	39.4888
Packet Send:	3104	39.5304
Packet Send:	3105	39.5306
Packet Send:	3106	39.5307
Packet Send:	3107	39.5308
Packet Send:	3108	39.5309
Packet Send:	3109	39.531
Packet Send:	3110	39.5311
Packet Send:	3111	39.6374
Packet Send:	3112	39.6375
Packet Send:	3113	39.6376
Packet Send:	3114	39.6377
Packet Send:	3115	39.6378
Packet Send:	3116	39.6379
Packet Send:	3117	39.638
Packet Send:	3118	39.6477
Packet Send:	3119	39.6478
Packet Send:	3120	39.6479
Packet Send:	3121	39.7461
Packet Send:	3122	39.7462
Packet Send:	3123	39.7463
Packet Send:	3124	39.7464
Packet Send:	3125	39.7529
Packet Send:	3126	39.753
Packet Send:	3127	39.7563
Packet Send:	3128	39.7564
Packet Send:	3129	39.8082
Packet Send:	3130	39.8083
Packet Send:	3131	39.8084
Packet Send:	3132	39.9066
Packet Send:	3133	39.9067
Packet Send:	3134	39.9068
Packet Send:	3135	39.9133
Packet Send:	3136	39.9134
Packet Send:	3137	39.9152
Packet Send:	3138	39.9153
Packet Send:	3139	39.9154
Packet Send:	3140	39.9155
Packet Send:	3141	39.9687
Packet Send:	3142	39.9688
Packet Send:	3143	40.0204
Packet Send:	3144	40.0205
Packet Send:	3145	40.0206
Packet Send:	3146	40.0207
Packet Send:	3147	40.0208
Packet Send:	3148	40.0222
Packet Send:	3149	40.0239
Packet Send:	3150	40.0256
Packet Send:	3151	40.0257
Packet Send:	3152	40.0258
Packet Send:	3153	40.1345
Packet Send:	3154	40.1346
Packet Send:	3155	40.1347
Packet Send:	3156	40.1348
Packet Send:	3157	40.1349
Packet Send:	3158	40.135
Packet Send:	3159	40.1393
Packet Send:	3160	40.1394
Packet Send:	3161	40.1395
Packet Send:	3162	40.1396
Packet Send:	3163	40.1932
Packet Send:	3164	40.2467
Packet Send:	3165	40.2468
Packet Send:	3166	40.2469
Packet Send:	3167	40.247
Packet Send:	3168	40.2471
Packet Send:	3169	40.2472
Packet Send:	3170	40.2473
Packet Send:	3171	40.2474
Packet Send:	3172	40.2999
Packet Send:	3173	40.3
Packet Send:	3174	40.3626
Packet Send:	3175	40.3627
Packet Send:	3176	40.3628
Packet Send:	3177	40.3629
Packet Send:	3178	40.363
Packet Send:	3179	40.3631
Packet Send:	3180	40.3632
Packet Send:	3181	40.3865
Packet Send:	3182	40.3866
Packet Send:	3183	40.4603
Packet Send:	3184	40.5232
Packet Send:	3185	40.5234
Packet Send:	3186	40.5235
Packet Send:	3187	40.5236
Packet Send:	3188	40.5237
Packet Send:	3189	40.5238
Packet Send:	3190	40.5239
Packet Send:	3191	40.5283
Packet Send:	3192	40.5469
Packet Send:	3193	40.6206
Packet Send:	3194	40.6835
Packet Send:	3195	40.6842
Packet Send:	3196	40.6843
Packet Send:	3197	40.6844
Packet Send:	3198	40.6845
Packet Send:	3199	40.6846
Packet Send:	3200	40.6847
Packet Send:	3201	40.6886
Packet Send:	3202	40.7072
Packet Send:	3203	40.7809
Packet Send:	3204	40.8438
Packet Send:	3205	40.845
Packet Send:	3206	40.8451
Packet Send:	3207	40.8452
Packet Send:	3208	40.8453
Packet Send:	3209	40.8454
Packet Send:	3210	40.8455
Packet Send:	3211	40.8489
Packet Send:	3212	40.8675
Packet Send:	3213	40.9412
Packet Send:	3214	41.0041
Packet Send:	3215	41.0058
Packet Send:	3216	41.0059
Packet Send:	3217	41.006
Packet Send:	3218	41.0061
Packet Send:	3219	41.0062
Packet Send:	3220	41.0063
Packet Send:	3221	41.0092
Packet Send:	3222	41.0278
Packet Send:	3223	41.1015
Packet Send:	3224	41.1644
Packet Send:	3225	41.1645
Packet Send:	3226	41.1646
Packet Send:	3227	41.1647
Packet Send:	3228	41.1648
Packet Send:	3229	41.1649
Packet Send:	3230	41.1666
Packet Send:	3231	41.1695
Packet Send:	3232	41.1881
Packet Send:	3233	41.2618
Packet Send:	3234	41.2619
Packet Send:	3235	41.2766
Packet Send:	3236	41.2767
Packet Send:	3237	41.2768
Packet Send:	3238	41.2835
Packet Send:	3239	41.2836
Packet Send:	3240	41.2837
Packet Send:	3241	41.2838
Packet Send:	3242	41.2839
Packet Send:	3243	41.3854
Packet Send:	3244	41.3855
Packet Send:	3245	41.3856
Packet Send:	3246	41.3857
Packet Send:	3247	41.3858
Packet Send:	3248	41.4439
Packet Send:	3249	41.4442
Packet Send:	3250	41.4443
Packet Send:	3251	41.4444
Packet Send:	3252	41.4445
Packet Send:	3253	41.4959
Packet Send:	3254	41.496
Packet Send:	3255	41.4961
Packet Send:	3256	41.5461
Packet Send:	3257	41.5462
Packet Send:	3258	41.6042
Packet Send:	3259	41.6043
Packet Send:	3260	41.6046
Packet Send:	3261	41.6048
Packet Send:	3262	41.6049
Packet Send:	3263	41.605
Packet Send:	3264	41.6051
Packet Send:	3265	41.6052
Packet Send:	3266	41.6053
Packet Send:	3267	41.6054
Packet Send:	3268	41.7129
Packet Send:	3269	41.713
Packet Send:	3270	41.7131
Packet Send:	3271	41.7199
Packet Send:	3272	41.72
Packet Send:	3273	41.7201
Packet Send:	3274	41.7202
Packet Send:	3275	41.7655
Packet Send:	3276	41.7657
Packet Send:	3277	41.7658
Packet Send:	3278	41.7659
Packet Send:	3279	41.766
Packet Send:	3280	41.7661
Packet Send:	3281	41.7662
Packet Send:	3282	41.8727
Packet Send:	3283	41.8728
Packet Send:	3284	41.8729
Packet Send:	3285	41.873
Packet Send:	3286	41.9265
Packet Send:	3287	41.9266
Packet Send:	3288	41.9267
Packet Send:	3289	41.9268
Packet Send:	3290	41.9269
Packet Send:	3291	41.927
Packet Send:	3292	42.0331
Packet Send:	3293	42.0332
Packet Send:	3294	42.0333
Packet Send:	3295	42.0334
Packet Send:	3296	42.0335
Packet Send:	3297	42.037
Packet Send:	3298	42.0371
Packet Send:	3299	42.0372
Packet Send:	3300	42.0872
Packet Send:	3301	42.0873
Packet Send:	3302	42.0874
Packet Send:	3303	42.1471
Packet Send:	3304	42.1472
Packet Send:	3305	42.1473
Packet Send:	3306	42.1474
Packet Send:	3307	42.1973
Packet Send:	3308	42.1975
Packet Send:	3309	42.1976
Packet Send:	3310	42.1977
Packet Send:	3311	42.1978
Packet Send:	3312	42.1979
Packet Send:	3313	42.2041
Packet Send:	3314	42.2058
Packet Send:	3315	42.2059
Packet Send:	3316	42.306
Packet Send:	3317	42.3061
Packet Send:	3318	42.3062
Packet Send:	3319	42.3063
Packet Send:	3320	42.3064
Packet Send:	3321	42.3065
Packet Send:	3322	42.3066
Packet Send:	3323	42.3162
Packet Send:	3324	42.3163
Packet Send:	3325	42.3662
Packet Send:	3326	42.3663
Packet Send:	3327	42.3664
Packet Send:	3328	42.3665
Packet Send:	3329	42.4232
Packet Send:	3330	42.4233
Packet Send:	3331	42.4234
Packet Send:	3332	42.4235
Packet Send:	3333	42.4236
Packet Send:	3334	42.4733
Packet Send:	3335	42.4734
Packet Send:	3336	42.4735
Packet Send:	3337	42.5267
Packet Send:	3338	42.5268
Packet Send:	3339	42.5269
Packet Send:	3340	42.5336
Packet Send:	3341	42.5337
Packet Send:	3342	42.5338
Packet Send:	3343	42.5339
Packet Send:	3344	42.534
Packet Send:	3345	42.6337
Packet Send:	3346	42.6339
Packet Send:	3347	42.634
Packet Send:	3348	42.6341
Packet Send:	3349	42.6424
Packet Send:	3350	42.6425
Packet Send:	3351	42.6426
Packet Send:	3352	42.6457
Packet Send:	3353	42.6458
Packet Send:	3354	42.6459
Packet Send:	3355	42.696
Packet Send:	3356	42.7496
Packet Send:	3357	42.7497
Packet Send:	3358	42.7498
Packet Send:	3359	42.7499
Packet Send:	3360	42.75
Packet Send:	3361	42.8029
Packet Send:	3362	42.8031
Packet Send:	3363	42.8032
Packet Send:	3364	42.8033
Packet Send:	3365	42.8034
Packet Send:	3366	42.8601
Packet Send:	3367	42.8602
Packet Send:	3368	42.8603
Packet Send:	3369	42.9099
Packet Send:	3370	42.91
Packet Send:	3371	42.9101
Packet Send:	3372	42.9634
Packet Send:	3373	42.9635
Packet Send:	3374	42.9637
Packet Send:	3375	42.9638
Packet Send:	3376	42.9639
Packet Send:	3377	43.0206
Packet Send:	3378	43.0207
Packet Send:	3379	43.0702
Packet Send:	3380	43.0703
Packet Send:	3381	43.0704
Packet Send:	3382	43.0705
Packet Send:	3383	43.1238
Packet Send:	3384	43.124
Packet Send:	3385	43.1241
Packet Send:	3386	43.1242
Packet Send:	3387	43.1243
Packet Send:	3388	43.1772
Packet Send:	3389	43.1773
Packet Send:	3390	43.2306
Packet Send:	3391	43.2308
Packet Send:	3392	43.2309
Packet Send:	3393	43.2841
Packet Send:	3394	43.2845
Packet Send:	3395	43.2846
Packet Send:	3396	43.2847
Packet Send:	3397	43.2848
Packet Send:	3398	43.3376
Packet Send:	3399	43.3377
Packet Send:	3400	43.3393
Packet Send:	3401	43.3394
Packet Send:	3402	43.3395
Packet Send:	3403	43.4444
Packet Send:	3404	43.445
Packet Send:	3405	43.4451
Packet Send:	3406	43.4452
Packet Send:	3407	43.4453
Packet Send:	3408	43.4454
Packet Send:	3409	43.4481
Packet Send:	3410	43.4482
Packet Send:	3411	43.4483
Packet Send:	3412	43.4998
Packet Send:	3413	43.5549
Packet Send:	3414	43.555
Packet Send:	3415	43.5551
Packet Send:	3416	43.5552
Packet Send:	3417	43.5618
Packet Send:	3418	43.5619
Packet Send:	3419	43.562
Packet Send:	3420	43.5621
Packet Send:	3421	43.6086
Packet Send:	3422	43.6601
Packet Send:	3423	43.6602
Packet Send:	3424	43.6654
Packet Send:	3425	43.6655
Packet Send:	3426	43.6705
Packet Send:	3427	43.6706
Packet Send:	3428	43.6707
Packet Send:	3429	43.6739
Packet Send:	3430	43.674
Packet Send:	3431	43.6741
Packet Send:	3432	43.8205
Packet Send:	3433	43.8206
Packet Send:	3434	43.8258
Packet Send:	3435	43.8259
Packet Send:	3436	43.8308
Packet Send:	3437	43.831
Packet Send:	3438	43.8311
Packet Send:	3439	43.8312
Packet Send:	3440	43.8313
Packet Send:	3441	43.8314
Packet Send:	3442	43.9809
Packet Send:	3443	43.981
Packet Send:	3444	43.9862
Packet Send:	3445	43.9863
Packet Send:	3446	43.9911
Packet Send:	3447	43.9917
Packet Send:	3448	43.9918
Packet Send:	3449	43.9919
Packet Send:	3450	43.992
Packet Send:	3451	43.9921
Packet Send:	3452	44.1413
Packet Send:	3453	44.1414
Packet Send:	3454	44.1466
Packet Send:	3455	44.1467
Packet Send:	3456	44.1514
Packet Send:	3457	44.1524
Packet Send:	3458	44.1525
Packet Send:	3459	44.1526
Packet Send:	3460	44.1527
Packet Send:	3461	44.1528
Packet Send:	3462	44.3017
Packet Send:	3463	44.3018
Packet Send:	3464	44.307
Packet Send:	3465	44.3071
Packet Send:	3466	44.3117
Packet Send:	3467	44.3131
Packet Send:	3468	44.3132
Packet Send:	3469	44.3133
Packet Send:	3470	44.3134
Packet Send:	3471	44.3135
Packet Send:	3472	44.3991
Packet Send:	3473	44.4621
Packet Send:	3474	44.4673
Packet Send:	3475	44.4674
Packet Send:	3476	44.4675
Packet Send:	3477	44.4676
Packet Send:	3478	44.4677
Packet Send:	3479	44.4736
Packet Send:	3480	44.4737
Packet Send:	3481	44.4738
Packet Send:	3482	44.4739
Packet Send:	3483	44.4889
Packet Send:	3484	44.576
Packet Send:	3485	44.5761
Packet Send:	3486	44.5762
Packet Send:	3487	44.5763
Packet Send:	3488	44.5764
Packet Send:	3489	44.5765
Packet Send:	3490	44.5766
Packet Send:	3491	44.5767
Packet Send:	3492	44.596
Packet Send:	3493	44.5961
Packet Send:	3494	44.6028
Packet Send:	3495	44.6881
Packet Send:	3496	44.6882
Packet Send:	3497	44.6883
Packet Send:	3498	44.6884
Packet Send:	3499	44.6932
Packet Send:	3500	44.6933
Packet Send:	3501	44.7048
Packet Send:	3502	44.7049
Packet Send:	3503	44.705
Packet Send:	3504	44.7097
Packet Send:	3505	44.7149
Packet Send:	3506	44.8003
Packet Send:	3507	44.8004
Packet Send:	3508	44.8005
Packet Send:	3509	44.8006
Packet Send:	3510	44.8119
Packet Send:	3511	44.812
Packet Send:	3512	44.8169
Packet Send:	3513	44.817
Packet Send:	3514	44.8171
Packet Send:	3515	44.8218
Packet Send:	3516	44.8271
Packet Send:	3517	44.9125
Packet Send:	3518	44.9126
Packet Send:	3519	44.9127
Packet Send:	3520	44.9128
Packet Send:	3521	44.9239
Packet Send:	3522	44.924
Packet Send:	3523	44.929
Packet Send:	3524	44.9291
Packet Send:	3525	44.9292
Packet Send:	3526	44.9293
Packet Send:	3527	44.9393
Packet Send:	3528	45.0247
Packet Send:	3529	45.0248
Packet Send:	3530	45.0249
Packet Send:	3531	45.025
Packet Send:	3532	45.0251
Packet Send:	3533	45.0252
Packet Send:	3534	45.0466
Packet Send:	3535	45.0467
Packet Send:	3536	45.0468
Packet Send:	3537	45.0469
Packet Send:	3538	45.0515
Packet Send:	3539	45.0532
Packet Send:	3540	45.1368
Packet Send:	3541	45.1369
Packet Send:	3542	45.137
Packet Send:	3543	45.1371
Packet Send:	3544	45.1571
Packet Send:	3545	45.1572
Packet Send:	3546	45.1573
Packet Send:	3547	45.1574
Packet Send:	3548	45.1575
Packet Send:	3549	45.1601
Packet Send:	3550	45.2455
Packet Send:	3551	45.2456
Packet Send:	3552	45.2457
Packet Send:	3553	45.2458
Packet Send:	3554	45.2459
Packet Send:	3555	45.246
Packet Send:	3556	45.2692
Packet Send:	3557	45.2693
Packet Send:	3558	45.2694
Packet Send:	3559	45.3204
Packet Send:	3560	45.3764
Packet Send:	3561	45.3766
Packet Send:	3562	45.3767
Packet Send:	3563	45.3768
Packet Send:	3564	45.3769
Packet Send:	3565	45.377
Packet Send:	3566	45.3771
Packet Send:	3567	45.3772
Packet Send:	3568	45.3773
Packet Send:	3569	45.3774
Packet Send:	3570	45.4885
Packet Send:	3571	45.4887
Packet Send:	3572	45.4888
Packet Send:	3573	45.4889
Packet Send:	3574	45.489
Packet Send:	3575	45.4972
Packet Send:	3576	45.4973
Packet Send:	3577	45.4974
Packet Send:	3578	45.4975
Packet Send:	3579	45.4976
Packet Send:	3580	45.6006
Packet Send:	3581	45.6008
Packet Send:	3582	45.6009
Packet Send:	3583	45.601
Packet Send:	3584	45.606
Packet Send:	3585	45.6061
Packet Send:	3586	45.6062
Packet Send:	3587	45.6578
Packet Send:	3588	45.6579
Packet Send:	3589	45.658
Packet Send:	3590	45.7161
Packet Send:	3591	45.7163
Packet Send:	3592	45.7165
Packet Send:	3593	45.7166
Packet Send:	3594	45.7167
Packet Send:	3595	45.7168
Packet Send:	3596	45.7169
Packet Send:	3597	45.7647
Packet Send:	3598	45.8183
Packet Send:	3599	45.8184
Packet Send:	3600	45.8248
Packet Send:	3601	45.8249
Packet Send:	3602	45.825
Packet Send:	3603	45.8251
Packet Send:	3604	45.8268
Packet Send:	3605	45.8285
Packet Send:	3606	45.8772
Packet Send:	3607	45.925
Packet Send:	3608	45.9251
Packet Send:	3609	45.9252
Packet Send:	3610	45.9253
Packet Send:	3611	45.9352
Packet Send:	3612	45.9353
Packet Send:	3613	45.9354
Packet Send:	3614	45.9403
Packet Send:	3615	45.9404
Packet Send:	3616	45.9405
Packet Send:	3617	46.0421
Packet Send:	3618	46.0424
Packet Send:	3619	46.0425
Packet Send:	3620	46.0426
Packet Send:	3621	46.0427
Packet Send:	3622	46.0955
Packet Send:	3623	46.0956
Packet Send:	3624	46.0957
Packet Send:	3625	46.1007
Packet Send:	3626	46.1008
Packet Send:	3627	46.2024
Packet Send:	3628	46.203
Packet Send:	3629	46.2031
Packet Send:	3630	46.2032
Packet Send:	3631	46.2033
Packet Send:	3632	46.2034
Packet Send:	3633	46.2035
Packet Send:	3634	46.2077
Packet Send:	3635	46.2078
Packet Send:	3636	46.2611
Packet Send:	3637	46.3111
Packet Send:	3638	46.3112
Packet Send:	3639	46.3113
Packet Send:	3640	46.3114
Packet Send:	3641	46.3115
Packet Send:	3642	46.3116
Packet Send:	3643	46.3638
Packet Send:	3644	46.3681
Packet Send:	3645	46.3682
Packet Send:	3646	46.3683
Packet Send:	3647	46.3684
Packet Send:	3648	46.4215
Packet Send:	3649	46.4216
Packet Send:	3650	46.4249
Packet Send:	3651	46.425
Packet Send:	3652	46.4251
Packet Send:	3653	46.5241
Packet Send:	3654	46.5285
Packet Send:	3655	46.5286
Packet Send:	3656	46.5288
Packet Send:	3657	46.5289
Packet Send:	3658	46.529
Packet Send:	3659	46.5319
Packet Send:	3660	46.532
Packet Send:	3661	46.5321
Packet Send:	3662	46.5322
Packet Send:	3663	46.6372
Packet Send:	3664	46.6373
Packet Send:	3665	46.6374
Packet Send:	3666	46.6375
Packet Send:	3667	46.6376
Packet Send:	3668	46.6474
Packet Send:	3669	46.6476
Packet Send:	3670	46.6477
Packet Send:	3671	46.6478
Packet Send:	3672	46.6479
Packet Send:	3673	46.7459
Packet Send:	3674	46.746
Packet Send:	3675	46.7493
Packet Send:	3676	46.7494
Packet Send:	3677	46.7561
Packet Send:	3678	46.7562
Packet Send:	3679	46.7563
Packet Send:	3680	46.7564
Packet Send:	3681	46.7565
Packet Send:	3682	46.8082
Packet Send:	3683	46.8083
Packet Send:	3684	46.8084
Packet Send:	3685	46.8085
Packet Send:	3686	46.8086
Packet Send:	3687	46.9153
Packet Send:	3688	46.9156
Packet Send:	3689	46.9157
Packet Send:	3690	46.9158
Packet Send:	3691	46.9159
Packet Send:	3692	46.916
Packet Send:	3693	46.9161
Packet Send:	3694	46.9162
Packet Send:	3695	46.9163
Packet Send:	3696	46.9689
Packet Send:	3697	47.0543
Packet Send:	3698	47.0544
Packet Send:	3699	47.0545
Packet Send:	3700	47.0546
Packet Send:	3701	47.0547
Packet Send:	3702	47.0548
Packet Send:	3703	47.0549
Packet Send:	3704	47.055
Packet Send:	3705	47.0551
Packet Send:	3706	47.1292
Packet Send:	3707	47.2154
Packet Send:	3708	47.2155
Packet Send:	3709	47.2156
Packet Send:	3710	47.2157
Packet Send:	3711	47.2158
Packet Send:	3712	47.2159
Packet Send:	3713	47.216
Packet Send:	3714	47.2161
Packet Send:	3715	47.2162
Packet Send:	3716	47.2895
Packet Send:	3717	47.3765
Packet Send:	3718	47.3766
Packet Send:	3719	47.3767
Packet Send:	3720	47.3768
Packet Send:	3721	47.3769
Packet Send:	3722	47.377
Packet Send:	3723	47.3771
Packet Send:	3724	47.3772
Packet Send:	3725	47.3773
Packet Send:	3726	47.4498
Packet Send:	3727	47.5376
Packet Send:	3728	47.5377
Packet Send:	3729	47.5378
Packet Send:	3730	47.5379
Packet Send:	3731	47.538
Packet Send:	3732	47.5381
Packet Send:	3733	47.5382
Packet Send:	3734	47.5383
Packet Send:	3735	47.5384
Packet Send:	3736	47.6101
Packet Send:	3737	47.6979
Packet Send:	3738	47.6987
Packet Send:	3739	47.6988
Packet Send:	3740	47.6989
Packet Send:	3741	47.699
Packet Send:	3742	47.6991
Packet Send:	3743	47.6992
Packet Send:	3744	47.6993
Packet Send:	3745	47.6994
Packet Send:	3746	47.7091
Packet Send:	3747	47.7277
Packet Send:	3748	47.7294
Packet Send:	3749	47.8163
Packet Send:	3750	47.8165
Packet Send:	3751	47.8166
Packet Send:	3752	47.8167
Packet Send:	3753	47.8367
Packet Send:	3754	47.8368
Packet Send:	3755	47.8369
Packet Send:	3756	47.837
Packet Send:	3757	47.8371
Packet Send:	3758	47.8372
Packet Send:	3759	47.9284
Packet Send:	3760	47.9286
Packet Send:	3761	47.9287
Packet Send:	3762	47.9288
Packet Send:	3763	47.9436
Packet Send:	3764	47.9453
Packet Send:	3765	47.947
Packet Send:	3766	47.9487
Packet Send:	3767	47.9975
Packet Send:	3768	47.9976
Packet Send:	3769	47.9977
Packet Send:	3770	48.0544
Packet Send:	3771	48.0545
Packet Send:	3772	48.0546
Packet Send:	3773	48.0547
Packet Send:	3774	48.0548
Packet Send:	3775	48.0549
Packet Send:	3776	48.1063
Packet Send:	3777	48.1064
Packet Send:	3778	48.1065
Packet Send:	3779	48.158
Packet Send:	3780	48.1665
Packet Send:	3781	48.1667
Packet Send:	3782	48.1668
Packet Send:	3783	48.1669
Packet Send:	3784	48.167
Packet Send:	3785	48.1671
Packet Send:	3786	48.1672
Packet Send:	3787	48.2167
Packet Send:	3788	48.2168
Packet Send:	3789	48.2753
Packet Send:	3790	48.2754
Packet Send:	3791	48.2755
Packet Send:	3792	48.2786
Packet Send:	3793	48.2787
Packet Send:	3794	48.2788
Packet Send:	3795	48.3257
Packet Send:	3796	48.3258
Packet Send:	3797	48.3259
Packet Send:	3798	48.326
Packet Send:	3799	48.4357
Packet Send:	3800	48.4358
Packet Send:	3801	48.4359
Packet Send:	3802	48.436
Packet Send:	3803	48.4391
Packet Send:	3804	48.4392
Packet Send:	3805	48.4393
Packet Send:	3806	48.4394
Packet Send:	3807	48.4395
Packet Send:	3808	48.4863
Packet Send:	3809	48.4864
Packet Send:	3810	48.4978
Packet Send:	3811	48.5515
Packet Send:	3812	48.5516
Packet Send:	3813	48.5517
Packet Send:	3814	48.5518
Packet Send:	3815	48.5546
Packet Send:	3816	48.5547
Packet Send:	3817	48.5548
Packet Send:	3818	48.595
Packet Send:	3819	48.5951
Packet Send:	3820	48.6047
Packet Send:	3821	48.6048
Packet Send:	3822	48.6049
Packet Send:	3823	48.6153
Packet Send:	3824	48.617
Packet Send:	3825	48.669
Packet Send:	3826	48.6691
Packet Send:	3827	48.6692
Packet Send:	3828	48.7154
Packet Send:	3829	48.7155
Packet Send:	3830	48.7156
Packet Send:	3831	48.7157
Packet Send:	3832	48.7158
Packet Send:	3833	48.7159
Packet Send:	3834	48.716
Packet Send:	3835	48.8225
Packet Send:	3836	48.8226
Packet Send:	3837	48.8227
Packet Send:	3838	48.8228
Packet Send:	3839	48.8258
Packet Send:	3840	48.8259
Packet Send:	3841	48.826
Packet Send:	3842	48.8261
Packet Send:	3843	48.8762
Packet Send:	3844	48.8763
Packet Send:	3845	48.8764
Packet Send:	3846	48.8812
Packet Send:	3847	48.9347
Packet Send:	3848	48.9348
Packet Send:	3849	48.938
Packet Send:	3850	48.9381
Packet Send:	3851	48.9382
Packet Send:	3852	48.9833
Packet Send:	3853	48.9834
Packet Send:	3854	48.9835
Packet Send:	3855	48.9883
Packet Send:	3856	48.9884
Packet Send:	3857	49.0434
Packet Send:	3858	49.0435
Packet Send:	3859	49.0436
Packet Send:	3860	49.0437
Packet Send:	3861	49.0438
Packet Send:	3862	49.092
Packet Send:	3863	49.0921
Packet Send:	3864	49.0954
Packet Send:	3865	49.0955
Packet Send:	3866	49.0956
Packet Send:	3867	49.0957
Packet Send:	3868	49.1004
Packet Send:	3869	49.1005
Packet Send:	3870	49.1572
Packet Send:	3871	49.1573
Packet Send:	3872	49.1574
Packet Send:	3873	49.2061
Packet Send:	3874	49.2062
Packet Send:	3875	49.2063
Packet Send:	3876	49.2064
Packet Send:	3877	49.2065
Packet Send:	3878	49.2066
Packet Send:	3879	49.2608
Packet Send:	3880	49.2609
Packet Send:	3881	49.261
Packet Send:	3882	49.3131
Packet Send:	3883	49.3132
Packet Send:	3884	49.3133
Packet Send:	3885	49.3134
Packet Send:	3886	49.3669
Packet Send:	3887	49.367
Packet Send:	3888	49.3671
Packet Send:	3889	49.3672
Packet Send:	3890	49.4203
Packet Send:	3891	49.4204
Packet Send:	3892	49.4205
Packet Send:	3893	49.4235
Packet Send:	3894	49.4236
Packet Send:	3895	49.4237
Packet Send:	3896	49.4774
Packet Send:	3897	49.4775
Packet Send:	3898	49.4776
Packet Send:	3899	49.4777
Packet Send:	3900	49.4807
Packet Send:	3901	49.5344
Packet Send:	3902	49.5345
Packet Send:	3903	49.5346
Packet Send:	3904	49.5347
Packet Send:	3905	49.5348
Packet Send:	3906	49.5349
Packet Send:	3907	49.638
Packet Send:	3908	49.6381
Packet Send:	3909	49.6382
Packet Send:	3910	49.641
Packet Send:	3911	49.6411
Packet Send:	3912	49.6414
Packet Send:	3913	49.6949
Packet Send:	3914	49.6952
Packet Send:	3915	49.6953
Packet Send:	3916	49.6954
Packet Send:	3917	49.7503
Packet Send:	3918	49.7504
Packet Send:	3919	49.7505
Packet Send:	3920	49.7506
Packet Send:	3921	49.7535
Packet Send:	3922	49.7536
Packet Send:	3923	49.7537
Packet Send:	3924	49.7538
Packet Send:	3925	49.8557
Packet Send:	3926	49.8558
Packet Send:	3927	49.8559
Packet Send:	3928	49.8626
Packet Send:	3929	49.8627
Packet Send:	3930	49.8628
Packet Send:	3931	49.8658
Packet Send:	3932	49.8659
Packet Send:	3933	49.866
Packet Send:	3934	49.8661
Packet Send:	3935	49.8825
Packet Send:	3936	49.8842
Packet Send:	3937	49.8859
Packet Send:	3938	49.9713
Packet Send:	3939	49.9714
Packet Send:	3940	49.9781
Packet Send:	3941	49.9782
Packet Send:	3942	49.9783
Packet Send:	3943	49.9784
Packet Send:	3944	49.9785
Packet Send:	3945	49.9931
Packet Send:	3946	49.9932
Packet Send:	3947	49.9933
Packet Send:	3948	50.087
Packet Send:	3949	50.0871
Packet Send:	3950	50.0872
Packet Send:	3951	50.0873
Packet Send:	3952	50.0919
Packet Send:	3953	50.092
Packet Send:	3954	50.0921
Packet Send:	3955	50.1018
Packet Send:	3956	50.1019
Packet Send:	3957	50.1536
Packet Send:	3958	50.1537
Packet Send:	3959	50.1538
Packet Send:	3960	50.1991
Packet Send:	3961	50.1992
Packet Send:	3962	50.1993
Packet Send:	3963	50.1994
Packet Send:	3964	50.2105
Packet Send:	3965	50.2106
Packet Send:	3966	50.2107
Packet Send:	3967	50.3079
Packet Send:	3968	50.3081
Packet Send:	3969	50.3082
Packet Send:	3970	50.3083
Packet Send:	3971	50.3084
Packet Send:	3972	50.3355
Packet Send:	3973	50.3356
Packet Send:	3974	50.3357
Packet Send:	3975	50.3397
Packet Send:	3976	50.3398
Packet Send:	3977	50.4682
Packet Send:	3978	50.4687
Packet Send:	3979	50.4688
Packet Send:	3980	50.4689
Packet Send:	3981	50.469
Packet Send:	3982	50.496
Packet Send:	3983	50.4961
Packet Send:	3984	50.4962
Packet Send:	3985	50.5001
Packet Send:	3986	50.5002
Packet Send:	3987	50.6285
Packet Send:	3988	50.6293
Packet Send:	3989	50.6294
Packet Send:	3990	50.6295
Packet Send:	3991	50.6296
Packet Send:	3992	50.6565
Packet Send:	3993	50.6566
Packet Send:	3994	50.6567
Packet Send:	3995	50.6605
Packet Send:	3996	50.6606
Packet Send:	3997	50.7888
Packet Send:	3998	50.7899
Packet Send:	3999	50.79
Packet Send:	4000	50.7901
Packet Send:	4001	50.7902
Packet Send:	4002	50.817
Packet Send:	4003	50.8171
Packet Send:	4004	50.8172
Packet Send:	4005	50.8209
Packet Send:	4006	50.821
Packet Send:	4007	50.9491
Packet Send:	4008	50.9505
Packet Send:	4009	50.9506
Packet Send:	4010	50.9507
Packet Send:	4011	50.9508
Packet Send:	4012	50.9775
Packet Send:	4013	50.9776
Packet Send:	4014	50.9777
Packet Send:	4015	50.9813
Packet Send:	4016	50.9814
Packet Send:	4017	51.1094
Packet Send:	4018	51.1097
Packet Send:	4019	51.1098
Packet Send:	4020	51.1099
Packet Send:	4021	51.11
Packet Send:	4022	51.1101
Packet Send:	4023	51.1102
Packet Send:	4024	51.1103
Packet Send:	4025	51.1162
Packet Send:	4026	51.1163
Packet Send:	4027	51.1362
Packet Send:	4028	51.2216
Packet Send:	4029	51.2217
Packet Send:	4030	51.2218
Packet Send:	4031	51.2219
Packet Send:	4032	51.222
Packet Send:	4033	51.2283
Packet Send:	4034	51.2284
Packet Send:	4035	51.2285
Packet Send:	4036	51.2433
Packet Send:	4037	51.2434
Packet Send:	4038	51.2484
Packet Send:	4039	51.282
Packet Send:	4040	51.3355
Packet Send:	4041	51.3356
Packet Send:	4042	51.3357
Packet Send:	4043	51.3358
Packet Send:	4044	51.3359
Packet Send:	4045	51.3503
Packet Send:	4046	51.3504
Packet Send:	4047	51.389
Packet Send:	4048	51.3891
Packet Send:	4049	51.3892
Packet Send:	4050	51.3893
Packet Send:	4051	51.3894
Packet Send:	4052	51.4476
Packet Send:	4053	51.4477
Packet Send:	4054	51.4573
Packet Send:	4055	51.4574
Packet Send:	4056	51.4995
Packet Send:	4057	51.4996
Packet Send:	4058	51.4997
Packet Send:	4059	51.4998
Packet Send:	4060	51.5497
Packet Send:	4061	51.5498
Packet Send:	4062	51.5563
Packet Send:	4063	51.5564
Packet Send:	4064	51.6066
Packet Send:	4065	51.6067
Packet Send:	4066	51.6068
Packet Send:	4067	51.6117
Packet Send:	4068	51.6118
Packet Send:	4069	51.6119
Packet Send:	4070	51.612
Packet Send:	4071	51.6121
Packet Send:	4072	51.6122
Packet Send:	4073	51.6619
Packet Send:	4074	51.6636
Packet Send:	4075	51.6637
Packet Send:	4076	51.6638
Packet Send:	4077	51.6639
Packet Send:	4078	51.7721
Packet Send:	4079	51.7723
Packet Send:	4080	51.7727
Packet Send:	4081	51.7728
Packet Send:	4082	51.7729
Packet Send:	4083	51.773
Packet Send:	4084	51.7731
Packet Send:	4085	51.7732
Packet Send:	4086	51.7733
Packet Send:	4087	51.7734
Packet Send:	4088	51.8274
Packet Send:	4089	51.8275
Packet Send:	4090	51.886
Packet Send:	4091	51.8861
Packet Send:	4092	51.8862
Packet Send:	4093	51.9337
Packet Send:	4094	51.9338
Packet Send:	4095	51.9339
Packet Send:	4096	51.934
Packet Send:	4097	51.9341
Packet Send:	4098	51.9343
Packet Send:	4099	51.9878
Packet Send:	4100	51.9879
Packet Send:	4101	52.0408
Packet Send:	4102	52.0409
Packet Send:	4103	52.041
Packet Send:	4104	52.0411
Packet Send:	4105	52.0412
Packet Send:	4106	52.0425
Packet Send:	4107	52.0944
Packet Send:	4108	52.0945
Packet Send:	4109	52.0946
Packet Send:	4110	52.0947
Packet Send:	4111	52.0948
Packet Send:	4112	52.1512
Packet Send:	4113	52.1513
Packet Send:	4114	52.1514
Packet Send:	4115	52.1515
Packet Send:	4116	52.2014
Packet Send:	4117	52.2015
Packet Send:	4118	52.2048
Packet Send:	4119	52.2049
Packet Send:	4120	52.205
Packet Send:	4121	52.2051
Packet Send:	4122	52.2599
Packet Send:	4123	52.26
Packet Send:	4124	52.2601
Packet Send:	4125	52.3118
Packet Send:	4126	52.3119
Packet Send:	4127	52.312
Packet Send:	4128	52.3651
Packet Send:	4129	52.3654
Packet Send:	4130	52.3655
Packet Send:	4131	52.3656
Packet Send:	4132	52.3657
Packet Send:	4133	52.419
Packet Send:	4134	52.4191
Packet Send:	4135	52.4192
Packet Send:	4136	52.4193
Packet Send:	4137	52.4721
Packet Send:	4138	52.4722
Packet Send:	4139	52.4723
Packet Send:	4140	52.4724
Packet Send:	4141	52.5259
Packet Send:	4142	52.526
Packet Send:	4143	52.5277
Packet Send:	4144	52.5278
Packet Send:	4145	52.5279
Packet Send:	4146	52.5791
Packet Send:	4147	52.5792
Packet Send:	4148	52.5793
Packet Send:	4149	52.5794
Packet Send:	4150	52.5795
Packet Send:	4151	52.6346
Packet Send:	4152	52.6347
Packet Send:	4153	52.638
Packet Send:	4154	52.6381
Packet Send:	4155	52.6382
Packet Send:	4156	52.6383
Packet Send:	4157	52.6384
Packet Send:	4158	52.6912
Packet Send:	4159	52.6913
Packet Send:	4160	52.7398
Packet Send:	4161	52.7467
Packet Send:	4162	52.7469
Packet Send:	4163	52.747
Packet Send:	4164	52.7471
Packet Send:	4165	52.7472
Packet Send:	4166	52.7983
Packet Send:	4167	52.7984
Packet Send:	4168	52.7985
Packet Send:	4169	52.8516
Packet Send:	4170	52.8537
Packet Send:	4171	52.8538
Packet Send:	4172	52.8588
Packet Send:	4173	52.8589
Packet Send:	4174	52.859
Packet Send:	4175	52.8591
Packet Send:	4176	52.8592
Packet Send:	4177	52.9053
Packet Send:	4178	52.9588
Packet Send:	4179	52.9589
Packet Send:	4180	52.959
Packet Send:	4181	52.9591
Packet Send:	4182	52.9693
Packet Send:	4183	52.9694
Packet Send:	4184	52.9695
Packet Send:	4185	53.0195
Packet Send:	4186	53.0196
Packet Send:	4187	53.0656
Packet Send:	4188	53.0657
Packet Send:	4189	53.0798
Packet Send:	4190	53.0799
Packet Send:	4191	53.08
Packet Send:	4192	53.0802
Packet Send:	4193	53.0803
Packet Send:	4194	53.0804
Packet Send:	4195	53.0805
Packet Send:	4196	53.1799
Packet Send:	4197	53.1885
Packet Send:	4198	53.1886
Packet Send:	4199	53.1887
Packet Send:	4200	53.1888
Packet Send:	4201	53.1889
Packet Send:	4202	53.189
Packet Send:	4203	53.1891
Packet Send:	4204	53.1892
Packet Send:	4205	53.2408
Packet Send:	4206	53.2955
Packet Send:	4207	53.2956
Packet Send:	4208	53.2957
Packet Send:	4209	53.2958
Packet Send:	4210	53.2959
Packet Send:	4211	53.296
Packet Send:	4212	53.2961
Packet Send:	4213	53.2962
Packet Send:	4214	53.2963
Packet Send:	4215	53.2964
Packet Send:	4216	53.3542
Packet Send:	4217	53.4078
Packet Send:	4218	53.4079
Packet Send:	4219	53.408
Packet Send:	4220	53.4081
Packet Send:	4221	53.4127
Packet Send:	4222	53.4128
Packet Send:	4223	53.4129
Packet Send:	4224	53.413
Packet Send:	4225	53.4131
Packet Send:	4226	53.4611
Packet Send:	4227	53.5219
Packet Send:	4228	53.522
Packet Send:	4229	53.5221
Packet Send:	4230	53.5222
Packet Send:	4231	53.5223
Packet Send:	4232	53.5224
Packet Send:	4233	53.5734
Packet Send:	4234	53.5735
Packet Send:	4235	53.5736
Packet Send:	4236	53.6214
Packet Send:	4237	53.6827
Packet Send:	4238	53.6828
Packet Send:	4239	53.6829
Packet Send:	4240	53.683
Packet Send:	4241	53.6831
Packet Send:	4242	53.6832
Packet Send:	4243	53.6942
Packet Send:	4244	53.7338
Packet Send:	4245	53.7339
Packet Send:	4246	53.7817
Packet Send:	4247	53.8435
Packet Send:	4248	53.8436
Packet Send:	4249	53.8437
Packet Send:	4250	53.8438
Packet Send:	4251	53.8439
Packet Send:	4252	53.844
Packet Send:	4253	53.8545
Packet Send:	4254	53.8942
Packet Send:	4255	53.8943
Packet Send:	4256	53.942
Packet Send:	4257	54.0043
Packet Send:	4258	54.0044
Packet Send:	4259	54.0045
Packet Send:	4260	54.0046
Packet Send:	4261	54.0047
Packet Send:	4262	54.0048
Packet Send:	4263	54.0148
Packet Send:	4264	54.0546
Packet Send:	4265	54.0547
Packet Send:	4266	54.1023
Packet Send:	4267	54.1651
Packet Send:	4268	54.1652
Packet Send:	4269	54.1653
Packet Send:	4270	54.1654
Packet Send:	4271	54.1655
Packet Send:	4272	54.1656
Packet Send:	4273	54.1751
Packet Send:	4274	54.215
Packet Send:	4275	54.2151
Packet Send:	4276	54.2626
Packet Send:	4277	54.3143
Packet Send:	4278	54.3255
Packet Send:	4279	54.3256
Packet Send:	4280	54.3257
Packet Send:	4281	54.3258
Packet Send:	4282	54.3259
Packet Send:	4283	54.3354
Packet Send:	4284	54.3754
Packet Send:	4285	54.3755
Packet Send:	4286	54.3756
Packet Send:	4287	54.3842
Packet Send:	4288	54.3859
Packet Send:	4289	54.4379
Packet Send:	4290	54.438
Packet Send:	4291	54.4381
Packet Send:	4292	54.4859
Packet Send:	4293	54.4861
Packet Send:	4294	54.4862
Packet Send:	4295	54.4863
Packet Send:	4296	54.4864
Packet Send:	4297	54.5445
Packet Send:	4298	54.5462
Packet Send:	4299	54.5463
Packet Send:	4300	54.5464
Packet Send:	4301	54.5465
Packet Send:	4302	54.5466
Packet Send:	4303	54.5999
Packet Send:	4304	54.6
Packet Send:	4305	54.6001
Packet Send:	4306	54.6002
Packet Send:	4307	54.6003
Packet Send:	4308	54.6004
Packet Send:	4309	54.7067
Packet Send:	4310	54.7068
Packet Send:	4311	54.7069
Packet Send:	4312	54.707
Packet Send:	4313	54.7603
Packet Send:	4314	54.7604
Packet Send:	4315	54.7606
Packet Send:	4316	54.7607
Packet Send:	4317	54.7608
Packet Send:	4318	54.7609
Packet Send:	4319	54.8154
Packet Send:	4320	54.8155
Packet Send:	4321	54.8156
Packet Send:	4322	54.8673
Packet Send:	4323	54.869
Packet Send:	4324	54.8691
Packet Send:	4325	54.8692
Packet Send:	4326	54.8693
Packet Send:	4327	54.9212
Packet Send:	4328	54.9213
Packet Send:	4329	54.9259
Packet Send:	4330	54.926
Packet Send:	4331	54.9261
Packet Send:	4332	54.9262
Packet Send:	4333	54.9263
Packet Send:	4334	54.9794
Packet Send:	4335	54.9795
Packet Send:	4336	54.9796
Packet Send:	4337	54.9797
Packet Send:	4338	55.0329
Packet Send:	4339	55.033
Packet Send:	4340	55.0398
Packet Send:	4341	55.0399
Packet Send:	4342	55.04
Packet Send:	4343	55.0401
Packet Send:	4344	55.0899
Packet Send:	4345	55.09
Packet Send:	4346	55.0901
Packet Send:	4347	55.0902
Packet Send:	4348	55.1469
Packet Send:	4349	55.147
Packet Send:	4350	55.1471
Packet Send:	4351	55.1472
Packet Send:	4352	55.1473
Packet Send:	4353	55.1474
Packet Send:	4354	55.1968
Packet Send:	4355	55.2505
Packet Send:	4356	55.2506
Packet Send:	4357	55.2507
Packet Send:	4358	55.2556
Packet Send:	4359	55.2557
Packet Send:	4360	55.2558
Packet Send:	4361	55.2559
Packet Send:	4362	55.2574
Packet Send:	4363	55.3077
Packet Send:	4364	55.3571
Packet Send:	4365	55.3572
Packet Send:	4366	55.3609
Packet Send:	4367	55.361
Packet Send:	4368	55.3611
Packet Send:	4369	55.3612
Packet Send:	4370	55.3696
Packet Send:	4371	55.3697
Packet Send:	4372	55.3698
Packet Send:	4373	55.4146
Packet Send:	4374	55.4179
Packet Send:	4375	55.4196
Packet Send:	4376	55.4213
Packet Send:	4377	55.4716
Packet Send:	4378	55.4717
Packet Send:	4379	55.5218
Packet Send:	4380	55.5219
Packet Send:	4381	55.522
Packet Send:	4382	55.5221
Packet Send:	4383	55.5222
Packet Send:	4384	55.5782
Packet Send:	4385	55.5786
Packet Send:	4386	55.5787
Packet Send:	4387	55.5788
Packet Send:	4388	55.5789
Packet Send:	4389	55.6305
Packet Send:	4390	55.6306
Packet Send:	4391	55.6307
Packet Send:	4392	55.6308
Packet Send:	4393	55.6825
Packet Send:	4394	55.6905
Packet Send:	4395	55.6906
Packet Send:	4396	55.6907
Packet Send:	4397	55.6908
Packet Send:	4398	55.6909
Packet Send:	4399	55.691
Packet Send:	4400	55.7427
Packet Send:	4401	55.7428
Packet Send:	4402	55.7429
Packet Send:	4403	55.7509
Packet Send:	4404	55.7526
Packet Send:	4405	55.7543
Packet Send:	4406	55.8047
Packet Send:	4407	55.8048
Packet Send:	4408	55.8049
Packet Send:	4409	55.805
Packet Send:	4410	55.8051
Packet Send:	4411	55.8052
Packet Send:	4412	55.8498
Packet Send:	4413	55.8578
Packet Send:	4414	55.9118
Packet Send:	4415	55.9119
Packet Send:	4416	55.912
Packet Send:	4417	55.9121
Packet Send:	4418	55.9122
Packet Send:	4419	55.9123
Packet Send:	4420	55.9569
Packet Send:	4421	55.957
Packet Send:	4422	55.9571
Packet Send:	4423	55.9647
Packet Send:	4424	55.9688
Packet Send:	4425	55.9705
Packet Send:	4426	55.9706
Packet Send:	4427	55.9707
Packet Send:	4428	56.0638
Packet Send:	4429	56.0639
Packet Send:	4430	56.064
Packet Send:	4431	56.0672
Packet Send:	4432	56.0673
Packet Send:	4433	56.0674
Packet Send:	4434	56.081
Packet Send:	4435	56.0811
Packet Send:	4436	56.0812
Packet Send:	4437	56.0813
Packet Send:	4438	56.1778
Packet Send:	4439	56.1779
Packet Send:	4440	56.178
Packet Send:	4441	56.1781
Packet Send:	4442	56.1782
Packet Send:	4443	56.1783
Packet Send:	4444	56.1897
Packet Send:	4445	56.1898
Packet Send:	4446	56.2416
Packet Send:	4447	56.2417
Packet Send:	4448	56.2985
Packet Send:	4449	56.2986
Packet Send:	4450	56.2987
Packet Send:	4451	56.2989
Packet Send:	4452	56.299
Packet Send:	4453	56.2991
Packet Send:	4454	56.2992
Packet Send:	4455	56.2993
Packet Send:	4456	56.3503
Packet Send:	4457	56.3504
Packet Send:	4458	56.3505
Packet Send:	4459	56.4089
Packet Send:	4460	56.409
Packet Send:	4461	56.4091
Packet Send:	4462	56.4092
Packet Send:	4463	56.4576
Packet Send:	4464	56.4577
Packet Send:	4465	56.4578
Packet Send:	4466	56.4579
Packet Send:	4467	56.5107
Packet Send:	4468	56.5108
Packet Send:	4469	56.5109
Packet Send:	4470	56.511
Packet Send:	4471	56.5111
Packet Send:	4472	56.5663
Packet Send:	4473	56.5664
Packet Send:	4474	56.5665
Packet Send:	4475	56.5666
Packet Send:	4476	56.6182
Packet Send:	4477	56.6183
Packet Send:	4478	56.623
Packet Send:	4479	56.6231
Packet Send:	4480	56.6232
Packet Send:	4481	56.6233
Packet Send:	4482	56.6768
Packet Send:	4483	56.6769
Packet Send:	4484	56.677
Packet Send:	4485	56.6771
Packet Send:	4486	56.6772
Packet Send:	4487	56.73
Packet Send:	4488	56.7301
Packet Send:	4489	56.7302
Packet Send:	4490	56.7836
Packet Send:	4491	56.7837
Packet Send:	4492	56.7907
Packet Send:	4493	56.7908
Packet Send:	4494	56.7909
Packet Send:	4495	56.791
Packet Send:	4496	56.7911
Packet Send:	4497	56.7912
Packet Send:	4498	56.7913
Packet Send:	4499	56.7914
Packet Send:	4500	56.8104
Packet Send:	4501	56.8121
Packet Send:	4502	56.8752
Packet Send:	4503	56.8753
Packet Send:	4504	56.9028
Packet Send:	4505	56.9029
Packet Send:	4506	56.9062
Packet Send:	4507	56.9063
Packet Send:	4508	56.9517
Packet Send:	4509	56.9518
Packet Send:	4510	56.9707
Packet Send:	4511	56.9724
Packet Send:	4512	57.0025
Packet Send:	4513	57.0042
Packet Send:	4514	57.0632
Packet Send:	4515	57.0633
Packet Send:	4516	57.0666
Packet Send:	4517	57.0667
Packet Send:	4518	57.1121
Packet Send:	4519	57.1122
Packet Send:	4520	57.131
Packet Send:	4521	57.1327
Packet Send:	4522	57.1628
Packet Send:	4523	57.1645
Packet Send:	4524	57.2236
Packet Send:	4525	57.2237
Packet Send:	4526	57.227
Packet Send:	4527	57.2271
Packet Send:	4528	57.2725
Packet Send:	4529	57.2726
Packet Send:	4530	57.2913
Packet Send:	4531	57.293
Packet Send:	4532	57.3231
Packet Send:	4533	57.3248
Packet Send:	4534	57.384
Packet Send:	4535	57.3841
Packet Send:	4536	57.3874
Packet Send:	4537	57.3875
Packet Send:	4538	57.4329
Packet Send:	4539	57.433
Packet Send:	4540	57.4516
Packet Send:	4541	57.4533
Packet Send:	4542	57.4834
Packet Send:	4543	57.4851
Packet Send:	4544	57.5444
Packet Send:	4545	57.5445
Packet Send:	4546	57.5478
Packet Send:	4547	57.5479
Packet Send:	4548	57.5933
Packet Send:	4549	57.5934
Packet Send:	4550	57.6119
Packet Send:	4551	57.612
Packet Send:	4552	57.6121
Packet Send:	4553	57.6454
Packet Send:	4554	57.651
Packet Send:	4555	57.6527
Packet Send:	4556	57.6528
Packet Send:	4557	57.7082
Packet Send:	4558	57.7128
Packet Send:	4559	57.7129
Packet Send:	4560	57.713
Packet Send:	4561	57.7131
Packet Send:	4562	57.7724
Packet Send:	4563	57.7725
Packet Send:	4564	57.8113
Packet Send:	4565	57.8131
Packet Send:	4566	57.8132
Packet Send:	4567	57.8133
Packet Send:	4568	57.8134
Packet Send:	4569	57.8135
Packet Send:	4570	57.8734
Packet Send:	4571	57.8735
Packet Send:	4572	57.8811
Packet Send:	4573	57.8812
Packet Send:	4574	57.9182
Packet Send:	4575	57.92
Packet Send:	4576	57.9735
Packet Send:	4577	57.9738
Packet Send:	4578	57.9739
Packet Send:	4579	57.974
Packet Send:	4580	57.9741
Packet Send:	4581	57.9742
Packet Send:	4582	57.9743
Packet Send:	4583	57.9744
Packet Send:	4584	58.0785
Packet Send:	4585	58.0786
Packet Send:	4586	58.0787
Packet Send:	4587	58.0788
Packet Send:	4588	58.0856
Packet Send:	4589	58.0857
Packet Send:	4590	58.0858
Packet Send:	4591	58.1347
Packet Send:	4592	58.1348
Packet Send:	4593	58.1349
Packet Send:	4594	58.135
Packet Send:	4595	58.1906
Packet Send:	4596	58.1907
Packet Send:	4597	58.1908
Packet Send:	4598	58.1909
Packet Send:	4599	58.191
Packet Send:	4600	58.2453
Packet Send:	4601	58.2454
Packet Send:	4602	58.2455
Packet Send:	4603	58.2456
Packet Send:	4604	58.2953
Packet Send:	4605	58.3046
Packet Send:	4606	58.3047
Packet Send:	4607	58.3048
Packet Send:	4608	58.3049
Packet Send:	4609	58.305
Packet Send:	4610	58.3051
Packet Send:	4611	58.3557
Packet Send:	4612	58.3558
Packet Send:	4613	58.3559
Packet Send:	4614	58.356
Packet Send:	4615	58.4115
Packet Send:	4616	58.4653
Packet Send:	4617	58.4654
Packet Send:	4618	58.4655
Packet Send:	4619	58.4656
Packet Send:	4620	58.4657
Packet Send:	4621	58.4661
Packet Send:	4622	58.4662
Packet Send:	4623	58.4663
Packet Send:	4624	58.4664
Packet Send:	4625	58.5718
Packet Send:	4626	58.5776
Packet Send:	4627	58.5777
Packet Send:	4628	58.5778
Packet Send:	4629	58.5779
Packet Send:	4630	58.578
Packet Send:	4631	58.5781
Packet Send:	4632	58.5782
Packet Send:	4633	58.5783
Packet Send:	4634	58.6267
Packet Send:	4635	58.6363
Packet Send:	4636	58.69
Packet Send:	4637	58.6901
Packet Send:	4638	58.6902
Packet Send:	4639	58.6903
Packet Send:	4640	58.7337
Packet Send:	4641	58.7338
Packet Send:	4642	58.7339
Packet Send:	4643	58.734
Packet Send:	4644	58.7341
Packet Send:	4645	58.7966
Packet Send:	4646	58.7967
Packet Send:	4647	58.8446
Packet Send:	4648	58.8447
Packet Send:	4649	58.8448
Packet Send:	4650	58.8449
Packet Send:	4651	58.845
Packet Send:	4652	58.8451
Packet Send:	4653	58.8944
Packet Send:	4654	58.8945
Packet Send:	4655	58.9517
Packet Send:	4656	58.9518
Packet Send:	4657	58.9519
Packet Send:	4658	58.952
Packet Send:	4659	58.9567
Packet Send:	4660	58.9568
Packet Send:	4661	58.9601
Packet Send:	4662	58.9602
Packet Send:	4663	59.0013
Packet Send:	4664	59.003
Packet Send:	4665	59.0549
Packet Send:	4666	59.1085
Packet Send:	4667	59.1087
Packet Send:	4668	59.109
Packet Send:	4669	59.1091
Packet Send:	4670	59.1092
Packet Send:	4671	59.1093
Packet Send:	4672	59.1094
Packet Send:	4673	59.1095
Packet Send:	4674	59.1619
Packet Send:	4675	59.162
Packet Send:	4676	59.1689
Packet Send:	4677	59.2226
Packet Send:	4678	59.2227
Packet Send:	4679	59.2228
Packet Send:	4680	59.2229
Packet Send:	4681	59.2257
Packet Send:	4682	59.2258
Packet Send:	4683	59.2259
Packet Send:	4684	59.226
Packet Send:	4685	59.2261
Packet Send:	4686	59.2262
Packet Send:	4687	59.2494
Packet Send:	4688	59.2796
Packet Send:	4689	59.2797
Packet Send:	4690	59.3364
Packet Send:	4691	59.3365
Packet Send:	4692	59.3366
Packet Send:	4693	59.3863
Packet Send:	4694	59.3866
Packet Send:	4695	59.3867
Packet Send:	4696	59.3868
Packet Send:	4697	59.3869
Packet Send:	4698	59.387
Packet Send:	4699	59.3871
Packet Send:	4700	59.4469
Packet Send:	4701	59.447
Packet Send:	4702	59.4471
Packet Send:	4703	59.5038
Packet Send:	4704	59.504
Packet Send:	4705	59.5041
Packet Send:	4706	59.5042
Packet Send:	4707	59.5043
Packet Send:	4708	59.5044
Packet Send:	4709	59.5045
Packet Send:	4710	59.5046
Packet Send:	4711	59.5574
Packet Send:	4712	59.5575
Packet Send:	4713	59.5576
Packet Send:	4714	59.5577
Packet Send:	4715	59.5578
Packet Send:	4716	59.5579
Packet Send:	4717	59.6211
Packet Send:	4718	59.6212
Packet Send:	4719	59.6213
Packet Send:	4720	59.6214
Packet Send:	4721	59.6697
Packet Send:	4722	59.6698
Packet Send:	4723	59.6699
Packet Send:	4724	59.67
Packet Send:	4725	59.6701
Packet Send:	4726	59.6702
Packet Send:	4727	59.7332
Packet Send:	4728	59.7333
Packet Send:	4729	59.7334
Packet Send:	4730	59.7335
Packet Send:	4731	59.7336
Packet Send:	4732	59.7337
Packet Send:	4733	59.7338
Packet Send:	4734	59.7339
Packet Send:	4735	59.734
Packet Send:	4736	59.7341
Packet Send:	4737	59.7902
Packet Send:	4738	59.7919
Packet Send:	4739	59.792
Packet Send:	4740	59.8521
Packet Send:	4741	59.8523
Packet Send:	4742	59.8524
Packet Send:	4743	59.8525
Packet Send:	4744	59.8526
Packet Send:	4745	59.8527
Packet Send:	4746	59.8944
Packet Send:	4747	59.8945
Packet Send:	4748	59.9006
Packet Send:	4749	59.9007
Packet Send:	4750	59.9108
Packet Send:	4751	59.9125
Packet Send:	4752	59.9644
Packet Send:	4753	59.9645
